# file opened: Banco_de_pruebas.asm
   1  0000
   2  0000              	DEVICE ZXSPECTRUM48
   3  0000
   4  0000              	include "Macros_y_herramientas.asm"
# file opened: Macros_y_herramientas.asm
   1+ 0000              ;   ---------------------------------------------------------------------------------------
   2+ 0000
   3+ 0000              	macro Push_regs
   4+ 0000 ~
   5+ 0000 ~            	push ix
   6+ 0000 ~            	push iy
   7+ 0000 ~            	push af
   8+ 0000 ~            	push hl
   9+ 0000 ~            	push bc
  10+ 0000 ~            	push de
  11+ 0000 ~
  12+ 0000              	endm
  13+ 0000
  14+ 0000              ;   ---------------------------------------------------------------------------------------
  15+ 0000
  16+ 0000              	macro Pop_regs
  17+ 0000 ~
  18+ 0000 ~            	pop de
  19+ 0000 ~            	pop bc
  20+ 0000 ~            	pop hl
  21+ 0000 ~            	pop af
  22+ 0000 ~            	pop iy
  23+ 0000 ~            	pop ix
  24+ 0000 ~
  25+ 0000              	endm
  26+ 0000
  27+ 0000              ;   ---------------------------------------------------------------------------------------
  28+ 0000
  29+ 0000              	macro Delay
  30+ 0000 ~
  31+ 0000 ~            	ld bc,$1fff
  32+ 0000 ~            wait dec bc
  33+ 0000 ~            	ld a,b
  34+ 0000 ~            	and a
  35+ 0000 ~            	jr nz,wait
  36+ 0000 ~
  37+ 0000              	endm
  38+ 0000
  39+ 0000              ;   ---------------------------------------------------------------------------------------
  40+ 0000
  41+ 0000              	macro Pinta_frame_danza
  42+ 0000 ~
  43+ 0000 ~            	ld hl,(Album_de_pintado)
  44+ 0000 ~            	ld (Scanlines_album_SP),hl
  45+ 0000 ~            	ld de,(Puntero_objeto)
  46+ 0000 ~            	ex de,hl
  47+ 0000 ~            	call Pinta_Sprites
  48+ 0000 ~
  49+ 0000              	endm
  50+ 0000
  51+ 0000              ;   ---------------------------------------------------------------------------------------
  52+ 0000
  53+ 0000              	macro Depurador_de_danzas_v01
  54+ 0000 ~
  55+ 0000 ~            	Push_regs	;	--- macro ---
  56+ 0000 ~            	ld hl,(Album_de_pintado)
  57+ 0000 ~            	ld (Scanlines_album_SP),hl
  58+ 0000 ~            	ld ix,(Puntero_de_impresion)
  59+ 0000 ~            	ld de,(Puntero_objeto)
  60+ 0000 ~            	call Genera_datos_de_impresion
  61+ 0000 ~
  62+ 0000 ~            ;	INPUTS: IX contiene (Puntero_de_impresion)
  63+ 0000 ~            ;			IY contiene (Puntero_objeto)
  64+ 0000 ~
  65+ 0000 ~            	call Codifica_Puntero_de_impresion
  66+ 0000 ~            	push iy
  67+ 0000 ~            	pop hl
  68+ 0000 ~            	ld (Puntero_objeto),hl
  69+ 0000 ~            	ld a,(Attr)
  70+ 0000 ~            	ld c,a
  71+ 0000 ~            	ld a,(Columnas)
  72+ 0000 ~
  73+ 0000 ~            ; Pinta ------
  74+ 0000 ~
  75+ 0000 ~            	Pinta_frame_danza	;	--- macro ---
  76+ 0000 ~            	call Pulsa_ENTER
  77+ 0000 ~            	push bc
  78+ 0000 ~            	Delay	;	--- macro ---
  79+ 0000 ~            	pop bc
  80+ 0000 ~
  81+ 0000 ~            ; Borra ------
  82+ 0000 ~
  83+ 0000 ~            	Pinta_frame_danza	;	--- macro ---
  84+ 0000 ~            	Pop_regs	;	--- macro ---
  85+ 0000 ~
  86+ 0000              	endm
  87+ 0000
  88+ 0000              ;   ---------------------------------------------------------------------------------------
  89+ 0000
  90+ 0000              ; Rejilla, mapa de pantalla.
  91+ 0000
  92+ 0000              	macro Rejilla
  93+ 0000 ~
  94+ 0000 ~            ;	Líneas verticales.
  95+ 0000 ~
  96+ 0000 ~            	ld hl,Line_0			; Pos. inicial.     $4000
  97+ 0000 ~            	ld b,$20 				; Nº de columnas
  98+ 0000 ~
  99+ 0000 ~            2 push bc
 100+ 0000 ~            	push hl
 101+ 0000 ~
 102+ 0000 ~            	ld b,192 				; Nº de scanlines.
 103+ 0000 ~
 104+ 0000 ~            1 ld a,(hl)
 105+ 0000 ~            	xor 1
 106+ 0000 ~            	ld (hl),a				; Imprime línea vertical.
 107+ 0000 ~
 108+ 0000 ~            	call NextScan
 109+ 0000 ~            	djnz 1B
 110+ 0000 ~
 111+ 0000 ~            	pop hl
 112+ 0000 ~            	inc l 					; Next column.
 113+ 0000 ~
 114+ 0000 ~            	pop bc
 115+ 0000 ~            	djnz 2B
 116+ 0000 ~
 117+ 0000 ~            ;	Líneas horizontales.
 118+ 0000 ~
 119+ 0000 ~            	ld hl,$4700 			; Pos. inicial.     $4700
 120+ 0000 ~            	ld b,24 				; Nº de Filas.
 121+ 0000 ~
 122+ 0000 ~            3 push bc
 123+ 0000 ~            	push hl
 124+ 0000 ~
 125+ 0000 ~            	ld b,$20 				; Nº de columnas.
 126+ 0000 ~
 127+ 0000 ~            1 ld a,(hl)
 128+ 0000 ~            	xor 255
 129+ 0000 ~            	ld (hl),a				; Imprime línea horizontal.
 130+ 0000 ~
 131+ 0000 ~            	inc l
 132+ 0000 ~            	djnz 1B
 133+ 0000 ~
 134+ 0000 ~            	pop hl
 135+ 0000 ~
 136+ 0000 ~            	ld b,8
 137+ 0000 ~
 138+ 0000 ~            2 push bc
 139+ 0000 ~            	call NextScan 			; Next File.
 140+ 0000 ~            	pop bc
 141+ 0000 ~
 142+ 0000 ~            	djnz 2B
 143+ 0000 ~
 144+ 0000 ~            	pop bc
 145+ 0000 ~            	djnz 3B
 146+ 0000 ~
 147+ 0000              	endm
 148+ 0000
# file closed: Macros_y_herramientas.asm
   5  0000
   6  0000              ;	Reloj del juego. IM2 *******************************************************************************************************************************************************************
   7  0000              ;
   8  0000              ;	13/08/24
   9  0000              ;
  10  0000              ; 	Constantes de programa.
  11  0000              ;
  12  0000
  13  0000              ;	Filas de pantalla. 													; Utilizaremos estas constantes para colocar el texto en pantalla.
  14  0000
  15  0000              Line_0 equ $4000
  16  0000              Line_1 equ Line_0 + $20
  17  0000              Line_2 equ Line_1 + $20
  18  0000              Line_3 equ Line_2 + $20
  19  0000              Line_4 equ Line_3 + $20
  20  0000              Line_5 equ Line_4 + $20
  21  0000              Line_6 equ Line_5 + $20
  22  0000              Line_7 equ Line_6 + $20
  23  0000
  24  0000              Line_8 equ $4800
  25  0000              Line_9 equ Line_8 + $20
  26  0000              Line_10 equ Line_9 + $20
  27  0000              Line_11 equ Line_10 + $20
  28  0000              Line_12 equ Line_11 + $20
  29  0000              Line_13 equ Line_12 + $20
  30  0000              Line_14 equ Line_13 + $20
  31  0000              Line_15 equ Line_14 + $20
  32  0000
  33  0000              Line_16 equ $5000
  34  0000              Line_17 equ Line_16 + $20
  35  0000              Line_18 equ Line_17 + $20
  36  0000              Line_19 equ Line_18 + $20
  37  0000              Line_20 equ Line_19 + $20
  38  0000              Line_21 equ Line_20 + $20
  39  0000              Line_22 equ Line_21 + $20
  40  0000              Line_23 equ Line_22 + $20
  41  0000
  42  0000              Inicio_de_msg_de_nombre equ Line_20 + 14  								; En esta dirección de pantalla se imprime el 1er caracter del nombre.
  43  0000
  44  0000              ROM_ASCII equ $3c00 													; A esta dirección de memoria sumaremos el código ASCII correspondiente para situarnos en los 8 bytes que forman el char.
  45  0000              KEY_SCAN equ $028e
  46  0000
  47  0000              FRAMES equ $5c78														; Variable de 24 bits. Almacena el nº de cuadros, (frames) que llevamos construidos. Reloj en tiempo real.
  48  0000              FRAMES_3 equ $5c7a
  49  0000
  50  0000              Direccion_Logo_principal equ $4049
  51  0000              Sprite_vacio equ $82f0													; 48 Bytes de "0".
  52  0000
  53  0000              ;	Vidas y escudos:
  54  0000
  55  0000              Vida_1 equ $4001														; Dirección de pantalla donde se pintan los escudos.
  56  0000              Vida_2 equ $4003
  57  0000              Vida_3 equ $4006
  58  0000
  59  0000              Escudo_1 equ $4041														; Dirección de pantalla donde se pintan las vidas.
  60  0000              Escudo_2 equ $4043
  61  0000              Escudo_3 equ $4046
  62  0000
  63  0000              ;	Contador de entidades:
  64  0000
  65  0000              Decenas_cont_ent equ $400b
  66  0000
  67  0000              Decenas_cont_ent_1 equ Decenas_cont_ent + 256
  68  0000              Decenas_cont_ent_2 equ Decenas_cont_ent_1 + 256
  69  0000              Decenas_cont_ent_3 equ Decenas_cont_ent_2 + 256
  70  0000              Decenas_cont_ent_4 equ Decenas_cont_ent_3 + 256
  71  0000              Decenas_cont_ent_5 equ Decenas_cont_ent_4 + 256
  72  0000              Decenas_cont_ent_6 equ Decenas_cont_ent_5 + 256
  73  0000              Decenas_cont_ent_7 equ Decenas_cont_ent_6 + 256
  74  0000
  75  0000              Decenas_cont_ent_8 equ Decenas_cont_ent + 32
  76  0000
  77  0000              Decenas_cont_ent_9 equ Decenas_cont_ent_8 + 256
  78  0000              Decenas_cont_ent_10 equ Decenas_cont_ent_9 + 256
  79  0000              Decenas_cont_ent_11 equ Decenas_cont_ent_10 + 256
  80  0000              Decenas_cont_ent_12 equ Decenas_cont_ent_11 + 256
  81  0000              Decenas_cont_ent_13 equ Decenas_cont_ent_12 + 256
  82  0000              Decenas_cont_ent_14 equ Decenas_cont_ent_13 + 256
  83  0000              Decenas_cont_ent_15 equ Decenas_cont_ent_14 + 256
  84  0000
  85  0000              Decenas_cont_ent_16 equ Decenas_cont_ent_8 + 32
  86  0000
  87  0000              Decenas_cont_ent_17 equ Decenas_cont_ent_16 + 256
  88  0000              Decenas_cont_ent_18 equ Decenas_cont_ent_17 + 256
  89  0000              Decenas_cont_ent_19 equ Decenas_cont_ent_18 + 256
  90  0000              Decenas_cont_ent_20 equ Decenas_cont_ent_19 + 256
  91  0000              Decenas_cont_ent_21 equ Decenas_cont_ent_20 + 256
  92  0000              Decenas_cont_ent_22 equ Decenas_cont_ent_21 + 256
  93  0000              Decenas_cont_ent_23 equ Decenas_cont_ent_22 + 256
  94  0000
  95  0000              ; ----- ----- ----- ----- ----- ----- ----- -----
  96  0000
  97  0000              Unidades_cont_ent equ $400d									;$4010
  98  0000
  99  0000              Unidades_cont_ent_1 equ Unidades_cont_ent + 256
 100  0000              Unidades_cont_ent_2 equ Unidades_cont_ent_1 + 256
 101  0000              Unidades_cont_ent_3 equ Unidades_cont_ent_2 + 256
 102  0000              Unidades_cont_ent_4 equ Unidades_cont_ent_3 + 256
 103  0000              Unidades_cont_ent_5 equ Unidades_cont_ent_4 + 256
 104  0000              Unidades_cont_ent_6 equ Unidades_cont_ent_5 + 256
 105  0000              Unidades_cont_ent_7 equ Unidades_cont_ent_6 + 256
 106  0000
 107  0000              Unidades_cont_ent_8 equ Unidades_cont_ent + 32
 108  0000
 109  0000              Unidades_cont_ent_9 equ Unidades_cont_ent_8 + 256
 110  0000              Unidades_cont_ent_10 equ Unidades_cont_ent_9 + 256
 111  0000              Unidades_cont_ent_11 equ Unidades_cont_ent_10 + 256
 112  0000              Unidades_cont_ent_12 equ Unidades_cont_ent_11 + 256
 113  0000              Unidades_cont_ent_13 equ Unidades_cont_ent_12 + 256
 114  0000              Unidades_cont_ent_14 equ Unidades_cont_ent_13 + 256
 115  0000              Unidades_cont_ent_15 equ Unidades_cont_ent_14 + 256
 116  0000
 117  0000              Unidades_cont_ent_16 equ Unidades_cont_ent_8 + 32
 118  0000
 119  0000              Unidades_cont_ent_17 equ Unidades_cont_ent_16 + 256
 120  0000              Unidades_cont_ent_18 equ Unidades_cont_ent_17 + 256
 121  0000              Unidades_cont_ent_19 equ Unidades_cont_ent_18 + 256
 122  0000              Unidades_cont_ent_20 equ Unidades_cont_ent_19 + 256
 123  0000              Unidades_cont_ent_21 equ Unidades_cont_ent_20 + 256
 124  0000              Unidades_cont_ent_22 equ Unidades_cont_ent_21 + 256
 125  0000              Unidades_cont_ent_23 equ Unidades_cont_ent_22 + 256
 126  0000
 127  0000              ; ----- ----- ----- ----- ----- ----- ----- -----
 128  0000
 129  0000              ; SCORE:
 130  0000
 131  0000              ; Direcciones de memoria ROM. Datos que forman los dígitos decimales del Spectrum.
 132  0000
 133  0000              Cero_Score equ $3d80
 134  0000              Uno_Score equ $3d88
 135  0000              Dos_Score equ $3d90
 136  0000              Tres_Score equ $3d98
 137  0000              Cuatro_Score equ $3da0
 138  0000              Cinco_Score equ $3da8
 139  0000              Seis_Score equ $3db0
 140  0000              Siete_Score equ $3db8
 141  0000              Ocho_Score equ $3dc0
 142  0000              Nueve_Score equ $3dc8
 143  0000
 144  0000              Unidades_Score equ $4057												;$405e
 145  0000              Unidades_Score_1 equ Unidades_Score + 256
 146  0000              Unidades_Score_2 equ Unidades_Score_1 + 256
 147  0000              Unidades_Score_3 equ Unidades_Score_2 + 256
 148  0000              Unidades_Score_4 equ Unidades_Score_3 + 256
 149  0000              Unidades_Score_5 equ Unidades_Score_4 + 256
 150  0000              Unidades_Score_6 equ Unidades_Score_5 + 256
 151  0000              Unidades_Score_7 equ Unidades_Score_6 + 256
 152  0000
 153  0000              Decenas_Score equ Unidades_Score - 1
 154  0000              Decenas_Score_1 equ Decenas_Score + 256
 155  0000              Decenas_Score_2 equ Decenas_Score_1 + 256
 156  0000              Decenas_Score_3 equ Decenas_Score_2 + 256
 157  0000              Decenas_Score_4 equ Decenas_Score_3 + 256
 158  0000              Decenas_Score_5 equ Decenas_Score_4 + 256
 159  0000              Decenas_Score_6 equ Decenas_Score_5 + 256
 160  0000              Decenas_Score_7 equ Decenas_Score_6 + 256
 161  0000
 162  0000              Centenas_Score equ Decenas_Score - 1
 163  0000              Centenas_Score_1 equ Centenas_Score + 256
 164  0000              Centenas_Score_2 equ Centenas_Score_1 + 256
 165  0000              Centenas_Score_3 equ Centenas_Score_2 + 256
 166  0000              Centenas_Score_4 equ Centenas_Score_3 + 256
 167  0000              Centenas_Score_5 equ Centenas_Score_4 + 256
 168  0000              Centenas_Score_6 equ Centenas_Score_5 + 256
 169  0000              Centenas_Score_7 equ Centenas_Score_6 + 256
 170  0000
 171  0000              Unidades_de_millar_Score equ Centenas_Score - 1
 172  0000              Unidades_de_millar_Score_1 equ Unidades_de_millar_Score + 256
 173  0000              Unidades_de_millar_Score_2 equ Unidades_de_millar_Score_1 + 256
 174  0000              Unidades_de_millar_Score_3 equ Unidades_de_millar_Score_2 + 256
 175  0000              Unidades_de_millar_Score_4 equ Unidades_de_millar_Score_3 + 256
 176  0000              Unidades_de_millar_Score_5 equ Unidades_de_millar_Score_4 + 256
 177  0000              Unidades_de_millar_Score_6 equ Unidades_de_millar_Score_5 + 256
 178  0000              Unidades_de_millar_Score_7 equ Unidades_de_millar_Score_6 + 256
 179  0000
 180  0000              Decenas_de_millar_Score equ Unidades_de_millar_Score - 1
 181  0000              Decenas_de_millar_Score_1 equ Decenas_de_millar_Score + 256
 182  0000              Decenas_de_millar_Score_2 equ Decenas_de_millar_Score_1 + 256
 183  0000              Decenas_de_millar_Score_3 equ Decenas_de_millar_Score_2 + 256
 184  0000              Decenas_de_millar_Score_4 equ Decenas_de_millar_Score_3 + 256
 185  0000              Decenas_de_millar_Score_5 equ Decenas_de_millar_Score_4 + 256
 186  0000              Decenas_de_millar_Score_6 equ Decenas_de_millar_Score_5 + 256
 187  0000              Decenas_de_millar_Score_7 equ Decenas_de_millar_Score_6 + 256
 188  0000
 189  0000              ; ----- ----- ----- ----- ----- ----- ----- -----
 190  0000
 191  0000              Primer_scan_de_pantalla equ $4120										; Cuando (Puntero_de_impresion) se encuentra por debajo de esta dirección se generan "0" scanlines.
 192  0000              Primer_scan_Amadeus equ $50cf
 193  0000              Almacen_de_movimientos_masticados_Amadeus equ $c800 					; ($c800 - $c9e3), 483 bytes. $1e3. Movimientos masticados de Amadeus.
 194  0000
 195  0000              ; Scanlines_album.
 196  0000
 197  0000              ; 35 bytes por entidad, (7 entidades).
 198  0000
 199  0000              ; 1. 2 Bytes ..... .defw  Puntero_objeto, (mem. address donde se encuentran los .db que forman los distintos sprites).
 200  0000              ; 2. 1 Byte ..... .db  Indica el nº de scanlines que vamos a imprimir del sprite. Generalmente 16 scanlines.
 201  0000              ; El nº de scanlines será menor cuando estemos `desapareciendo? por la parte baja de la pantalla.
 202  0000              ; 3. 32 Bytes, (como máximo). Screen mem. address de cada uno de los scanlines que forman el sprite.
 203  0000
 204  0000              Scanlines_album equ $8000	                    ;	($8000 - $8118) 	; Inicialmente 280 bytes, $118.
 205  0000              Scanlines_album_2 equ $811a	                    ;   ($811a - $8232)
 206  0000
 207  0000              Amadeus_scanlines_album equ $8234	            ;	($8234 - $8256) 	; Inicialmente 34 bytes, $22.
 208  0000              Amadeus_scanlines_album_2 equ $8258	            ;	($8258 - $827a)
 209  0000
 210  0000              Amadeus_disparos_scanlines_album equ $827c	    ;	($827c - $8281) 	; 6 Bytes, (1 único disparo).
 211  0000              Amadeus_disparos_scanlines_album_2 equ $8282	;	($8284 - $8289)
 212  0000
 213  0000              Entidades_disparos_scanlines_album equ $8288	;	($8288 - $82b9)		; 49 bytes, (7 disparos, 7 bytes cada uno), $31.
 214  0000              Entidades_disparos_scanlines_album_2 equ $82bb	;	($82bb - $82ec)     Burst
 215  0000
 216  0000              ;	Atributos de la luna.
 217  0000
 218  0000              Attr_Moon_File4 equ $587a
 219  0000              Attr_Moon_File4_2 equ $587c
 220  0000              Attr_Moon_File4_3 equ $587e
 221  0000
 222  0000              Attr_Moon_File5 equ $589a
 223  0000              Attr_Moon_File5_2 equ $589c
 224  0000              Attr_Moon_File5_3 equ $589e
 225  0000
 226  0000              ;	Sound efects.
 227  0000
 228  0000              Laser_sound_init_value equ $00a0 				;	Valor inicial del efecto, (ascendente/descendente) de sonido del laser.
 229  0000              Construction_Amadeus_effect equ $d0				; 	Longitud del efecto de sonido "construcción de Amadeus".
 230  0000              Shield_sound_init_value equ $c0 				;	Valor del BEEP que construye SHIELD_sound_effect.
 231  0000              Burst_sound_init_value equ $35					;	Longitud de la explosión de las entidades, (duración).
 232  0000              Amadeus_Burst_sound_init_value equ $75			;	Longitud de la explosión de Amadeus, (duración).
 233  0000              Shot_sound_init_value equ $1601 				;	Valor inicial del efecto de disparo de Amadeus.
 234  0000
 235  0000              ;	Mensajes de texto.
 236  0000
 237  0000              Fila_msg_de_nivel equ Line_9 + 6				;	Los mensajes de nivel se imprimen en la fila 9, columna 6, (antes del centrado).
 238  0000
 239  0000              ;	Datos fijos de los álbumes de líneas de Amadeus:
 240  0000
 241  0000              	org Amadeus_scanlines_album
 242  8234
 243  8234 00 00 10     	db $00,$00,$10
 244  8237 00 50        	db $00,$50
 245  8239 00 51        	db $00,$51
 246  823B 00 52        	db $00,$52
 247  823D 00 53        	db $00,$53
 248  823F 00 54        	db $00,$54
 249  8241 00 55        	db $00,$55
 250  8243 00 56        	db $00,$56
 251  8245 00 57        	db $00,$57
 252  8247
 253  8247 00 50        	db $00,$50
 254  8249 00 51        	db $00,$51
 255  824B 00 52        	db $00,$52
 256  824D 00 53        	db $00,$53
 257  824F 00 54        	db $00,$54
 258  8251 00 55        	db $00,$55
 259  8253 00 56        	db $00,$56
 260  8255 00 57        	db $00,$57
 261  8257
 262  8257              	org Amadeus_scanlines_album_2
 263  8258
 264  8258 00 00 10     	db $00,$00,$10
 265  825B 00 50        	db $00,$50
 266  825D 00 51        	db $00,$51
 267  825F 00 52        	db $00,$52
 268  8261 00 53        	db $00,$53
 269  8263 00 54        	db $00,$54
 270  8265 00 55        	db $00,$55
 271  8267 00 56        	db $00,$56
 272  8269 00 57        	db $00,$57
 273  826B
 274  826B 00 50        	db $00,$50
 275  826D 00 51        	db $00,$51
 276  826F 00 52        	db $00,$52
 277  8271 00 53        	db $00,$53
 278  8273 00 54        	db $00,$54
 279  8275 00 55        	db $00,$55
 280  8277 00 56        	db $00,$56
 281  8279 00 57        	db $00,$57
 282  827B
 283  827B              ;	Reloj del juego. IM2 ---------------------------------------------------------------------------------------------------------------------------------------------------
 284  827B              ;
 285  827B              ;	13/08/24
 286  827B              ;
 287  827B              ;	Fija el vector de interrupciones, (IM2) en $feff.
 288  827B              ;	Se establece el CLOCK en $8310
 289  827B
 290  827B              	org $feff				      							; (Debajo de la pila).
 291  FEFF 10 83        	defw $8310												; Indica al vector de interrupciones, (IM2), $8310
 292  FF01
 293  FF01              ;	CLOCK_IM2
 294  FF01
 295  FF01              	org $8310
 296  8310
 297  8310 08           	ex af,af
 298  8311
 299  8311 3A 4F 94     	ld a,(Ctrl_6)
 300  8314 CB 5F        	bit 3,a
 301  8316 C0           	ret nz
 302  8317
 303  8317 08           	ex af,af
 304  8318
 305  8318 F5           	push af
 306  8319 E5           	push hl
 307  831A
 308  831A              ;	BC contiene el tiempo de un semiciclo, (tiempo que tiene que estar el beeper activado/desactivado antes de cambiar_
 309  831A              ;	_de estado).
 310  831A
 311  831A               ;	-------------------- STOP si no hemos terminado de construir el FRAME.
 312  831A
 313  831A 21 4C 94     	ld hl,Ctrl_3
 314  831D CB 46        	bit 0,(hl)
 315  831F 28 FE        	jr z,$
 316  8321
 317  8321              ;	--------------------
 318  8321
 319  8321              ; 	Disparos.
 320  8321
 321  8321 CD 3C B0     	call Pinta_disparos_Amadeus
 322  8324 CD DB AF     	call Pinta_disparos_Entidades
 323  8327
 324  8327              ;	Sprites.
 325  8327
 326  8327 CD 14 9B     	call Actualiza_pantalla
 327  832A
 328  832A              ; 	Actualiza marcadores.
 329  832A
 330  832A 21 E5 93     	ld hl,Ctrl_2
 331  832D CB 7E        	bit 7,(hl)
 332  832F C4 C2 AF     	call nz,Borra_escudo
 333  8332
 334  8332 21 4D 94     	ld hl,Ctrl_4
 335  8335 CB 76        	bit 6,(hl)
 336  8337 C4 90 AF     	call nz,Borra_vida
 337  833A
 338  833A CD 6F AE     	call Print_enemy_counter
 339  833D
 340  833D 3A AB 94     	ld a,(Score_Ctrl) 													;	Sólo se imprime el marcador Score cuando este se incrementa.
 341  8340 A7           	and a
 342  8341 C4 4B AD     	call nz, Print_Score_Counter
 343  8344
 344  8344              ; Actualiza variables Shield ----------------------- ----------------------- ------------------------
 345  8344
 346  8344              Temporizacion_shield
 347  8344
 348  8344 21 75 94     	ld hl,Shield
 349  8347 7E           	ld a,(hl)
 350  8348 A7           	and a
 351  8349 28 2B        	jr z,Incrementa_FRAMES												;	No hay escudo. Se agotó el tiempo Shield.
 352  834B
 353  834B 35           	dec (hl)															;	Decrementa tiempo Shield, (Shield).
 354  834C
 355  834C 23           	inc hl
 356  834D
 357  834D 35           	dec (hl)															;	Decrementa temporizador de estados, (Shield_2).
 358  834E 20 26        	jr nz,Incrementa_FRAMES
 359  8350
 360  8350
 361  8350              Cambio_de_estado      													; 	El temporizador de estados a llegado a "0". HL apunta a (Shield_2).
 362  8350
 363  8350              ;	Indica cambio de estado.
 364  8350
 365  8350 23           	inc hl																;	Sitúa en (Shield_3).
 366  8351 CB 5E        	bit 3,(hl)
 367  8353 28 14        	jr z,2F
 368  8355
 369  8355 CD F0 9A     	call Inicia_Shield
 370  8358
 371  8358 CD 75 C1     	call Play_Shield_sound_effect 										; v2. Ok.
 372  835B
 373  835B 3A 75 94     	ld a,(Shield)
 374  835E A7           	and a
 375  835F 20 15        	jr nz,Incrementa_FRAMES
 376  8361
 377  8361 21 00 00     	ld hl,0
 378  8364 22 78 94     	ld (Sound),hl
 379  8367
 380  8367 18 0D        	jr Incrementa_FRAMES
 381  8369
 382  8369 CB 06        2 rlc (hl)																; 	Sitúa en (Shield_3) y rotamos bit. (Indica cambio de comportamiento).
 383  836B
 384  836B 2A 73 94     	ld hl,(Puntero_datos_shield) 										;	Carga en (Shield_2) la siguiente temporización.
 385  836E 23           	inc hl
 386  836F 22 73 94     	ld (Puntero_datos_shield),hl
 387  8372 7E           	ld a,(hl)
 388  8373 32 76 94     	ld (Shield_2),a														;	Iniciamos (Shield_2) con la nueva temporización.
 389  8376
 390  8376              Incrementa_FRAMES
 391  8376
 392  8376 2A 78 5C     	ld hl,(FRAMES)
 393  8379 23           	inc hl
 394  837A 22 78 5C     	ld (FRAMES),hl
 395  837D
 396  837D 7C           	ld a,h
 397  837E B5           	or l
 398  837F 20 04        	jr nz,1F
 399  8381
 400  8381 21 7A 5C     	ld hl,FRAMES_3
 401  8384 34           	inc (hl)
 402  8385
 403  8385 D5           1 push de
 404  8386 C5           	push bc
 405  8387
 406  8387              ;	Sound efects
 407  8387
 408  8387 CD 40 C1     	call Play_burst_sound_effect                                  		; v2. Ok.
 409  838A CD 10 C1     	call Play_shot_sound_effect 										; v2. Ok.
 410  838D
 411  838D              ;	-------------------------------------------------------------
 412  838D              ;
 413  838D              ;	Repone_Attr_Moon
 414  838D              ;
 415  838D              ;	Repone los Attr. de la luna, de la zona de vidas y de Amadeus. antes de volcar pantalla, si una entidad sobrevuela sobre ella cambiaría su color.
 416  838D              ;
 417  838D              ;	MODIFY: HL.
 418  838D
 419  838D              ;	Moon.
 420  838D
 421  838D 21 47 47     	ld hl,$4747 														; BRIGHT 1, BLACK paper, WHITE ink
 422  8390
 423  8390 22 7A 58     	ld (Attr_Moon_File4),hl
 424  8393 22 7C 58     	ld (Attr_Moon_File4_2),hl
 425  8396 22 7E 58     	ld (Attr_Moon_File4_3),hl
 426  8399
 427  8399 22 9A 58     	ld (Attr_Moon_File5),hl
 428  839C 22 9C 58     	ld (Attr_Moon_File5_2),hl
 429  839F 22 9E 58     	ld (Attr_Moon_File5_3),hl
 430  83A2
 431  83A2 21 4F 94     	ld hl,Ctrl_6
 432  83A5 CB 86        	res 0,(hl) 														; Inhibidor de efectos de sonido DESACTIVADO.
 433  83A7
 434  83A7 3A 4E 94     	ld a,(Ctrl_5)
 435  83AA CB 77        	bit 6,a
 436  83AC C4 1B C6     	call nz,Print_Game_Over 										; Imprime "GAME OVER" si LIVES = "0".
 437  83AF
 438  83AF 3A 10 94     	ld a,(Ctrl_1)
 439  83B2 CB 47        	bit 0,a
 440  83B4 C4 FD C5     	call nz,Print_DONE 												; Imprime "DONE" si hemos eliminado a la última entidad del nivel.
 441  83B7
 442  83B7 C1           	pop bc
 443  83B8 D1           	pop de
 444  83B9 E1           	pop hl
 445  83BA F1           	pop af
 446  83BB
 447  83BB FB           	ei
 448  83BC
 449  83BC C9           	ret
 450  83BD
 451  83BD              ; ASM source file created by SevenuP v1.20
 452  83BD              ; SevenuP (C) Copyright 2002-2006 by Jaime Tejedor Gomez, aka Metalbrain
 453  83BD
 454  83BD              ;GRAPHIC DATA:
 455  83BD              ;Pixel Size:      ( 16,  16)
 456  83BD              ;Char Size:       (  2,   2)
 457  83BD              ;Sort Priorities: X char, Char line, Y char
 458  83BD              ;Data Outputted:  Gfx
 459  83BD              ;Interleave:      Line
 460  83BD              ;Mask:            No
 461  83BD
 462  83BD              Best_Score_7: 												; Chars 9,10,11,12, (Últimos 4 chars).
 463  83BD
 464  83BD 00 00 00 00  	DEFB	$00,$00,$00,$00,$00,$00,$00,$00
 464  83C1 00 00 00 00
 465  83C5 00 00 12 CC  	DEFB	$00,$00,$12,$CC,$BA,$DE,$6D,$52
 465  83C9 BA DE 6D 52
 466  83CD 45 56 45 1C  	DEFB	$45,$56,$45,$1C,$45,$10,$45,$10
 466  83D1 45 10 45 10
 467  83D5 ED 12 B9 1E  	DEFB	$ED,$12,$B9,$1E,$11,$0C,$00,$00
 467  83D9 11 0C 00 00
 468  83DD
 469  83DD              Fecha_Firma:
 470  83DD
 471  83DD 00 EE 22 62  	DEFB	$00,$EE,$22,$62,$84,$84,$E4,$00
 471  83E1 84 84 E4 00
 472  83E5
 473  83E5              ; --------------------------------------------------------------------------
 474  83E5              ; FREE SPACE $2b,43d -------------------------------------------------------
 475  83E5              ; --------------------------------------------------------------------------
 476  83E5
 477  83E5              ; --------------------------------------------------------------------------------
 478  83E5
 479  83E5              	include "Sprites_e_indices.asm"
# file opened: Sprites_e_indices.asm
   1+ 83E5              ; ---------------------------------------------------------------------------------------------------------------------------------------------------------------------------------------------
   2+ 83E5              ;
   3+ 83E5              ;	17/02/23
   4+ 83E5              ;
   5+ 83E5              ;	Sprites e índices.
   6+ 83E5
   7+ 83E5              	org $8400
   8+ 8400
   9+ 8400              ;	LOGO del menú principal.
  10+ 8400
  11+ 8400              ; 	ASM source file created by SevenuP v1.20
  12+ 8400              ; 	SevenuP (C) Copyright 2002-2006 by Jaime Tejedor Gomez, aka Metalbrain
  13+ 8400
  14+ 8400              ;	GRAPHIC DATA:
  15+ 8400
  16+ 8400              ;	Pixel Size:      ( 24,  24)
  17+ 8400              ;
  18+ 8400              ;	(Puntero_de_impresion) ..... $4060
  19+ 8400
  20+ 8400              Logo_nave:
  21+ 8400
  22+ 8400 00 18 00 00  	DEFB	$00,$18,$00,$00,$24,$00,$00,$42
  22+ 8404 24 00 00 42
  23+ 8408 00 00 7E 00  	DEFB	$00,$00,$7E,$00,$00,$CF,$00,$00
  23+ 840C 00 CF 00 00
  24+ 8410 BF 00 09 7F  	DEFB	$BF,$00,$09,$7F,$90,$19,$C3,$98
  24+ 8414 90 19 C3 98
  25+ 8418 39 81 9C 3B  	DEFB	$39,$81,$9C,$3B,$81,$DC,$7B,$81
  25+ 841C 81 DC 7B 81
  26+ 8420 DE 7A C3 DE  	DEFB	$DE,$7A,$C3,$DE,$DA,$FF,$DF,$DB
  26+ 8424 DA FF DF DB
  27+ 8428 7F DF DD 3F  	DEFB	$7F,$DF,$DD,$3F,$BF,$CD,$BF,$BF
  27+ 842C BF CD BF BF
  28+ 8430 65 9F BE 66  	DEFB	$65,$9F,$BE,$66,$9F,$7E,$3E,$FF
  28+ 8434 9F 7E 3E FF
  29+ 8438 7C 3C FF 3C  	DEFB	$7C,$3C,$FF,$3C,$19,$7E,$98,$01
  29+ 843C 19 7E 98 01
  30+ 8440 BD 80 03 DB  	DEFB	$BD,$80,$03,$DB,$C0,$07,$00,$E0
  30+ 8444 C0 07 00 E0
  31+ 8448
  32+ 8448              ;	Pixel Size:      ( 24,  16)
  33+ 8448              ;
  34+ 8448              ;	(Puntero_de_impresion) ..... $4083
  35+ 8448
  36+ 8448              Logo_ma:
  37+ 8448
  38+ 8448 00 00 00 00  	DEFB	$00,$00,$00,$00,$00,$01,$03,$03
  38+ 844C 00 01 03 03
  39+ 8450 0F 07 87 1F  	DEFB	$0F,$07,$87,$1F,$0F,$9F,$9E,$1D
  39+ 8454 0F 9F 9E 1D
  40+ 8458 B9 80 79 F1  	DEFB	$B9,$80,$79,$F1,$80,$71,$E1,$87
  40+ 845C 80 71 E1 87
  41+ 8460 F3 C1 8F E3  	DEFB	$F3,$C1,$8F,$E3,$83,$0F,$E7,$83
  41+ 8464 83 0F E7 83
  42+ 8468 0C C7 03 0E  	DEFB	$0C,$C7,$03,$0E,$C2,$07,$0F,$C0
  42+ 846C C2 07 0F C0
  43+ 8470 07 03 00 02  	DEFB	$07,$03,$00,$02,$00,$00,$00,$00
  43+ 8474 00 00 00 00
  44+ 8478
  45+ 8478
  46+ 8478              ;	Pixel Size:      ( 24,  24)
  47+ 8478              ;
  48+ 8478              ;	(Puntero_de_impresion) ..... $4066
  49+ 8478
  50+ 8478              logo_ad:
  51+ 8478
  52+ 8478 00 00 02 00  	DEFB	$00,$00,$02,$00,$00,$02,$00,$00
  52+ 847C 00 02 00 00
  53+ 8480 06 00 00 06  	DEFB	$06,$00,$00,$06,$00,$00,$06,$00
  53+ 8484 00 00 06 00
  54+ 8488 00 06 00 00  	DEFB	$00,$06,$00,$00,$0E,$00,$00,$0C
  54+ 848C 0E 00 00 0C
  55+ 8490 78 00 0C F8  	DEFB	$78,$00,$0C,$F8,$00,$0C,$D8,$03
  55+ 8494 00 0C D8 03
  56+ 8498 FC 18 1F F8  	DEFB	$FC,$18,$1F,$F8,$18,$7F,$F8,$30
  56+ 849C 18 7F F8 30
  57+ 84A0 F0 79 30 E0  	DEFB	$F0,$79,$30,$E0,$33,$E1,$C0,$3F
  57+ 84A4 33 E1 C0 3F
  58+ 84A8 E1 C0 3C E1  	DEFB	$E1,$C0,$3C,$E1,$C0,$70,$79,$E0
  58+ 84AC C0 70 79 E0
  59+ 84B0 70 78 FF E0  	DEFB	$70,$78,$FF,$E0,$F8,$3F,$C0,$F0
  59+ 84B4 F8 3F C0 F0
  60+ 84B8 3E 00 00 00  	DEFB	$3E,$00,$00,$00,$00,$00,$00,$00
  60+ 84BC 00 00 00 00
  61+ 84C0
  62+ 84C0              ;	Pixel Size:      ( 24,  16)
  63+ 84C0              ;
  64+ 84C0              ;	(Puntero_de_impresion) ..... $4089
  65+ 84C0
  66+ 84C0              logo_eu:
  67+ 84C0
  68+ 84C0 00 F0 00 03  	DEFB	$00,$F0,$00,$03,$F8,$18,$07,$FC
  68+ 84C4 F8 18 07 FC
  69+ 84C8 38 1E 0C 30  	DEFB	$38,$1E,$0C,$30,$3C,$1C,$70,$7C
  69+ 84CC 3C 1C 70 7C
  70+ 84D0 F8 60 7F F0  	DEFB	$F8,$60,$7F,$F0,$E0,$7F,$C0,$C0
  70+ 84D4 E0 7F C0 C0
  71+ 84D8 78 00 C1 70  	DEFB	$78,$00,$C1,$70,$1C,$C3,$70,$7C
  71+ 84DC 1C C3 70 7C
  72+ 84E0 C7 7F F0 FF  	DEFB	$C7,$7F,$F0,$FF,$1F,$E0,$7C,$0F
  72+ 84E4 1F E0 7C 0F
  73+ 84E8 00 38 00 00  	DEFB	$00,$38,$00,$00,$00,$00,$00,$00
  73+ 84EC 00 00 00 00
  74+ 84F0
  75+ 84F0              ;	Pixel Size:      ( 24,  16)
  76+ 84F0              ;
  77+ 84F0              ;	(Puntero_de_impresion) ..... $408c
  78+ 84F0
  79+ 84F0              Tabla_de_puntuacion:
  80+ 84F0
  81+ 84F0 14           	db 20
  82+ 84F1 1E           	db 30
  83+ 84F2 28           	db 40
  84+ 84F3 32           	db 50
  85+ 84F4 3C           	db 60
  86+ 84F5
  87+ 84F5              ; ASM source file created by SevenuP v1.20
  88+ 84F5              ; SevenuP (C) Copyright 2002-2006 by Jaime Tejedor Gomez, aka Metalbrain
  89+ 84F5
  90+ 84F5              ;GRAPHIC DATA:
  91+ 84F5              ;Pixel Size:      (  8,   8)
  92+ 84F5              ;Char Size:       (  1,   1)
  93+ 84F5              ;Sort Priorities: Char line
  94+ 84F5              ;Data Outputted:  Gfx
  95+ 84F5              ;Interleave:      Line
  96+ 84F5              ;Mask:            No
  97+ 84F5
  98+ 84F5              Best_Score_1:
  99+ 84F5
 100+ 84F5 00 E0 F0 B0  	DEFB	$00,$E0,$F0,$B0,$90,$91,$D3,$E2 					; Char 1, (arriba-izquiera).
 100+ 84F9 90 91 D3 E2
 101+ 84FD
 102+ 84FD              ; --------------------------------------------------------------------------
 103+ 84FD              ; FREE SPACE $03,3d --------------------------------------------------------
 104+ 84FD              ; --------------------------------------------------------------------------
 105+ 84FD
 106+ 84FD              	org $8500
 107+ 8500
 108+ 8500              logo_us:
 109+ 8500
 110+ 8500 00 00 00 00  	DEFB	$00,$00,$00,$00,$1E,$00,$00,$3F
 110+ 8504 1E 00 00 3F
 111+ 8508 00 00 73 80  	DEFB	$00,$00,$73,$80,$30,$E1,$C0,$70
 111+ 850C 30 E1 C0 70
 112+ 8510 E1 C0 60 70  	DEFB	$E1,$C0,$60,$70,$C0,$C0,$30,$00
 112+ 8514 C0 C0 30 00
 113+ 8518 C0 38 00 80  	DEFB	$C0,$38,$00,$80,$1C,$00,$80,$0F
 113+ 851C 1C 00 80 0F
 114+ 8520 00 8F C3 80  	DEFB	$00,$8F,$C3,$80,$E7,$FF,$80,$E0
 114+ 8524 E7 FF 80 E0
 115+ 8528 3F 00 00 00  	DEFB	$3F,$00,$00,$00,$00,$00,$00,$00
 115+ 852C 00 00 00 00
 116+ 8530
 117+ 8530              ;	---------- + ----------
 118+ 8530
 119+ 8530              ;	Icono de las Vidas + Shield.
 120+ 8530
 121+ 8530              ;	Pixel Size:      ( 24,  24)
 122+ 8530              ;
 123+ 8530              ;	(Puntero_de_impresion) ..... $4066
 124+ 8530
 125+ 8530
 126+ 8530              Escudo_00:
 127+ 8530
 128+ 8530 00 00 80 01  	DEFB	$00,$00,$80,$01,$C0,$03,$7F,$FE
 128+ 8534 C0 03 7F FE
 129+ 8538 3F FC 00 00  	DEFB	$3F,$FC,$00,$00,$0F,$F0,$03,$C0
 129+ 853C 0F F0 03 C0
 130+ 8540
 131+ 8540              Escudo_00_Fb:
 132+ 8540
 133+ 8540 00 00 00 08  	DEFB	$00,$00,$00,$08,$00,$10,$0C,$00
 133+ 8544 00 10 0C 00
 134+ 8548 30 07 FF E0  	DEFB	$30,$07,$FF,$E0,$03,$FF,$C0,$00
 134+ 854C 03 FF C0 00
 135+ 8550 00 00 00 FF  	DEFB	$00,$00,$00,$FF,$00,$00,$3C,$00
 135+ 8554 00 00 3C 00
 136+ 8558
 137+ 8558              ;	Disparo.
 138+ 8558
 139+ 8558 18 00 00     Disparo_de_entidad_derecho DEFB $18,$00,$00
 140+ 855B 00 00 18     Disparo_de_entidad_izquierdo DEFB $00,$00,$18
 141+ 855E
 142+ 855E              Indice_disparo_Amadeus:
 143+ 855E
 144+ 855E 66 85        	defw Disparo_0
 145+ 8560 6A 85        	defw Disparo_f9
 146+ 8562 6E 85        	defw Disparo_fb
 147+ 8564 72 85        	defw Disparo_fd
 148+ 8566
 149+ 8566              ;	Disparo (CTRL_DESPLZ)="0".
 150+ 8566
 151+ 8566 01 80        Disparo_0 DEFB $01,$80
 152+ 8568 07 E0        Disparo_0b DEFB $07,$e0 						; (No se imprime, detección de colisión).
 153+ 856A
 154+ 856A              ;	Disparo (CTRL_DESPLZ)="f9"
 155+ 856A
 156+ 856A 00 60        Disparo_f9 DEFB $00,$60
 157+ 856C 01 F8        Disparo_f9b DEFB $01,$f8 						; (No se imprime, detección de colisión).
 158+ 856E
 159+ 856E              ;	Disparo (CTRL_DESPLZ)="fb"
 160+ 856E
 161+ 856E 18 00        Disparo_fb DEFB $18,$00
 162+ 8570 7E 00        Disparo_fbb DEFB $7e,$00 						; (No se imprime, detección de colisión).
 163+ 8572
 164+ 8572              ;	Disparo (CTRL_DESPLZ)="fd"
 165+ 8572
 166+ 8572 06 00        Disparo_fd DEFB $06,$00
 167+ 8574 1F 80        Disparo_fdb DEFB $1f,$80 						; (No se imprime, detección de colisión).
 168+ 8576
 169+ 8576              ; ----------------------------------------------------------------------------------------
 170+ 8576
 171+ 8576              ;	Badplate.
 172+ 8576
 173+ 8576              Indice_Badplate_der:
 174+ 8576
 175+ 8576 96 85        	defw Badplate
 176+ 8578 C6 85        	defw Badplate_f8
 177+ 857A 00 86        	defw Badplate_f9
 178+ 857C 30 86        	defw Badplate_fa
 179+ 857E 60 86        	defw Badplate_fb
 180+ 8580 90 86        	defw Badplate_fc
 181+ 8582 C0 86        	defw Badplate_fd
 182+ 8584 00 87        	defw Badplate_fe
 183+ 8586
 184+ 8586              Indice_Badplate_izq:
 185+ 8586
 186+ 8586 96 85        	defw Badplate
 187+ 8588 00 87        	defw Badplate_fe
 188+ 858A C0 86        	defw Badplate_fd
 189+ 858C 90 86        	defw Badplate_fc
 190+ 858E 60 86        	defw Badplate_fb
 191+ 8590 30 86        	defw Badplate_fa
 192+ 8592 00 86        	defw Badplate_f9
 193+ 8594 C6 85        	defw Badplate_f8
 194+ 8596
 195+ 8596              Badplate:
 196+ 8596
 197+ 8596 03 00 00 00  	DEFB	$03,$00,$00,$00,$80,$00,$00,$80
 197+ 859A 80 00 00 80
 198+ 859E 00 03 C0 00  	DEFB	$00,$03,$C0,$00,$04,$20,$00,$0D
 198+ 85A2 04 20 00 0D
 199+ 85A6 30 00 09 90  	DEFB	$30,$00,$09,$90,$00,$09,$90,$00
 199+ 85AA 00 09 90 00
 200+ 85AE 09 90 00 19  	DEFB	$09,$90,$00,$19,$98,$00,$78,$9E
 200+ 85B2 98 00 78 9E
 201+ 85B6 00 CC 33 00  	DEFB	$00,$CC,$33,$00,$CF,$F3,$00,$7C
 201+ 85BA CF F3 00 7C
 202+ 85BE 3E 00 3C 3C  	DEFB	$3E,$00,$3C,$3C,$00,$0F,$F0,$00
 202+ 85C2 00 0F F0 00
 203+ 85C6
 204+ 85C6              Badplate_f8:
 205+ 85C6
 206+ 85C6 01 80 00 00  	DEFB	$01,$80,$00,$00,$40,$00,$00,$40
 206+ 85CA 40 00 00 40
 207+ 85CE 00 01 E0 00  	DEFB	$00,$01,$E0,$00,$02,$10,$00,$06
 207+ 85D2 02 10 00 06
 208+ 85D6 98 00 04 C8  	DEFB	$98,$00,$04,$C8,$00,$04,$C8,$00
 208+ 85DA 00 04 C8 00
 209+ 85DE 04 C8 00 0C  	DEFB	$04,$C8,$00,$0C,$CC,$00,$3C,$4F
 209+ 85E2 CC 00 3C 4F
 210+ 85E6 00 66 19 80  	DEFB	$00,$66,$19,$80,$67,$F9,$80,$3E
 210+ 85EA 67 F9 80 3E
 211+ 85EE 1F 00 1E 1E  	DEFB	$1F,$00,$1E,$1E,$00,$07,$F8,$00
 211+ 85F2 00 07 F8 00
 212+ 85F6
 213+ 85F6              ; ASM source file created by SevenuP v1.20
 214+ 85F6              ; SevenuP (C) Copyright 2002-2006 by Jaime Tejedor Gomez, aka Metalbrain
 215+ 85F6
 216+ 85F6              ;GRAPHIC DATA:
 217+ 85F6              ;Pixel Size:      (  8,   8)
 218+ 85F6              ;Char Size:       (  1,   1)
 219+ 85F6              ;Sort Priorities: Char line
 220+ 85F6              ;Data Outputted:  Gfx
 221+ 85F6              ;Interleave:      Line
 222+ 85F6              ;Mask:            No
 223+ 85F6
 224+ 85F6              Best_Score_2:
 225+ 85F6
 226+ 85F6 F6 B5 97 96  	DEFB	$F6,$B5,$97,$96,$D6,$F3,$61,$00 		           ; Char 2, (abajo-izq).
 226+ 85FA D6 F3 61 00
 227+ 85FE
 228+ 85FE              ; --------------------------------------------------------------------------
 229+ 85FE              ; FREE SPACE $02,2d --------------------------------------------------------
 230+ 85FE              ; --------------------------------------------------------------------------
 231+ 85FE
 232+ 85FE              	org $8600
 233+ 8600
 234+ 8600              Badplate_f9:
 235+ 8600
 236+ 8600 00 C0 00 00  	DEFB	$00,$C0,$00,$00,$20,$00,$00,$20
 236+ 8604 20 00 00 20
 237+ 8608 00 00 F0 00  	DEFB	$00,$00,$F0,$00,$01,$08,$00,$03
 237+ 860C 01 08 00 03
 238+ 8610 4C 00 02 64  	DEFB	$4C,$00,$02,$64,$00,$02,$64,$00
 238+ 8614 00 02 64 00
 239+ 8618 02 64 00 06  	DEFB	$02,$64,$00,$06,$66,$00,$1E,$27
 239+ 861C 66 00 1E 27
 240+ 8620 80 33 0C C0  	DEFB	$80,$33,$0C,$C0,$33,$FC,$C0,$1F
 240+ 8624 33 FC C0 1F
 241+ 8628 0F 80 0F 0F  	DEFB	$0F,$80,$0F,$0F,$00,$03,$FC,$00
 241+ 862C 00 03 FC 00
 242+ 8630
 243+ 8630              Badplate_fa:
 244+ 8630
 245+ 8630 00 60 00 00  	DEFB	$00,$60,$00,$00,$10,$00,$00,$10
 245+ 8634 10 00 00 10
 246+ 8638 00 00 78 00  	DEFB	$00,$00,$78,$00,$00,$84,$00,$01
 246+ 863C 00 84 00 01
 247+ 8640 A6 00 01 32  	DEFB	$A6,$00,$01,$32,$00,$01,$32,$00
 247+ 8644 00 01 32 00
 248+ 8648 01 32 00 03  	DEFB	$01,$32,$00,$03,$33,$00,$0F,$13
 248+ 864C 33 00 0F 13
 249+ 8650 C0 19 86 60  	DEFB	$C0,$19,$86,$60,$19,$FE,$60,$0F
 249+ 8654 19 FE 60 0F
 250+ 8658 87 C0 07 87  	DEFB	$87,$C0,$07,$87,$80,$01,$FE,$00
 250+ 865C 80 01 FE 00
 251+ 8660
 252+ 8660              Badplate_fb:
 253+ 8660
 254+ 8660 00 30 00 00  	DEFB	$00,$30,$00,$00,$08,$00,$00,$08
 254+ 8664 08 00 00 08
 255+ 8668 00 00 3C 00  	DEFB	$00,$00,$3C,$00,$00,$42,$00,$00
 255+ 866C 00 42 00 00
 256+ 8670 C3 00 00 81  	DEFB	$C3,$00,$00,$81,$00,$00,$81,$00
 256+ 8674 00 00 81 00
 257+ 8678 00 81 00 01  	DEFB	$00,$81,$00,$01,$81,$80,$07,$81
 257+ 867C 81 80 07 81
 258+ 8680 E0 0D C3 B0  	DEFB	$E0,$0D,$C3,$B0,$0C,$7E,$30,$06
 258+ 8684 0C 7E 30 06
 259+ 8688 3C 60 03 BD  	DEFB	$3C,$60,$03,$BD,$C0,$00,$FF,$00
 259+ 868C C0 00 FF 00
 260+ 8690
 261+ 8690              Badplate_fc:
 262+ 8690
 263+ 8690 00 18 00 00  	DEFB	$00,$18,$00,$00,$04,$00,$00,$04
 263+ 8694 04 00 00 04
 264+ 8698 00 00 1E 00  	DEFB	$00,$00,$1E,$00,$00,$21,$00,$00
 264+ 869C 00 21 00 00
 265+ 86A0 61 80 00 40  	DEFB	$61,$80,$00,$40,$80,$00,$40,$80
 265+ 86A4 80 00 40 80
 266+ 86A8 00 40 80 00  	DEFB	$00,$40,$80,$00,$C0,$C0,$03,$C0
 266+ 86AC C0 C0 03 C0
 267+ 86B0 F0 06 E1 D8  	DEFB	$F0,$06,$E1,$D8,$06,$3F,$18,$03
 267+ 86B4 06 3F 18 03
 268+ 86B8 1E 30 01 DE  	DEFB	$1E,$30,$01,$DE,$E0,$00,$7F,$80
 268+ 86BC E0 00 7F 80
 269+ 86C0
 270+ 86C0              Badplate_fd:
 271+ 86C0
 272+ 86C0 00 0C 00 00  	DEFB	$00,$0C,$00,$00,$02,$00,$00,$02
 272+ 86C4 02 00 00 02
 273+ 86C8 00 00 0F 00  	DEFB	$00,$00,$0F,$00,$00,$10,$80,$00
 273+ 86CC 00 10 80 00
 274+ 86D0 30 C0 00 20  	DEFB	$30,$C0,$00,$20,$40,$00,$20,$40
 274+ 86D4 40 00 20 40
 275+ 86D8 00 20 40 00  	DEFB	$00,$20,$40,$00,$60,$60,$01,$E0
 275+ 86DC 60 60 01 E0
 276+ 86E0 78 03 70 EC  	DEFB	$78,$03,$70,$EC,$03,$1F,$8C,$01
 276+ 86E4 03 1F 8C 01
 277+ 86E8 8F 18 00 EF  	DEFB	$8F,$18,$00,$EF,$70,$00,$3F,$C0
 277+ 86EC 70 00 3F C0
 278+ 86F0
 279+ 86F0              Firma_Lorente_1:
 280+ 86F0
 281+ 86F0              ;	2 Primeros bytes.
 282+ 86F0
 283+ 86F0 00 00 79 00  	DEFB	$00,$00,$79,$00,$49,$00,$79,$76
 283+ 86F4 49 00 79 76
 284+ 86F8 41 54 41 54  	DEFB	$41,$54,$41,$54,$45,$F4,$00,$00
 284+ 86FC 45 F4 00 00
 285+ 8700
 286+ 8700              Badplate_fe:
 287+ 8700
 288+ 8700 00 06 00 00  	DEFB	$00,$06,$00,$00,$01,$00,$00,$01
 288+ 8704 01 00 00 01
 289+ 8708 00 00 07 80  	DEFB	$00,$00,$07,$80,$00,$08,$40,$00
 289+ 870C 00 08 40 00
 290+ 8710 18 60 00 10  	DEFB	$18,$60,$00,$10,$20,$00,$10,$20
 290+ 8714 20 00 10 20
 291+ 8718 00 10 20 00  	DEFB	$00,$10,$20,$00,$30,$30,$00,$F0
 291+ 871C 30 30 00 F0
 292+ 8720 3C 01 B8 76  	DEFB	$3C,$01,$B8,$76,$01,$8F,$C6,$00
 292+ 8724 01 8F C6 00
 293+ 8728 C7 8C 00 77  	DEFB	$C7,$8C,$00,$77,$B8,$00,$1F,$E0
 293+ 872C B8 00 1F E0
 294+ 8730
 295+ 8730              ;	Badsat.
 296+ 8730
 297+ 8730              Indice_Badsat_izq:
 298+ 8730
 299+ 8730 40 87        	defw Badsat_izquierda
 300+ 8732 90 88        	defw Badsat_izq_fe
 301+ 8734 60 88        	defw Badsat_izq_fd
 302+ 8736 30 88        	defw Badsat_izq_fc
 303+ 8738 00 88        	defw Badsat_izq_fb
 304+ 873A D0 87        	defw Badsat_izq_fa
 305+ 873C A0 87        	defw Badsat_izq_f9
 306+ 873E 70 87        	defw Badsat_izq_f8
 307+ 8740
 308+ 8740              Badsat_izquierda:
 309+ 8740
 310+ 8740 00 08 00     	DEFB 	$00,$08,$00
 311+ 8743 02 14 00     	DEFB 	$02,$14,$00
 312+ 8746 02 2A 00     	DEFB 	$02,$2A,$00
 313+ 8749 02 55 00     	DEFB 	$02,$55,$00
 314+ 874C 02 AA 00     	DEFB	$02,$AA,$00
 315+ 874F 02 54 00     	DEFB 	$02,$54,$00
 316+ 8752 7F E8 00     	DEFB 	$7F,$E8,$00
 317+ 8755 03 60 00     	DEFB 	$03,$60,$00
 318+ 8758 0A E0 00     	DEFB	$0A,$E0,$00
 319+ 875B 17 F8 00     	DEFB 	$17,$F8,$00
 320+ 875E 2B E8 00     	DEFB 	$2B,$E8,$00
 321+ 8761 54 40 00     	DEFB 	$54,$40,$00
 322+ 8764 AA 60 00     	DEFB	$AA,$60,$00
 323+ 8767 54 00 00     	DEFB 	$54,$00,$00
 324+ 876A 28 00 00     	DEFB 	$28,$00,$00
 325+ 876D 10 00 00     	DEFB 	$10,$00,$00	 						; Sprite principal a izquierda, (sin desplazar).
 326+ 8770
 327+ 8770              Badsat_izq_f8:
 328+ 8770
 329+ 8770 00 04 00 01  	DEFB 	$00,$04,$00,$01,$0A,$00,$01,$15
 329+ 8774 0A 00 01 15
 330+ 8778 00 01 2A 80  	DEFB	$00,$01,$2A,$80,$01,$55,$00,$01
 330+ 877C 01 55 00 01
 331+ 8780 2A 00 3F F4  	DEFB	$2A,$00,$3F,$F4,$00,$01,$B0,$00
 331+ 8784 00 01 B0 00
 332+ 8788 05 70 00 0B  	DEFB	$05,$70,$00,$0B,$FC,$00,$15,$F4
 332+ 878C FC 00 15 F4
 333+ 8790 00 2A 20 00  	DEFB	$00,$2A,$20,$00,$55,$30,$00,$2A
 333+ 8794 55 30 00 2A
 334+ 8798 00 00 14 00  	DEFB	$00,$00,$14,$00,$00,$08,$00,$00 	; $F8 (7º DESPLZ a izquierda).
 334+ 879C 00 08 00 00
 335+ 87A0
 336+ 87A0              Badsat_izq_f9:
 337+ 87A0
 338+ 87A0 00 02 00 00  	DEFB 	$00,$02,$00,$00,$85,$00,$00,$8A
 338+ 87A4 85 00 00 8A
 339+ 87A8 80 00 95 40  	DEFB	$80,$00,$95,$40,$00,$AA,$80,$00
 339+ 87AC 00 AA 80 00
 340+ 87B0 95 00 1F FA  	DEFB	$95,$00,$1F,$FA,$00,$00,$D8,$00
 340+ 87B4 00 00 D8 00
 341+ 87B8 02 B8 00 05  	DEFB	$02,$B8,$00,$05,$FE,$00,$0A,$FA
 341+ 87BC FE 00 0A FA
 342+ 87C0 00 15 10 00  	DEFB	$00,$15,$10,$00,$2A,$98,$00,$15
 342+ 87C4 2A 98 00 15
 343+ 87C8 00 00 0A 00  	DEFB	$00,$00,$0A,$00,$00,$04,$00,$00 	; $F9 (6º DESPLZ a izquierda).
 343+ 87CC 00 04 00 00
 344+ 87D0
 345+ 87D0              Badsat_izq_fa:
 346+ 87D0
 347+ 87D0 00 01 00 00  	DEFB 	$00,$01,$00,$00,$42,$80,$00,$45
 347+ 87D4 42 80 00 45
 348+ 87D8 40 00 4A A0  	DEFB	$40,$00,$4A,$A0,$00,$55,$40,$00
 348+ 87DC 00 55 40 00
 349+ 87E0 4A 80 0F FD  	DEFB	$4A,$80,$0F,$FD,$00,$00,$6C,$00
 349+ 87E4 00 00 6C 00
 350+ 87E8 01 5C 00 02  	DEFB	$01,$5C,$00,$02,$FF,$00,$05,$7D
 350+ 87EC FF 00 05 7D
 351+ 87F0 00 0A 88 00  	DEFB	$00,$0A,$88,$00,$15,$4C,$00,$0A
 351+ 87F4 15 4C 00 0A
 352+ 87F8 80 00 05 00  	DEFB	$80,$00,$05,$00,$00,$02,$00,$00 	; $Fa (5º DESPLZ a izquierda).
 352+ 87FC 00 02 00 00
 353+ 8800
 354+ 8800              Badsat_izq_fb:
 355+ 8800
 356+ 8800 00 00 80 00  	DEFB 	$00,$00,$80,$00,$21,$40,$00,$22
 356+ 8804 21 40 00 22
 357+ 8808 A0 00 25 50  	DEFB	$A0,$00,$25,$50,$00,$2A,$A0,$00
 357+ 880C 00 2A A0 00
 358+ 8810 25 40 07 FE  	DEFB	$25,$40,$07,$FE,$80,$00,$36,$00
 358+ 8814 80 00 36 00
 359+ 8818 00 AE 00 01  	DEFB	$00,$AE,$00,$01,$7F,$80,$02,$BE
 359+ 881C 7F 80 02 BE
 360+ 8820 80 05 44 00  	DEFB	$80,$05,$44,$00,$0A,$A6,$00,$05
 360+ 8824 0A A6 00 05
 361+ 8828 40 00 02 80  	DEFB	$40,$00,$02,$80,$00,$01,$00,$00 	; $Fb (4º DESPLZ a izquierda).
 361+ 882C 00 01 00 00
 362+ 8830
 363+ 8830              Badsat_izq_fc:
 364+ 8830
 365+ 8830 00 00 40 00  	DEFB 	$00,$00,$40,$00,$10,$A0,$00,$11
 365+ 8834 10 A0 00 11
 366+ 8838 50 00 12 A8  	DEFB	$50,$00,$12,$A8,$00,$15,$50,$00
 366+ 883C 00 15 50 00
 367+ 8840 12 A0 03 FF  	DEFB	$12,$A0,$03,$FF,$40,$00,$1B,$00
 367+ 8844 40 00 1B 00
 368+ 8848 00 57 00 00  	DEFB	$00,$57,$00,$00,$BF,$C0,$01,$5F
 368+ 884C BF C0 01 5F
 369+ 8850 40 02 A2 00  	DEFB	$40,$02,$A2,$00,$05,$53,$00,$02
 369+ 8854 05 53 00 02
 370+ 8858 A0 00 01 40  	DEFB	$A0,$00,$01,$40,$00,$00,$80,$00 	; $Fc (3er DESPLZ a izquierda).
 370+ 885C 00 00 80 00
 371+ 8860
 372+ 8860              Badsat_izq_fd:
 373+ 8860
 374+ 8860 00 00 20 00  	DEFB 	$00,$00,$20,$00,$08,$50,$00,$08
 374+ 8864 08 50 00 08
 375+ 8868 A8 00 09 54  	DEFB	$A8,$00,$09,$54,$00,$0A,$A8,$00
 375+ 886C 00 0A A8 00
 376+ 8870 09 50 01 FF  	DEFB	$09,$50,$01,$FF,$A0,$00,$0D,$80
 376+ 8874 A0 00 0D 80
 377+ 8878 00 2B 80 00  	DEFB	$00,$2B,$80,$00,$5F,$F8,$00,$AF
 377+ 887C 5F F8 00 AF
 378+ 8880 80 01 51 00  	DEFB	$80,$01,$51,$00,$02,$A9,$00,$01
 378+ 8884 02 A9 00 01
 379+ 8888 51 00 00 A0  	DEFB	$51,$00,$00,$A0,$00,$00,$40,$00 	; $Fd (2º DESPLZ a izquierda).
 379+ 888C 00 00 40 00
 380+ 8890
 381+ 8890              Badsat_izq_fe:
 382+ 8890
 383+ 8890 00 00 10 00  	DEFB 	$00,$00,$10,$00,$04,$28,$00,$04
 383+ 8894 04 28 00 04
 384+ 8898 54 00 04 AA  	DEFB	$54,$00,$04,$AA,$00,$05,$54,$00
 384+ 889C 00 05 54 00
 385+ 88A0 04 A8 00 FF  	DEFB	$04,$A8,$00,$FF,$D0,$00,$06,$C0
 385+ 88A4 D0 00 06 C0
 386+ 88A8 00 15 C0 00  	DEFB	$00,$15,$C0,$00,$2F,$FC,$00,$57
 386+ 88AC 2F FC 00 57
 387+ 88B0 C0 00 A8 80  	DEFB	$C0,$00,$A8,$80,$01,$54,$80,$00
 387+ 88B4 01 54 80 00
 388+ 88B8 A8 80 00 50  	DEFB	$A8,$80,$00,$50,$00,$00,$20,$00 	; $Fe (1er DESPLZ a izquierda).
 388+ 88BC 00 00 20 00
 389+ 88C0
 390+ 88C0
 391+ 88C0              Indice_Badsat_der:
 392+ 88C0
 393+ 88C0 D0 88        	defw Badsat_derecha
 394+ 88C2 00 89        	defw Badsat_der_f8
 395+ 88C4 30 89        	defw Badsat_der_f9
 396+ 88C6 60 89        	defw Badsat_der_fa
 397+ 88C8 90 89        	defw Badsat_der_fb
 398+ 88CA C0 89        	defw Badsat_der_fc
 399+ 88CC 00 8A        	defw Badsat_der_fd
 400+ 88CE 30 8A        	defw Badsat_der_fe
 401+ 88D0
 402+ 88D0              Badsat_derecha:
 403+ 88D0
 404+ 88D0 10 00 00     	DEFB	$10,$00,$00
 405+ 88D3 28 40 00     	DEFB    $28,$40,$00
 406+ 88D6 54 40 00     	DEFB	$54,$40,$00
 407+ 88D9 AA 40 00     	DEFB	$AA,$40,$00
 408+ 88DC 55 40 00     	DEFB	$55,$40,$00
 409+ 88DF 2A 40 00     	DEFB	$2A,$40,$00
 410+ 88E2 17 FE 00     	DEFB	$17,$FE,$00
 411+ 88E5 06 C0 00     	DEFB	$06,$C0,$00
 412+ 88E8 07 50 00     	DEFB	$07,$50,$00
 413+ 88EB 1F E8 00     	DEFB	$1F,$E8,$00
 414+ 88EE 17 D4 00     	DEFB	$17,$D4,$00
 415+ 88F1 02 2A 00     	DEFB	$02,$2A,$00
 416+ 88F4 06 55 00     	DEFB	$06,$55,$00
 417+ 88F7 00 2A 00     	DEFB	$00,$2A,$00
 418+ 88FA 00 14 00     	DEFB	$00,$14,$00
 419+ 88FD 00 08 00     	DEFB	$00,$08,$00 						; Sprite principal a derecha, (sin desplazar).
 420+ 8900
 421+ 8900              Badsat_der_f8:
 422+ 8900
 423+ 8900 08 00 00 14  	DEFB 	$08,$00,$00,$14,$20,$00,$2A,$20
 423+ 8904 20 00 2A 20
 424+ 8908 00 55 20 00  	DEFB	$00,$55,$20,$00,$2A,$A0,$00,$15
 424+ 890C 2A A0 00 15
 425+ 8910 20 00 0B FF  	DEFB	$20,$00,$0B,$FF,$00,$03,$60,$00
 425+ 8914 00 03 60 00
 426+ 8918 03 A8 00 0F  	DEFB	$03,$A8,$00,$0F,$F4,$00,$0B,$EA
 426+ 891C F4 00 0B EA
 427+ 8920 00 01 15 00  	DEFB	$00,$01,$15,$00,$03,$2A,$80,$00
 427+ 8924 03 2A 80 00
 428+ 8928 15 00 00 0A  	DEFB	$15,$00,$00,$0A,$00,$00,$04,$00 	; $F8 (1er DESPLZ a derecha).
 428+ 892C 00 00 04 00
 429+ 8930
 430+ 8930              Badsat_der_f9:
 431+ 8930
 432+ 8930 04 00 00 0A  	DEFB 	$04,$00,$00,$0A,$10,$00,$15,$10
 432+ 8934 10 00 15 10
 433+ 8938 00 2A 90 00  	DEFB	$00,$2A,$90,$00,$15,$50,$00,$0A
 433+ 893C 15 50 00 0A
 434+ 8940 90 00 05 FF  	DEFB	$90,$00,$05,$FF,$80,$01,$B0,$00
 434+ 8944 80 01 B0 00
 435+ 8948 01 D4 00 07  	DEFB	$01,$D4,$00,$07,$FA,$00,$05,$F5
 435+ 894C FA 00 05 F5
 436+ 8950 00 00 8A 80  	DEFB	$00,$00,$8A,$80,$01,$95,$40,$00
 436+ 8954 01 95 40 00
 437+ 8958 0A 80 00 05  	DEFB	$0A,$80,$00,$05,$00,$00,$02,$00 	; $F9 (2º DESPLZ a derecha).
 437+ 895C 00 00 02 00
 438+ 8960
 439+ 8960              Badsat_der_fa:
 440+ 8960
 441+ 8960 02 00 00 05  	DEFB 	$02,$00,$00,$05,$08,$00,$0A,$88
 441+ 8964 08 00 0A 88
 442+ 8968 00 15 48 00  	DEFB	$00,$15,$48,$00,$0A,$A8,$00,$05
 442+ 896C 0A A8 00 05
 443+ 8970 48 00 02 FF  	DEFB	$48,$00,$02,$FF,$C0,$00,$D8,$00
 443+ 8974 C0 00 D8 00
 444+ 8978 00 EA 00 03  	DEFB	$00,$EA,$00,$03,$FD,$00,$02,$FA
 444+ 897C FD 00 02 FA
 445+ 8980 80 00 45 40  	DEFB	$80,$00,$45,$40,$00,$CA,$A0,$00
 445+ 8984 00 CA A0 00
 446+ 8988 05 40 00 02  	DEFB	$05,$40,$00,$02,$80,$00,$01,$00 	; $Fa (3er DESPLZ a derecha).
 446+ 898C 80 00 01 00
 447+ 8990
 448+ 8990              Badsat_der_fb:
 449+ 8990
 450+ 8990 01 00 00 02  	DEFB 	$01,$00,$00,$02,$84,$00,$05,$44
 450+ 8994 84 00 05 44
 451+ 8998 00 0A A4 00  	DEFB	$00,$0A,$A4,$00,$05,$54,$00,$02
 451+ 899C 05 54 00 02
 452+ 89A0 A4 00 01 7F  	DEFB	$A4,$00,$01,$7F,$E0,$00,$6C,$00
 452+ 89A4 E0 00 6C 00
 453+ 89A8 00 75 00 01  	DEFB	$00,$75,$00,$01,$FE,$80,$01,$7D
 453+ 89AC FE 80 01 7D
 454+ 89B0 40 00 22 A0  	DEFB	$40,$00,$22,$A0,$00,$65,$50,$00
 454+ 89B4 00 65 50 00
 455+ 89B8 02 A0 00 01  	DEFB	$02,$A0,$00,$01,$40,$00,$00,$80 	; $Fb (4º DESPLZ a derecha).
 455+ 89BC 40 00 00 80
 456+ 89C0
 457+ 89C0              Badsat_der_fc:
 458+ 89C0
 459+ 89C0 00 80 00 01  	DEFB	$00,$80,$00,$01,$42,$00,$02,$A2
 459+ 89C4 42 00 02 A2
 460+ 89C8 00 05 52 00  	DEFB	$00,$05,$52,$00,$02,$AA,$00,$01
 460+ 89CC 02 AA 00 01
 461+ 89D0 52 00 00 BF  	DEFB	$52,$00,$00,$BF,$F0,$00,$36,$00
 461+ 89D4 F0 00 36 00
 462+ 89D8 00 3A 80 00  	DEFB	$00,$3A,$80,$00,$FF,$40,$00,$BE
 462+ 89DC FF 40 00 BE
 463+ 89E0 A0 00 11 50  	DEFB	$A0,$00,$11,$50,$00,$32,$A8,$00
 463+ 89E4 00 32 A8 00
 464+ 89E8 01 50 00 00  	DEFB	$01,$50,$00,$00,$A0,$00,$00,$40 	; $Fc (5º DESPLZ a derecha).
 464+ 89EC A0 00 00 40
 465+ 89F0
 466+ 89F0              Firma_Lorente_2:
 467+ 89F0
 468+ 89F0 00 80 FF F8  	DEFB	$00,$80,$FF,$F8,$00,$80,$EE,$B8
 468+ 89F4 00 80 EE B8
 469+ 89F8 EA B8 8A A0  	DEFB	$EA,$B8,$8A,$A0,$EA,$B8,$00,$00
 469+ 89FC EA B8 00 00
 470+ 8A00
 471+ 8A00              Badsat_der_fd:
 472+ 8A00
 473+ 8A00 00 40 00 00  	DEFB 	$00,$40,$00,$00,$A1,$00,$01,$51
 473+ 8A04 A1 00 01 51
 474+ 8A08 00 02 A9 00  	DEFB	$00,$02,$A9,$00,$01,$55,$00,$00
 474+ 8A0C 01 55 00 00
 475+ 8A10 A9 00 00 5F  	DEFB	$A9,$00,$00,$5F,$F8,$00,$1B,$00
 475+ 8A14 F8 00 1B 00
 476+ 8A18 00 1D 40 01  	DEFB	$00,$1D,$40,$01,$FF,$A0,$00,$1F
 476+ 8A1C FF A0 00 1F
 477+ 8A20 50 00 08 A8  	DEFB	$50,$00,$08,$A8,$00,$09,$54,$00
 477+ 8A24 00 09 54 00
 478+ 8A28 08 A8 00 00  	DEFB	$08,$A8,$00,$00,$50,$00,$00,$20 	; $Fd (6º DESPLZ a derecha).
 478+ 8A2C 50 00 00 20
 479+ 8A30
 480+ 8A30              Badsat_der_fe:
 481+ 8A30
 482+ 8A30 00 20 00 00  	DEFB	$00,$20,$00,$00,$50,$80,$00,$A8
 482+ 8A34 50 80 00 A8
 483+ 8A38 80 01 54 80  	DEFB	$80,$01,$54,$80,$00,$AA,$80,$00
 483+ 8A3C 00 AA 80 00
 484+ 8A40 54 80 00 2F  	DEFB	$54,$80,$00,$2F,$FC,$00,$0D,$80
 484+ 8A44 FC 00 0D 80
 485+ 8A48 00 0E A0 00  	DEFB	$00,$0E,$A0,$00,$FF,$D0,$00,$0F
 485+ 8A4C FF D0 00 0F
 486+ 8A50 A8 00 04 54  	DEFB	$A8,$00,$04,$54,$00,$04,$AA,$00
 486+ 8A54 00 04 AA 00
 487+ 8A58 04 54 00 00  	DEFB	$04,$54,$00,$00,$28,$00,$00,$10 	; $Fe (7º DESPLZ a derecha).
 487+ 8A5C 28 00 00 10
 488+ 8A60
 489+ 8A60              ; ----------------------------------------------------------------------------------------
 490+ 8A60
 491+ 8A60              ; 	Amadeus. 2x2.
 492+ 8A60
 493+ 8A60              Indice_Amadeus_der:
 494+ 8A60
 495+ 8A60 80 8A        	defw Amadeus
 496+ 8A62 00 00        	defw 0
 497+ 8A64 B0 8A        	defw Amadeus_F9								; [$F9] right - [$FA] left
 498+ 8A66 00 00        	defw 0
 499+ 8A68 00 8B        	defw Amadeus_Fb     						; [$FB] right - [$FC] left
 500+ 8A6A 00 00        	defw 0
 501+ 8A6C 30 8B        	defw Amadeus_Fd								; [$FD] right - [$FE] left
 502+ 8A6E 00 00        	defw 0	 									; (Fín de índice).
 503+ 8A70
 504+ 8A70              Indice_Amadeus_izq:
 505+ 8A70
 506+ 8A70 80 8A        	defw Amadeus
 507+ 8A72 00 00        	defw 0
 508+ 8A74 30 8B        	defw Amadeus_Fd								; [$F9] right - [$FA] left
 509+ 8A76 00 00        	defw 0
 510+ 8A78 00 8B        	defw Amadeus_Fb     						; [$FB] right - [$FC] left
 511+ 8A7A 00 00        	defw 0
 512+ 8A7C B0 8A        	defw Amadeus_F9								; [$FD] right - [$FE] left
 513+ 8A7E 00 00        	defw 0	 									; (Fín de índice).
 514+ 8A80
 515+ 8A80              Amadeus:
 516+ 8A80
 517+ 8A80 01 80 00     	DEFB 	$01,$80,0
 518+ 8A83 23 C4 00     	DEFB	$23,$C4,0
 519+ 8A86 26 64 00     	DEFB	$26,$64,0
 520+ 8A89 24 24 00     	DEFB	$24,$24,0
 521+ 8A8C 2C 34 00     	DEFB	$2C,$34,0
 522+ 8A8F 6D B6 00     	DEFB	$6D,$B6,0
 523+ 8A92 6F F6 00     	DEFB	$6F,$F6,0
 524+ 8A95 67 E6 00     	DEFB	$67,$E6,0
 525+ 8A98 E7 E7 00     	DEFB	$E7,$E7,0
 526+ 8A9B F3 CF 00     	DEFB	$F3,$CF,0
 527+ 8A9E F7 EF 00     	DEFB	$F7,$EF,0
 528+ 8AA1 FF FF 00     	DEFB	$FF,$FF,0
 529+ 8AA4 FB DF 00     	DEFB	$FB,$DF,0
 530+ 8AA7 FB DF 00     	DEFB	$FB,$DF,0
 531+ 8AAA 8B D1 00     	DEFB	$8B,$D1,0
 532+ 8AAD 71 8E 00     	DEFB	$71,$8E,0 							; Sprite principal, (sin desplazar).
 533+ 8AB0
 534+ 8AB0              ; --------------------------------------------------------------------------
 535+ 8AB0
 536+ 8AB0              Amadeus_F9:
 537+ 8AB0
 538+ 8AB0 00 60 00 08  	DEFB	$00,$60,$00,$08,$F1,$00,$09,$99
 538+ 8AB4 F1 00 09 99
 539+ 8AB8 00 09 09 00  	DEFB	$00,$09,$09,$00,$0B,$0D,$00,$1B
 539+ 8ABC 0B 0D 00 1B
 540+ 8AC0 6D 80 1B FD  	DEFB	$6D,$80,$1B,$FD,$80,$19,$F9,$80
 540+ 8AC4 80 19 F9 80
 541+ 8AC8 39 F9 C0 3C  	DEFB	$39,$F9,$C0,$3C,$F3,$C0,$3D,$FB
 541+ 8ACC F3 C0 3D FB
 542+ 8AD0 C0 3F FF C0  	DEFB	$C0,$3F,$FF,$C0,$3E,$F7,$C0,$3E
 542+ 8AD4 3E F7 C0 3E
 543+ 8AD8 F7 C0 22 F4  	DEFB	$F7,$C0,$22,$F4,$40,$1C,$63,$80 	; $F9 (2º DESPLZ a derecha).
 543+ 8ADC 40 1C 63 80
 544+ 8AE0
 545+ 8AE0              ; ASM source file created by SevenuP v1.20
 546+ 8AE0              ; SevenuP (C) Copyright 2002-2006 by Jaime Tejedor Gomez, aka Metalbrain
 547+ 8AE0
 548+ 8AE0              ;GRAPHIC DATA:
 549+ 8AE0              ;Pixel Size:      ( 16,  16)
 550+ 8AE0              ;Char Size:       (  2,   2)
 551+ 8AE0              ;Sort Priorities: X char, Char line, Y char
 552+ 8AE0              ;Data Outputted:  Gfx
 553+ 8AE0              ;Interleave:      Line
 554+ 8AE0              ;Mask:            No
 555+ 8AE0
 556+ 8AE0              _or:
 557+ 8AE0
 558+ 8AE0 00 00 00 00  	DEFB	$00,$00,$00,$00,$00,$00,$00,$00
 558+ 8AE4 00 00 00 00
 559+ 8AE8 00 00 8F 3D  	DEFB	$00,$00,$8F,$3D,$D9,$9F,$F9,$DF
 559+ 8AEC D9 9F F9 DF
 560+ 8AF0 F9 DC 39 DC  	DEFB	$F9,$DC,$39,$DC,$39,$DC,$39,$DC
 560+ 8AF4 39 DC 39 DC
 561+ 8AF8 D9 9C 8F 3C  	DEFB	$D9,$9C,$8F,$3C,$00,$00,$00,$00
 561+ 8AFC 00 00 00 00
 562+ 8B00
 563+ 8B00              Amadeus_Fb:
 564+ 8B00
 565+ 8B00 00 18 00 02  	DEFB	$00,$18,$00,$02,$3C,$40,$02,$66
 565+ 8B04 3C 40 02 66
 566+ 8B08 40 02 42 40  	DEFB	$40,$02,$42,$40,$02,$C3,$40,$06
 566+ 8B0C 02 C3 40 06
 567+ 8B10 DB 60 06 FF  	DEFB	$DB,$60,$06,$FF,$60,$06,$7E,$60
 567+ 8B14 60 06 7E 60
 568+ 8B18 0E 7E 70 0F  	DEFB	$0E,$7E,$70,$0F,$3C,$F0,$0F,$7E
 568+ 8B1C 3C F0 0F 7E
 569+ 8B20 F0 0F FF F0  	DEFB	$F0,$0F,$FF,$F0,$0F,$BD,$F0,$0F
 569+ 8B24 0F BD F0 0F
 570+ 8B28 BD F0 08 BD  	DEFB	$BD,$F0,$08,$BD,$10,$07,$18,$E0 	; $Fb (4º DESPLZ a derecha).
 570+ 8B2C 10 07 18 E0
 571+ 8B30
 572+ 8B30              Amadeus_Fd:
 573+ 8B30
 574+ 8B30 00 06 00 00  	DEFB	$00,$06,$00,$00,$8F,$10,$00,$99
 574+ 8B34 8F 10 00 99
 575+ 8B38 90 00 90 90  	DEFB	$90,$00,$90,$90,$00,$B0,$D0,$01
 575+ 8B3C 00 B0 D0 01
 576+ 8B40 B6 D8 01 BF  	DEFB	$B6,$D8,$01,$BF,$D8,$01,$9F,$98
 576+ 8B44 D8 01 9F 98
 577+ 8B48 03 9F 9C 03  	DEFB	$03,$9F,$9C,$03,$CF,$3C,$03,$DF
 577+ 8B4C CF 3C 03 DF
 578+ 8B50 BC 03 FF FC  	DEFB	$BC,$03,$FF,$FC,$03,$EF,$7C,$03
 578+ 8B54 03 EF 7C 03
 579+ 8B58 EF 7C 02 2F  	DEFB	$EF,$7C,$02,$2F,$44,$01,$C6,$38 	; $Fd (6º DESPLZ a derecha).
 579+ 8B5C 44 01 C6 38
 580+ 8B60
 581+ 8B60              ; ----------------------------------------------------------------------------------------
 582+ 8B60
 583+ 8B60              Indice_Explosion_entidades:
 584+ 8B60
 585+ 8B60 66 8B        	defw Explosion_entidades_1
 586+ 8B62 96 8B        	defw Explosion_entidades_2
 587+ 8B64 C6 8B        	defw Explosion_entidades_3
 588+ 8B66
 589+ 8B66              Explosion_entidades_1:
 590+ 8B66
 591+ 8B66 00 10 00     	DEFB 	$00,$10,$00
 592+ 8B69 08 10 00     	DEFB 	$08,$10,$00
 593+ 8B6C 04 38 40     	DEFB	$04,$38,$40
 594+ 8B6F 03 7D 80     	DEFB	$03,$7D,$80
 595+ 8B72 02 E6 80     	DEFB	$02,$E6,$80
 596+ 8B75 01 B7 00     	DEFB	$01,$B7,$00
 597+ 8B78 01 7F 00     	DEFB	$01,$7F,$00
 598+ 8B7B 03 DD 80     	DEFB	$03,$DD,$80
 599+ 8B7E 0F FF E0     	DEFB	$0F,$FF,$E0
 600+ 8B81 03 3B 80     	DEFB	$03,$3B,$80
 601+ 8B84 01 9D 00     	DEFB	$01,$9D,$00
 602+ 8B87 01 F6 00     	DEFB	$01,$F6,$00
 603+ 8B8A 02 FD 80     	DEFB	$02,$FD,$80
 604+ 8B8D 03 00 40     	DEFB	$03,$00,$40
 605+ 8B90 04 00 00     	DEFB	$04,$00,$00
 606+ 8B93 08 00 00     	DEFB	$08,$00,$00
 607+ 8B96
 608+ 8B96              Explosion_entidades_2:
 609+ 8B96
 610+ 8B96 08 00 00 05  	DEFB 	$08,$00,$00,$05,$38,$10,$03,$BC
 610+ 8B9A 38 10 03 BC
 611+ 8B9E 20 06 00 C0  	DEFB	$20,$06,$00,$C0,$04,$06,$C0,$00
 611+ 8BA2 04 06 C0 00
 612+ 8BA6 37 00 00 7F  	DEFB	$37,$00,$00,$7F,$00,$03,$DD,$80
 612+ 8BAA 00 03 DD 80
 613+ 8BAE 03 FE 00 03  	DEFB	$03,$FE,$00,$03,$3A,$70,$01,$9C
 613+ 8BB2 3A 70 01 9C
 614+ 8BB6 60 01 F6 40  	DEFB	$60,$01,$F6,$40,$04,$F8,$80,$06
 614+ 8BBA 04 F8 80 06
 615+ 8BBE 00 00 08 00  	DEFB	$00,$00,$08,$00,$00,$00,$00,$00
 615+ 8BC2 00 00 00 00
 616+ 8BC6
 617+ 8BC6              Explosion_entidades_3:
 618+ 8BC6
 619+ 8BC6 03 18 10 04  	DEFB 	$03,$18,$10,$04,$00,$20,$08,$00
 619+ 8BCA 00 20 08 00
 620+ 8BCE 40 00 00 C0  	DEFB	$40,$00,$00,$C0,$00,$06,$00,$00
 620+ 8BD2 00 06 00 00
 621+ 8BD6 15 00 08 1E  	DEFB	$15,$00,$08,$1E,$00,$00,$14,$30
 621+ 8BDA 00 00 14 30
 622+ 8BDE 08 66 00 00  	DEFB	$08,$66,$00,$00,$38,$00,$01,$08
 622+ 8BE2 38 00 01 08
 623+ 8BE6 00 01 80 00  	DEFB	$00,$01,$80,$00,$00,$80,$00,$04
 623+ 8BEA 00 80 00 04
 624+ 8BEE 03 20 06 00  	DEFB	$03,$20,$06,$00,$10,$08,$00,$20
 624+ 8BF2 10 08 00 20
 625+ 8BF6
 626+ 8BF6              ; ------------------------------------------
 627+ 8BF6
 628+ 8BF6              Indice_Explosion_Amadeus:
 629+ 8BF6
 630+ 8BF6 00 8C        	defw Explosion_Amadeus_1
 631+ 8BF8 30 8C        	defw Explosion_Amadeus_2
 632+ 8BFA 60 8C        	defw Explosion_Amadeus_3
 633+ 8BFC
 634+ 8BFC              ; --------------------------------------------------------------------------
 635+ 8BFC              ; FREE SPACE $04, 04d ------------------------------------------------------
 636+ 8BFC              ; --------------------------------------------------------------------------
 637+ 8BFC
 638+ 8BFC              	org $8c00
 639+ 8C00
 640+ 8C00              Explosion_Amadeus_1:
 641+ 8C00
 642+ 8C00 00 18 02     	DEFB 	$00,$18,$02
 643+ 8C03 02 3C 36     	DEFB	$02,$3C,$36
 644+ 8C06 02 66 56     	DEFB	$02,$66,$56
 645+ 8C09 02 42 48     	DEFB	$02,$42,$48
 646+ 8C0C 02 C3 32     	DEFB	$02,$C3,$32
 647+ 8C0F 06 DB 0C     	DEFB	$06,$DB,$0C
 648+ 8C12 06 FE 46     	DEFB	$06,$FE,$46
 649+ 8C15 06 79 68     	DEFB	$06,$79,$68
 650+ 8C18 0E 76 D8     	DEFB	$0E,$76,$D8
 651+ 8C1B 1E 34 6C     	DEFB	$1E,$34,$6C
 652+ 8C1E 0F 6E BE     	DEFB	$0F,$6E,$BE
 653+ 8C21 0F EF B0     	DEFB	$0F,$EF,$B0
 654+ 8C24 0F B5 A0     	DEFB	$0F,$B5,$A0
 655+ 8C27 0F B1 8A     	DEFB	$0F,$B1,$8A
 656+ 8C2A 08 BA 4C     	DEFB	$08,$BA,$4C
 657+ 8C2D 07 19 80     	DEFB	$07,$19,$80
 658+ 8C30
 659+ 8C30              Explosion_Amadeus_2:
 660+ 8C30
 661+ 8C30 00 18 02     	DEFB 	$00,$18,$02
 662+ 8C33 00 3C 36     	DEFB	$00,$3C,$36
 663+ 8C36 00 66 56     	DEFB	$00,$66,$56
 664+ 8C39 04 42 48     	DEFB	$04,$42,$48
 665+ 8C3C 0A 03 32     	DEFB	$0A,$03,$32
 666+ 8C3F 14 DB 0C     	DEFB	$14,$DB,$0C
 667+ 8C42 1C DE 46     	DEFB	$1C,$DE,$46
 668+ 8C45 36 49 68     	DEFB 	$36,$49,$68
 669+ 8C48 0C 76 D8     	DEFB	$0C,$76,$D8
 670+ 8C4B 10 34 6C     	DEFB	$10,$34,$6C
 671+ 8C4E 2B 6E BE     	DEFB	$2B,$6E,$BE
 672+ 8C51 0E AF B0     	DEFB	$0E,$AF,$B0
 673+ 8C54 29 B5 A0     	DEFB	$29,$B5,$A0
 674+ 8C57 0C 91 8A     	DEFB	$0C,$91,$8A
 675+ 8C5A 08 BA 4C     	DEFB	$08,$BA,$4C
 676+ 8C5D 07 19 80     	DEFB	$07,$19,$80
 677+ 8C60
 678+ 8C60              Explosion_Amadeus_3:
 679+ 8C60
 680+ 8C60 00 00 00     	DEFB 	$00,$00,$00
 681+ 8C63 00 00 00     	DEFB	$00,$00,$00
 682+ 8C66 00 00 00     	DEFB	$00,$00,$00
 683+ 8C69 00 00 40     	DEFB	$00,$00,$40
 684+ 8C6C 00 00 30     	DEFB	$00,$00,$30
 685+ 8C6F 00 00 08     	DEFB	$00,$00,$08
 686+ 8C72 00 82 40     	DEFB	$00,$82,$40
 687+ 8C75 04 04 68     	DEFB	$04,$04,$68
 688+ 8C78 04 20 58     	DEFB	$04,$20,$58
 689+ 8C7B 18 12 2C     	DEFB	$18,$12,$2C
 690+ 8C7E 2A 40 3C     	DEFB	$2A,$40,$3C
 691+ 8C81 0F C2 30     	DEFB	$0F,$C2,$30
 692+ 8C84 29 80 A0     	DEFB	$29,$80,$A0
 693+ 8C87 0F 84 88     	DEFB	$0F,$84,$88
 694+ 8C8A 08 A0 4C     	DEFB	$08,$A0,$4C
 695+ 8C8D 07 11 80     	DEFB	$07,$11,$80
 696+ 8C90
 697+ 8C90              ; --------------------------------------------------------------------------
 698+ 8C90
 699+ 8C90              Index_big_numbers:
 700+ 8C90
 701+ 8C90 A4 8C        	DEFW Cero
 702+ 8C92 00 8D        	DEFW Uno
 703+ 8C94 30 8D        	DEFW Dos
 704+ 8C96 60 8D        	DEFW Tres
 705+ 8C98 90 8D        	DEFW Cuatro
 706+ 8C9A C0 8D        	DEFW Cinco
 707+ 8C9C 00 8E        	DEFW Seis
 708+ 8C9E 30 8E        	DEFW Siete
 709+ 8CA0 60 8E        	DEFW Ocho
 710+ 8CA2 90 8E        	DEFW Nueve
 711+ 8CA4
 712+ 8CA4              ; --------------------------------------------------------------------------
 713+ 8CA4
 714+ 8CA4              ; ASM source file created by SevenuP v1.20
 715+ 8CA4              ; SevenuP (C) Copyright 2002-2006 by Jaime Tejedor Gomez, aka Metalbrain
 716+ 8CA4
 717+ 8CA4              ;GRAPHIC DATA:
 718+ 8CA4              ;Pixel Size:      ( 16,  24)
 719+ 8CA4              ;Char Size:       (  2,   3)
 720+ 8CA4              ;Sort Priorities: X char, Char line, Y char
 721+ 8CA4              ;Data Outputted:  Gfx
 722+ 8CA4              ;Interleave:      Line
 723+ 8CA4              ;Mask:            No
 724+ 8CA4
 725+ 8CA4              Cero:
 726+ 8CA4
 727+ 8CA4 00 00 00 00  	DEFB	$00,$00,$00,$00,$3F,$FC,$1F,$F8
 727+ 8CA8 3F FC 1F F8
 728+ 8CAC 4F F2 60 06  	DEFB	$4F,$F2,$60,$06,$70,$0E,$70,$0E
 728+ 8CB0 70 0E 70 0E
 729+ 8CB4 70 0E 70 0E  	DEFB	$70,$0E,$70,$0E,$60,$06,$40,$02
 729+ 8CB8 60 06 40 02
 730+ 8CBC 00 00 40 02  	DEFB	$00,$00,$40,$02,$60,$06,$70,$0E
 730+ 8CC0 60 06 70 0E
 731+ 8CC4 70 0E 70 0E  	DEFB	$70,$0E,$70,$0E,$70,$0E,$60,$06
 731+ 8CC8 70 0E 60 06
 732+ 8CCC 4F F2 1F F8  	DEFB	$4F,$F2,$1F,$F8,$3F,$FC,$00,$00
 732+ 8CD0 3F FC 00 00
 733+ 8CD4
 734+ 8CD4
 735+ 8CD4              ; ASM source file created by SevenuP v1.20
 736+ 8CD4              ; SevenuP (C) Copyright 2002-2006 by Jaime Tejedor Gomez, aka Metalbrain
 737+ 8CD4
 738+ 8CD4              ;GRAPHIC DATA:
 739+ 8CD4              ;Pixel Size:      ( 16,  16)
 740+ 8CD4              ;Char Size:       (  2,   2)
 741+ 8CD4              ;Sort Priorities: X char, Char line, Y char
 742+ 8CD4              ;Data Outputted:  Gfx
 743+ 8CD4              ;Interleave:      Line
 744+ 8CD4              ;Mask:            No
 745+ 8CD4
 746+ 8CD4              _e:
 747+ 8CD4 00 00 00 00  	DEFB	$00,$00,$00,$00,$00,$00,$00,$00
 747+ 8CD8 00 00 00 00
 748+ 8CDC 00 00 9E 38  	DEFB	$00,$00,$9E,$38,$BB,$38,$B3,$38
 748+ 8CE0 BB 38 B3 38
 749+ 8CE4 73 80 7F 80  	DEFB	$73,$80,$7F,$80,$70,$00,$79,$B8
 749+ 8CE8 70 00 79 B8
 750+ 8CEC 3F 38 1E 38  	DEFB	$3F,$38,$1E,$38,$00,$00,$00,$00
 750+ 8CF0 00 00 00 00
 751+ 8CF4
 752+ 8CF4
 753+ 8CF4              ; ASM source file created by SevenuP v1.20
 754+ 8CF4              ; SevenuP (C) Copyright 2002-2006 by Jaime Tejedor Gomez, aka Metalbrain
 755+ 8CF4
 756+ 8CF4              ;GRAPHIC DATA:
 757+ 8CF4              ;Pixel Size:      (  8,   8)
 758+ 8CF4              ;Char Size:       (  1,   1)
 759+ 8CF4              ;Sort Priorities: Char line
 760+ 8CF4              ;Data Outputted:  Gfx
 761+ 8CF4              ;Interleave:      Line
 762+ 8CF4              ;Mask:            No
 763+ 8CF4
 764+ 8CF4              Best_Score_3:
 765+ 8CF4
 766+ 8CF4 00 00 00 00  	DEFB	$00,$00,$00,$00,$00,$8D,$DD,$70			; Char_3, (2ª Columna-arriba).
 766+ 8CF8 00 8D DD 70
 767+ 8CFC
 768+ 8CFC              ; --------------------------------------------------------------------------
 769+ 8CFC              ; FREE SPACE $04,04d -------------------------------------------------------
 770+ 8CFC              ; --------------------------------------------------------------------------
 771+ 8CFC
 772+ 8CFC              	org $8d00
 773+ 8D00
 774+ 8D00              Uno:
 775+ 8D00
 776+ 8D00 00 00 00 00  	DEFB	$00,$00,$00,$00,$00,$00,$00,$00
 776+ 8D04 00 00 00 00
 777+ 8D08 00 02 00 06  	DEFB	$00,$02,$00,$06,$00,$0E,$00,$0E
 777+ 8D0C 00 0E 00 0E
 778+ 8D10 00 0E 00 0E  	DEFB	$00,$0E,$00,$0E,$00,$06,$00,$02
 778+ 8D14 00 06 00 02
 779+ 8D18 00 00 00 02  	DEFB	$00,$00,$00,$02,$00,$06,$00,$0E
 779+ 8D1C 00 06 00 0E
 780+ 8D20 00 0E 00 0E  	DEFB	$00,$0E,$00,$0E,$00,$0E,$00,$06
 780+ 8D24 00 0E 00 06
 781+ 8D28 00 02 00 00  	DEFB	$00,$02,$00,$00,$00,$00,$00,$00
 781+ 8D2C 00 00 00 00
 782+ 8D30
 783+ 8D30              Dos:
 784+ 8D30
 785+ 8D30 00 00 00 00  	DEFB	$00,$00,$00,$00,$3F,$FC,$1F,$F8
 785+ 8D34 3F FC 1F F8
 786+ 8D38 0F F2 00 06  	DEFB	$0F,$F2,$00,$06,$00,$0E,$00,$0E
 786+ 8D3C 00 0E 00 0E
 787+ 8D40 00 0E 00 0E  	DEFB	$00,$0E,$00,$0E,$00,$06,$0F,$F2
 787+ 8D44 00 06 0F F2
 788+ 8D48 1F F8 4F F0  	DEFB	$1F,$F8,$4F,$F0,$60,$00,$70,$00
 788+ 8D4C 60 00 70 00
 789+ 8D50 70 00 70 00  	DEFB	$70,$00,$70,$00,$70,$00,$60,$00
 789+ 8D54 70 00 60 00
 790+ 8D58 4F F0 1F F8  	DEFB	$4F,$F0,$1F,$F8,$3F,$FC,$00,$00
 790+ 8D5C 3F FC 00 00
 791+ 8D60
 792+ 8D60              Tres:
 793+ 8D60
 794+ 8D60 00 00 00 00  	DEFB	$00,$00,$00,$00,$3F,$FC,$1F,$F8
 794+ 8D64 3F FC 1F F8
 795+ 8D68 0F F2 00 06  	DEFB	$0F,$F2,$00,$06,$00,$0E,$00,$0E
 795+ 8D6C 00 0E 00 0E
 796+ 8D70 00 0E 00 0E  	DEFB	$00,$0E,$00,$0E,$00,$06,$0F,$F2
 796+ 8D74 00 06 0F F2
 797+ 8D78 1F F8 0F F2  	DEFB	$1F,$F8,$0F,$F2,$00,$06,$00,$0E
 797+ 8D7C 00 06 00 0E
 798+ 8D80 00 0E 00 0E  	DEFB	$00,$0E,$00,$0E,$00,$0E,$00,$06
 798+ 8D84 00 0E 00 06
 799+ 8D88 0F F2 1F F8  	DEFB	$0F,$F2,$1F,$F8,$3F,$FC,$00,$00
 799+ 8D8C 3F FC 00 00
 800+ 8D90
 801+ 8D90              Cuatro:
 802+ 8D90
 803+ 8D90 00 00 00 00  	DEFB	$00,$00,$00,$00,$00,$00,$40,$02
 803+ 8D94 00 00 40 02
 804+ 8D98 60 06 70 0E  	DEFB	$60,$06,$70,$0E,$70,$0E,$70,$0E
 804+ 8D9C 70 0E 70 0E
 805+ 8DA0 70 0E 70 0E  	DEFB	$70,$0E,$70,$0E,$60,$06,$5F,$FA
 805+ 8DA4 60 06 5F FA
 806+ 8DA8 3F FC 1F FA  	DEFB	$3F,$FC,$1F,$FA,$00,$06,$00,$0E
 806+ 8DAC 00 06 00 0E
 807+ 8DB0 00 0E 00 0E  	DEFB	$00,$0E,$00,$0E,$00,$0E,$00,$0E
 807+ 8DB4 00 0E 00 0E
 808+ 8DB8 00 06 00 02  	DEFB	$00,$06,$00,$02,$00,$00,$00,$00
 808+ 8DBC 00 00 00 00
 809+ 8DC0
 810+ 8DC0              Cinco:
 811+ 8DC0
 812+ 8DC0 00 00 00 00  	DEFB	$00,$00,$00,$00,$3F,$FC,$1F,$F8
 812+ 8DC4 3F FC 1F F8
 813+ 8DC8 4F F0 60 00  	DEFB	$4F,$F0,$60,$00,$70,$00,$70,$00
 813+ 8DCC 70 00 70 00
 814+ 8DD0 70 00 70 00  	DEFB	$70,$00,$70,$00,$60,$00,$4F,$F0
 814+ 8DD4 60 00 4F F0
 815+ 8DD8 1F F8 0F F2  	DEFB	$1F,$F8,$0F,$F2,$00,$06,$00,$0E
 815+ 8DDC 00 06 00 0E
 816+ 8DE0 00 0E 00 0E  	DEFB	$00,$0E,$00,$0E,$00,$0E,$00,$06
 816+ 8DE4 00 0E 00 06
 817+ 8DE8 0F F2 1F F8  	DEFB	$0F,$F2,$1F,$F8,$3F,$FC,$00,$00
 817+ 8DEC 3F FC 00 00
 818+ 8DF0
 819+ 8DF0              ; ASM source file created by SevenuP v1.20
 820+ 8DF0              ; SevenuP (C) Copyright 2002-2006 by Jaime Tejedor Gomez, aka Metalbrain
 821+ 8DF0
 822+ 8DF0              ;GRAPHIC DATA:
 823+ 8DF0              ;Pixel Size:      (  8,  16)
 824+ 8DF0              ;Char Size:       (  1,   2)
 825+ 8DF0              ;Sort Priorities: Char line, Y char
 826+ 8DF0              ;Data Outputted:  Gfx
 827+ 8DF0              ;Interleave:      Line
 828+ 8DF0              ;Mask:            No
 829+ 8DF0
 830+ 8DF0              Best_Score_4: 											; Chars 5 y 6, (3ª Columna).
 831+ 8DF0
 832+ 8DF0 00 80 80 81  	DEFB	$00,$80,$80,$81,$81,$F1,$F1,$80
 832+ 8DF4 81 F1 F1 80
 833+ 8DF8 80 80 80 82  	DEFB	$80,$80,$80,$82,$83,$81,$80,$00
 833+ 8DFC 83 81 80 00
 834+ 8E00
 835+ 8E00              Seis:
 836+ 8E00
 837+ 8E00 00 00 00 00  	DEFB	$00,$00,$00,$00,$3F,$FC,$1F,$F8
 837+ 8E04 3F FC 1F F8
 838+ 8E08 4F F0 60 00  	DEFB	$4F,$F0,$60,$00,$70,$00,$70,$00
 838+ 8E0C 70 00 70 00
 839+ 8E10 70 00 70 00  	DEFB	$70,$00,$70,$00,$60,$00,$4F,$F0
 839+ 8E14 60 00 4F F0
 840+ 8E18 1F F8 4F F2  	DEFB	$1F,$F8,$4F,$F2,$60,$06,$70,$0E
 840+ 8E1C 60 06 70 0E
 841+ 8E20 70 0E 70 0E  	DEFB	$70,$0E,$70,$0E,$70,$0E,$60,$06
 841+ 8E24 70 0E 60 06
 842+ 8E28 4F F2 1F F8  	DEFB	$4F,$F2,$1F,$F8,$3F,$FC,$00,$00
 842+ 8E2C 3F FC 00 00
 843+ 8E30
 844+ 8E30              Siete:
 845+ 8E30
 846+ 8E30 00 00 00 00  	DEFB	$00,$00,$00,$00,$3F,$FC,$1F,$F8
 846+ 8E34 3F FC 1F F8
 847+ 8E38 0F F2 00 06  	DEFB	$0F,$F2,$00,$06,$00,$0E,$00,$0E
 847+ 8E3C 00 0E 00 0E
 848+ 8E40 00 0E 00 0E  	DEFB	$00,$0E,$00,$0E,$00,$06,$00,$02
 848+ 8E44 00 06 00 02
 849+ 8E48 00 00 00 02  	DEFB	$00,$00,$00,$02,$00,$06,$00,$0E
 849+ 8E4C 00 06 00 0E
 850+ 8E50 00 0E 00 0E  	DEFB	$00,$0E,$00,$0E,$00,$0E,$00,$06
 850+ 8E54 00 0E 00 06
 851+ 8E58 00 02 00 00  	DEFB	$00,$02,$00,$00,$00,$00,$00,$00
 851+ 8E5C 00 00 00 00
 852+ 8E60
 853+ 8E60              Ocho:
 854+ 8E60
 855+ 8E60 00 00 00 00  	DEFB	$00,$00,$00,$00,$3F,$FC,$1F,$F8
 855+ 8E64 3F FC 1F F8
 856+ 8E68 4F F2 60 06  	DEFB	$4F,$F2,$60,$06,$70,$0E,$70,$0E
 856+ 8E6C 70 0E 70 0E
 857+ 8E70 70 0E 70 0E  	DEFB	$70,$0E,$70,$0E,$60,$06,$4F,$F2
 857+ 8E74 60 06 4F F2
 858+ 8E78 1F F8 4F F2  	DEFB	$1F,$F8,$4F,$F2,$60,$06,$70,$0E
 858+ 8E7C 60 06 70 0E
 859+ 8E80 70 0E 70 0E  	DEFB	$70,$0E,$70,$0E,$70,$0E,$60,$06
 859+ 8E84 70 0E 60 06
 860+ 8E88 4F F2 1F F8  	DEFB	$4F,$F2,$1F,$F8,$3F,$FC,$00,$00
 860+ 8E8C 3F FC 00 00
 861+ 8E90
 862+ 8E90              Nueve:
 863+ 8E90
 864+ 8E90 00 00 00 00  	DEFB	$00,$00,$00,$00,$3F,$FC,$1F,$F8
 864+ 8E94 3F FC 1F F8
 865+ 8E98 4F F2 60 06  	DEFB	$4F,$F2,$60,$06,$70,$0E,$70,$0E
 865+ 8E9C 70 0E 70 0E
 866+ 8EA0 70 0E 70 0E  	DEFB	$70,$0E,$70,$0E,$60,$06,$4F,$F2
 866+ 8EA4 60 06 4F F2
 867+ 8EA8 1F F8 0F F2  	DEFB	$1F,$F8,$0F,$F2,$00,$06,$00,$0E
 867+ 8EAC 00 06 00 0E
 868+ 8EB0 00 0E 00 0E  	DEFB	$00,$0E,$00,$0E,$00,$0E,$00,$06
 868+ 8EB4 00 0E 00 06
 869+ 8EB8 0F F2 1F F8  	DEFB	$0F,$F2,$1F,$F8,$3F,$FC,$00,$00
 869+ 8EBC 3F FC 00 00
 870+ 8EC0
 871+ 8EC0              ; ASM source file created by SevenuP v1.20
 872+ 8EC0              ; SevenuP (C) Copyright 2002-2006 by Jaime Tejedor Gomez, aka Metalbrain
 873+ 8EC0
 874+ 8EC0              ;GRAPHIC DATA:
 875+ 8EC0              ;Pixel Size:      ( 16,  16)
 876+ 8EC0              ;Char Size:       (  2,   2)
 877+ 8EC0              ;Sort Priorities: X char, Char line, Y char
 878+ 8EC0              ;Data Outputted:  Gfx
 879+ 8EC0              ;Interleave:      Line
 880+ 8EC0              ;Mask:            No
 881+ 8EC0
 882+ 8EC0              _Sc:
 883+ 8EC0
 884+ 8EC0 00 00 00 00  	DEFB	$00,$00,$00,$00,$1F,$C0,$33,$C0
 884+ 8EC4 1F C0 33 C0
 885+ 8EC8 71 C0 78 C7  	DEFB	$71,$C0,$78,$C7,$3E,$0D,$1F,$1D
 885+ 8ECC 3E 0D 1F 1D
 886+ 8ED0 07 9D 03 DC  	DEFB	$07,$9D,$03,$DC,$61,$DC,$70,$DC
 886+ 8ED4 61 DC 70 DC
 887+ 8ED8 79 8F 7F 07  	DEFB	$79,$8F,$7F,$07,$00,$00,$00,$00
 887+ 8EDC 00 00 00 00
 888+ 8EE0
 889+ 8EE0
 890+ 8EE0              Indice_de_digitos_score:
 891+ 8EE0
 892+ 8EE0 80 3D        	DEFW	Cero_Score
 893+ 8EE2 88 3D        	DEFW	Uno_Score
 894+ 8EE4 90 3D        	DEFW	Dos_Score
 895+ 8EE6 98 3D        	DEFW	Tres_Score
 896+ 8EE8 A0 3D        	DEFW	Cuatro_Score
 897+ 8EEA A8 3D        	DEFW	Cinco_Score
 898+ 8EEC B0 3D        	DEFW	Seis_Score
 899+ 8EEE B8 3D        	DEFW	Siete_Score
 900+ 8EF0 C0 3D        	DEFW	Ocho_Score
 901+ 8EF2 C8 3D        	DEFW	Nueve_Score
 902+ 8EF4
 903+ 8EF4              ; ASM source file created by SevenuP v1.20
 904+ 8EF4              ; SevenuP (C) Copyright 2002-2006 by Jaime Tejedor Gomez, aka Metalbrain
 905+ 8EF4
 906+ 8EF4              ;GRAPHIC DATA:
 907+ 8EF4              ;Pixel Size:      ( 48,  40)
 908+ 8EF4              ;Char Size:       (  6,   5)
 909+ 8EF4              ;Sort Priorities: X char, Char line, Y char
 910+ 8EF4              ;Data Outputted:  Gfx
 911+ 8EF4              ;Interleave:      Line
 912+ 8EF4              ;Mask:            No
 913+ 8EF4
 914+ 8EF4              Moon:
 915+ 8EF4
 916+ 8EF4 BF FF FD 03  	DEFB	$BF,$FF,$FD,$03,$7F,$FF,$D8,$F3
 916+ 8EF8 7F FF D8 F3
 917+ 8EFC FD 86 FE 07  	DEFB	$FD,$86,$FE,$07,$68,$F9,$FE,$FD
 917+ 8F00 68 F9 FE FD
 918+ 8F04 F6 07 78 FC  	DEFB	$F6,$07,$78,$FC,$FF,$33,$F6,$07
 918+ 8F08 FF 33 F6 07
 919+ 8F0C 38 FC FF CF  	DEFB	$38,$FC,$FF,$CF,$BB,$07,$3F,$FC
 919+ 8F10 BB 07 3F FC
 920+ 8F14 FF FF BB 8F  	DEFB	$FF,$FF,$BB,$8F,$1F,$F9,$FF,$FC
 920+ 8F18 1F F9 FF FC
 921+ 8F1C 7C FF 1F E3  	DEFB	$7C,$FF,$1F,$E3,$83,$FF,$FF,$7F
 921+ 8F20 83 FF FF 7F
 922+ 8F24 11 FF 1D FF  	DEFB	$11,$FF,$1D,$FF,$FF,$9F,$30,$FF
 922+ 8F28 FF 9F 30 FF
 923+ 8F2C 1D DF FF FF  	DEFB	$1D,$DF,$FF,$FF,$20,$7F,$1D,$DE
 923+ 8F30 20 7F 1D DE
 924+ 8F34 FF FF 7C 3F  	DEFB	$FF,$FF,$7C,$3F,$1D,$EC,$F0,$7F
 924+ 8F38 1D EC F0 7F
 925+ 8F3C 46 1F 83 F3  	DEFB	$46,$1F,$83,$F3,$EF,$BF,$63,$1F
 925+ 8F40 EF BF 63 1F
 926+ 8F44 81 FF D8 DF  	DEFB	$81,$FF,$D8,$DF,$31,$8F,$E3,$FF
 926+ 8F48 31 8F E3 FF
 927+ 8F4C B0 5F 18 8F  	DEFB	$B0,$5F,$18,$8F,$FF,$FF,$A0,$AF
 927+ 8F50 FF FF A0 AF
 928+ 8F54 0C 8E FE 7F  	DEFB	$0C,$8E,$FE,$7F,$61,$AF,$07,$FE
 928+ 8F58 61 AF 07 FE
 929+ 8F5C FD BF 63 AF  	DEFB	$FD,$BF,$63,$AF,$00,$0F,$7F,$B3
 929+ 8F60 00 0F 7F B3
 930+ 8F64 B7 AF 00 07  	DEFB	$B7,$AF,$00,$07,$BE,$73,$B3,$5F
 930+ 8F68 BE 73 B3 5F
 931+ 8F6C 00 03 CF FF  	DEFB	$00,$03,$CF,$FF,$DC,$DF,$00,$01
 931+ 8F70 DC DF 00 01
 932+ 8F74 FF FF EF BF  	DEFB	$FF,$FF,$EF,$BF,$00,$00,$FF,$FF
 932+ 8F78 00 00 FF FF
 933+ 8F7C F0 7F 00 00  	DEFB	$F0,$7F,$00,$00,$C7,$F8,$FF,$FF
 933+ 8F80 C7 F8 FF FF
 934+ 8F84 00 01 83 F7  	DEFB	$00,$01,$83,$F7,$7F,$FF,$00,$01
 934+ 8F88 7F FF 00 01
 935+ 8F8C F1 E9 7F FF  	DEFB	$F1,$E9,$7F,$FF,$00,$01,$08,$F9
 935+ 8F90 00 01 08 F9
 936+ 8F94 5F 8F 00 00  	DEFB	$5F,$8F,$00,$00,$84,$7E,$DF,$F7
 936+ 8F98 84 7E DF F7
 937+ 8F9C 00 00 C2 3F  	DEFB	$00,$00,$C2,$3F,$DF,$FB,$00,$00
 937+ 8FA0 DF FB 00 00
 938+ 8FA4 61 3F 9E 7B  	DEFB	$61,$3F,$9E,$7B,$00,$00,$39,$3E
 938+ 8FA8 00 00 39 3E
 939+ 8FAC 3D 9B 00 00  	DEFB	$3D,$9B,$00,$00,$0F,$FE,$7B,$FB
 939+ 8FB0 0F FE 7B FB
 940+ 8FB4 00 00 03 8F  	DEFB	$00,$00,$03,$8F,$FB,$FB,$00,$00
 940+ 8FB8 FB FB 00 00
 941+ 8FBC 00 07 FA F7  	DEFB	$00,$07,$FA,$F7,$00,$00,$00,$01
 941+ 8FC0 00 00 00 01
 942+ 8FC4 FF 0F 00 00  	DEFB	$FF,$0F,$00,$00,$00,$00,$7F,$FF
 942+ 8FC8 00 00 7F FF
 943+ 8FCC 00 00 00 00  	DEFB	$00,$00,$00,$00,$1F,$FF,$00,$00
 943+ 8FD0 1F FF 00 00
 944+ 8FD4 00 00 07 FF  	DEFB	$00,$00,$07,$FF,$00,$00,$00,$00
 944+ 8FD8 00 00 00 00
 945+ 8FDC 01 FF 00 00  	DEFB	$01,$FF,$00,$00,$00,$00,$00,$1F
 945+ 8FE0 00 00 00 1F
 946+ 8FE4
 947+ 8FE4              ; ASM source file created by SevenuP v1.20
 948+ 8FE4              ; SevenuP (C) Copyright 2002-2006 by Jaime Tejedor Gomez, aka Metalbrain
 949+ 8FE4
 950+ 8FE4              ;GRAPHIC DATA:
 951+ 8FE4              ;Pixel Size:      (  8,   8)
 952+ 8FE4              ;Char Size:       (  1,   1)
 953+ 8FE4              ;Sort Priorities: Char line
 954+ 8FE4              ;Data Outputted:  Gfx
 955+ 8FE4              ;Interleave:      Line
 956+ 8FE4              ;Mask:            No
 957+ 8FE4
 958+ 8FE4              Best_Score_5:
 959+ 8FE4
 960+ 8FE4 B0 98 0C 44  	DEFB	$B0,$98,$0C,$44,$E4,$BC,$98,$00 			; Char 4, (2ª Columna-abajo).
 960+ 8FE8 E4 BC 98 00
 961+ 8FEC
 962+ 8FEC
 963+ 8FEC              ; ASM source file created by SevenuP v1.20
 964+ 8FEC              ; SevenuP (C) Copyright 2002-2006 by Jaime Tejedor Gomez, aka Metalbrain
 965+ 8FEC
 966+ 8FEC              ;GRAPHIC DATA:
 967+ 8FEC              ;Pixel Size:      (  8,  16)
 968+ 8FEC              ;Char Size:       (  1,   2)
 969+ 8FEC              ;Sort Priorities: Char line, Y char
 970+ 8FEC              ;Data Outputted:  Gfx
 971+ 8FEC              ;Interleave:      Line
 972+ 8FEC              ;Mask:            No
 973+ 8FEC
 974+ 8FEC              Best_Score_6: 											; Chars 7 y 8, (4ª Columna).
 975+ 8FEC
 976+ 8FEC 00 60 F0 B0  	DEFB	$00,$60,$F0,$B0,$00,$03,$C7,$E4
 976+ 8FF0 00 03 C7 E4
 977+ 8FF4 34 14 14 14  	DEFB	$34,$14,$14,$14,$34,$E7,$C3,$00
 977+ 8FF8 34 E7 C3 00
 978+ 8FFC
 979+ 8FFC              ; --------------------------------------------------------------------------
 980+ 8FFC              ; FREE SPACE $04,04d -------------------------------------------------------
 981+ 8FFC              ; --------------------------------------------------------------------------
 982+ 8FFC
# file closed: Sprites_e_indices.asm
 480  8FFC              	include "Cajas_y_disparos.asm"
# file opened: Cajas_y_disparos.asm
   1+ 8FFC              ; ---------------------------------------------------------------------
   2+ 8FFC              ; Cajas de entidades, Amadeus y disparos. Índices de disparos y cajas.
   3+ 8FFC              ; Índice de Patrón de movimiento para tipo de entidad.
   4+ 8FFC              ; ---------------------------------------------------------------------
   5+ 8FFC
   6+ 8FFC              ; 	14/06/26
   7+ 8FFC              ;
   8+ 8FFC              ;	En esta tabla iremos almacenando:
   9+ 8FFC              ;
  10+ 8FFC              ;	(Columna_Y),(Dirección de memoria donde se encuentran almacenados los scanlines masticados de cada entidad, (Scanlines_album)).
  11+ 8FFC              ;
  12+ 8FFC              ;	Los 6 últimos bytes contienen el borrado/pintado de Amadeus, (Amadeus_scanlines_album).
  13+ 8FFC
  14+ 8FFC              ;	Free mem. $8cc6 - $8cff .....$39 / 57d Bytes.
  15+ 8FFC
  16+ 8FFC              	org $9000
  17+ 9000
  18+ 9000 00 00 00...  Numeros_aleatorios ds 7
  19+ 9007 00 00 00...  Numeros_aleatorios_baile ds 7
  20+ 900E
  21+ 900E 00 00 00...  Tabla_de_pintado ds 30								; PUEDE HABER CAMBIO DE BYTE ALTO EN LA TABLA DE PINTADO.
  22+ 902C 00 00 00...  Tabla_de_borrado ds 24
  23+ 9044
  24+ 9044              ;	db 0, defw 0, db 0
  25+ 9044              ;	.....
  26+ 9044
  27+ 9044 E6 C9        Almacen_de_movimientos_masticados_1 defw $c9e6
  28+ 9046 00 00        Almacen_de_movimientos_masticados_2 defw 0
  29+ 9048 00 00        Almacen_de_movimientos_masticados_3 defw 0
  30+ 904A
  31+ 904A 00 00        	defw 0
  32+ 904C
  33+ 904C 00 00        Contador_general_de_mov_masticados_1 defw 0
  34+ 904E 00 00        Contador_general_de_mov_masticados_2 defw 0
  35+ 9050 00 00        Contador_general_de_mov_masticados_3 defw 0
  36+ 9052
  37+ 9052              ; -------------------------------------------------------------------------------------------------------
  38+ 9052
  39+ 9052 D1 91        Indice_de_mov_segun_tipo_de_entidad defw Indice_mov_Baile_de_BadSat			;	(Tipo)="$81"
  40+ 9054 79 91        	defw Indice_mov_Baile_de_Badplate 										;	(Tipo)="$82"
  41+ 9056              ; 	defw ...
  42+ 9056 00 00        	defw 0
  43+ 9058
  44+ 9058              ;* Caja del disparo de Amadeus y cajas de disparos de entidades.
  45+ 9058
  46+ 9058 00 00        Disparo_Amad defw 0									; Puntero objeto.
  47+ 905A 00 00        	defw 0									; Puntero de impresión.
  48+ 905C
  49+ 905C 93 90        Indice_de_disparos_entidades defw Disparo_1
  50+ 905E 8D 90        	defw Disparo_2
  51+ 9060 87 90        	defw Disparo_3
  52+ 9062 81 90        	defw Disparo_4
  53+ 9064 7B 90        	defw Disparo_5
  54+ 9066 75 90        	defw Disparo_6
  55+ 9068 6F 90        	defw Disparo_7
  56+ 906A
  57+ 906A 00 00 00     	db 0,0,0										; Puntero objeto.
  58+ 906D 00 00        	defw 0											; Puntero de impresión.
  59+ 906F 00           Disparo_7 db 0	     								; Control.
  60+ 9070
  61+ 9070 00 00 00     	db 0,0,0										; Puntero objeto.
  62+ 9073 00 00        	defw 0											; Puntero de impresión.
  63+ 9075 00           Disparo_6 db 0		    							; Control.
  64+ 9076
  65+ 9076 00 00 00     	db 0,0,0										; Puntero objeto.
  66+ 9079 00 00        	defw 0											; Puntero de impresión.
  67+ 907B 00           Disparo_5 db 0			    						; Control.
  68+ 907C
  69+ 907C 00 00 00     	db 0,0,0										; Puntero objeto.
  70+ 907F 00 00        	defw 0											; Puntero de impresión.
  71+ 9081 00           Disparo_4 db 0				     					; Control.
  72+ 9082
  73+ 9082 00 00 00     	db 0,0,0										; Puntero objeto.
  74+ 9085 00 00        	defw 0											; Puntero de impresión.
  75+ 9087 00           Disparo_3 db 0					    				; Control.
  76+ 9088
  77+ 9088 00 00 00     	db 0,0,0										; Puntero objeto.
  78+ 908B 00 00        	defw 0											; Puntero de impresión.
  79+ 908D 00           Disparo_2 db 0						    			; Control.
  80+ 908E
  81+ 908E 00 00 00     	db 0,0,0										; Puntero objeto.
  82+ 9091 00 00        	defw 0											; Puntero de impresión.
  83+ 9093 00           Disparo_1 db 0										; Control.
  84+ 9094
  85+ 9094              ; -------------------------------------------------------------------------------------
  86+ 9094              ;
  87+ 9094              ;	Índice de cajas_Masters.
  88+ 9094              ;
  89+ 9094              ;	12/4/25
  90+ 9094              ;
  91+ 9094              ;	14 bytes.
  92+ 9094
  93+ 9094              Indice_de_cajas_master:
  94+ 9094
  95+ 9094 9A 90        	defw Caja_master_1
  96+ 9096 A6 90        	defw Caja_master_2
  97+ 9098 B2 90        	defw Caja_master_3
  98+ 909A
  99+ 909A              Caja_master_1:
 100+ 909A
 101+ 909A 00           	db 0 											; (Clase).
 102+ 909B 00           	db 0 											; (Tipo).
 103+ 909C 00           	db 0											; (Contador_de_vueltas).
 104+ 909D 00           	db 0											; (Impacto).
 105+ 909E 00 00        	defw 0											; (Puntero_de_impresion).
 106+ 90A0 00 00        	defw 0											; (Puntero_de_almacen_de_mov_masticados).
 107+ 90A2 00 00        	defw 0 											; (Contador_de_mov_masticados).
 108+ 90A4 00           	db 0											; (Velocidad).
 109+ 90A5 00           	db 0 											; Atributos.
 110+ 90A6
 111+ 90A6              ; ---------- ---------- ---------- ---------- ----------
 112+ 90A6
 113+ 90A6              Caja_master_2:
 114+ 90A6
 115+ 90A6 00           	db 0 											; (Clase).
 116+ 90A7 00           	db 0 											; (Tipo).
 117+ 90A8 00           	db 0											; (Contador_de_vueltas).
 118+ 90A9 00           	db 0											; (Impacto).
 119+ 90AA 00 00        	defw 0											; (Puntero_de_impresion).
 120+ 90AC 00 00        	defw 0											; (Puntero_de_almacen_de_mov_masticados).
 121+ 90AE 00 00        	defw 0 											; (Contador_de_mov_masticados).
 122+ 90B0 00           	db 0											; (Velocidad).
 123+ 90B1 00           	db 0 											; Atributos.
 124+ 90B2
 125+ 90B2              ; ---------- ---------- ---------- ---------- ----------
 126+ 90B2
 127+ 90B2              Caja_master_3:
 128+ 90B2
 129+ 90B2 00           	db 0 											; (Clase).
 130+ 90B3 00           	db 0 											; (Tipo).
 131+ 90B4 00           	db 0											; (Contador_de_vueltas).
 132+ 90B5 00           	db 0											; (Impacto).
 133+ 90B6 00 00        	defw 0											; (Puntero_de_impresion).
 134+ 90B8 00 00        	defw 0											; (Puntero_de_almacen_de_mov_masticados).
 135+ 90BA 00 00        	defw 0 											; (Contador_de_mov_masticados).
 136+ 90BC 00           	db 0											; (Velocidad).
 137+ 90BD 00           	db 0 											; Atributos.
 138+ 90BE
 139+ 90BE              ; -------------------------------------------------------------------------------------
 140+ 90BE              ;
 141+ 90BE              ;	Índice de cajas de entidades.
 142+ 90BE              ;
 143+ 90BE              ;	18/1/24
 144+ 90BE              ;
 145+ 90BE
 146+ 90BE              Indice_de_cajas_de_entidades:
 147+ 90BE
 148+ 90BE DA 90        	defw Caja_1
 149+ 90C0 E8 90        	defw Caja_2
 150+ 90C2 00 91        	defw Caja_3
 151+ 90C4 0E 91        	defw Caja_4
 152+ 90C6 1C 91        	defw Caja_5
 153+ 90C8
 154+ 90C8              ;	defw Caja_6
 155+ 90C8              ;	defw Caja_7
 156+ 90C8
 157+ 90C8 00 00        	defw 0
 158+ 90CA 00 00        	defw 0
 159+ 90CC
 160+ 90CC              ; ---------- ---------- ---------- ---------- ----------
 161+ 90CC              ;
 162+ 90CC              ;	17/4/25
 163+ 90CC              ;
 164+ 90CC
 165+ 90CC 00 00        Amadeus_BOX db 0,0									; (Clase), (Tipo).
 166+ 90CE 00           	db 0											; (Contador_de_vueltas).
 167+ 90CF 00           Impacto_Amadeus	db 0								; (Impacto).
 168+ 90D0 00 00        p.imp.amadeus defw 0								; (Puntero_de_impresion).
 169+ 90D2 00 00        Pamm_Amadeus defw 0									; (Puntero_de_almacen_de_mov_masticados).
 170+ 90D4 00 00        Comm_Amadeus defw 0 								; (Contador_de_mov_masticados).
 171+ 90D6 00           	db 0											; (Velocidad).
 172+ 90D7 00           Attr_Amadeus db 0 									; (Attr).
 173+ 90D8
 174+ 90D8 00 15        CX_Amadeus db 0,$15                            		; (Coordenada_X), (Coordenada_Y).
 175+ 90DA
 176+ 90DA              ; ---------- ---------- ---------- ---------- ----------
 177+ 90DA              ;
 178+ 90DA              ;	12/4/25
 179+ 90DA              ;
 180+ 90DA              ; 	(Cada caja tiene 14 bytes).
 181+ 90DA              ;
 182+ 90DA
 183+ 90DA              Caja_1
 184+ 90DA
 185+ 90DA 00           	db 0 											; (Clase).
 186+ 90DB 00           	db 0 											; (Tipo).
 187+ 90DC 00           	db 0											; (Contador_de_vueltas).
 188+ 90DD 00           	db 0											; (Impacto).
 189+ 90DE 00 00        	defw 0											; (Puntero_de_impresion).
 190+ 90E0 00 00        	defw 0											; (Puntero_de_almacen_de_mov_masticados).
 191+ 90E2 00 00        	defw 0 											; (Contador_de_mov_masticados).
 192+ 90E4 00           	db 0											; (Velocidad).
 193+ 90E5 00           	db 0 											; Atributos.
 194+ 90E6
 195+ 90E6 00           	db 0 											; (Coordenada_X).
 196+ 90E7 00           	db 0 											; (Coordenada_Y).
 197+ 90E8
 198+ 90E8              ; ---------- ---------- ---------- ---------- ----------
 199+ 90E8
 200+ 90E8              Caja_2
 201+ 90E8
 202+ 90E8 00           	db 0 											; (Clase).
 203+ 90E9 00           	db 0 											; (Tipo).
 204+ 90EA 00           	db 0											; (Contador_de_vueltas).
 205+ 90EB 00           	db 0											; (Impacto).
 206+ 90EC 00 00        	defw 0											; (Puntero_de_impresion).
 207+ 90EE 00 00        	defw 0											; (Puntero_de_almacen_de_mov_masticados).
 208+ 90F0 00 00        	defw 0 											; (Contador_de_mov_masticados).
 209+ 90F2 00           	db 0											; (Velocidad).
 210+ 90F3 00           	db 0 											; Atributos.
 211+ 90F4
 212+ 90F4 00           	db 0 											; (Coordenada_X).
 213+ 90F5 00           	db 0 											; (Coordenada_Y).
 214+ 90F6
 215+ 90F6              ; --------------------------------------------------------------------------
 216+ 90F6              ; FREE SPACE $04, 04d ------------------------------------------------------
 217+ 90F6              ; --------------------------------------------------------------------------
 218+ 90F6
 219+ 90F6              	org $9100
 220+ 9100
 221+ 9100              Caja_3
 222+ 9100
 223+ 9100 00           	db 0 											; (Clase).
 224+ 9101 00           	db 0 											; (Tipo).
 225+ 9102 00           	db 0											; (Contador_de_vueltas).
 226+ 9103 00           	db 0											; (Impacto).
 227+ 9104 00 00        	defw 0											; (Puntero_de_impresion).
 228+ 9106 00 00        	defw 0											; (Puntero_de_almacen_de_mov_masticados).
 229+ 9108 00 00        	defw 0 											; (Contador_de_mov_masticados).
 230+ 910A 00           	db 0											; (Velocidad).
 231+ 910B 00           	db 0 											; Atributos.
 232+ 910C
 233+ 910C 00           	db 0 											; (Coordenada_X).
 234+ 910D 00           	db 0 											; (Coordenada_Y).
 235+ 910E
 236+ 910E              ; ---------- ---------- ---------- ---------- ----------
 237+ 910E
 238+ 910E              Caja_4
 239+ 910E
 240+ 910E 00           	db 0 											; (Clase).
 241+ 910F 00           	db 0 											; (Tipo).
 242+ 9110 00           	db 0											; (Contador_de_vueltas).
 243+ 9111 00           	db 0											; (Impacto).
 244+ 9112 00 00        	defw 0											; (Puntero_de_impresion).
 245+ 9114 00 00        	defw 0											; (Puntero_de_almacen_de_mov_masticados).
 246+ 9116 00 00        	defw 0 											; (Contador_de_mov_masticados).
 247+ 9118 00           	db 0											; (Velocidad).
 248+ 9119 00           	db 0 											; Atributos.
 249+ 911A
 250+ 911A 00           	db 0 											; (Coordenada_X).
 251+ 911B 00           	db 0 											; (Coordenada_Y).
 252+ 911C
 253+ 911C              ; ---------- ---------- ---------- ---------- ----------
 254+ 911C
 255+ 911C              Caja_5
 256+ 911C
 257+ 911C 00           	db 0 											; (Clase).
 258+ 911D 00           	db 0 											; (Tipo).
 259+ 911E 00           	db 0											; (Contador_de_vueltas).
 260+ 911F 00           	db 0											; (Impacto).
 261+ 9120 00 00        	defw 0											; (Puntero_de_impresion).
 262+ 9122 00 00        	defw 0											; (Puntero_de_almacen_de_mov_masticados).
 263+ 9124 00 00        	defw 0 											; (Contador_de_mov_masticados).
 264+ 9126 00           	db 0											; (Velocidad).
 265+ 9127 00           	db 0 											; Atributos.
 266+ 9128
 267+ 9128 00           	db 0 											; (Coordenada_X).
 268+ 9129 00           	db 0 											; (Coordenada_Y).
 269+ 912A
 270+ 912A              ; -------------------------------------------------------------------------------------
 271+ 912A              ;
 272+ 912A              ;	9/9/26
 273+ 912A              ;
 274+ 912A              ;	CLASES de "Entidades maliciosas" que quieren conquistar la Tierra.
 275+ 912A              ;
 276+ 912A              ;	(Definiciones de entidades).
 277+ 912A              ;
 278+ 912A              ;	El (Tipo) de la entidad define el patrón de movimientos.
 279+ 912A
 280+ 912A              Indice_de_definiciones_de_entidades:
 281+ 912A
 282+ 912A 36 91        	defw Entidad_Tipo_Badsat
 283+ 912C 36 91        	defw Entidad_Tipo_Badsat
 284+ 912E 36 91        	defw Entidad_Tipo_Badsat
 285+ 9130 41 91        	defw Entidad_Tipo_Badplate
 286+ 9132 41 91        	defw Entidad_Tipo_Badplate
 287+ 9134 41 91        	defw Entidad_Tipo_Badplate
 288+ 9136
 289+ 9136              ; Entidades (Tipo) BADSAT. (Satélites poseidos).
 290+ 9136              ; (Clase): 1,2 y 3
 291+ 9136
 292+ 9136              Entidad_Tipo_Badsat:
 293+ 9136
 294+ 9136 81 02 02     	db $81,2,2		                				; (Tipo) / (Filas) / (Columns).
 295+ 9139 02           	db 2											; (Contador_de_vueltas). "2": Sólo una vuelta lenta. "1" Dos vueltas lentas.
 296+ 913A C0 88        	defw Indice_Badsat_der							; (Indice_Sprite_der).
 297+ 913C 30 87        	defw Indice_Badsat_izq							; (Indice_Sprite_izq).
 298+ 913E 60 40        	defw $4060		              					; (Posicion_inicio).
 299+ 9140 44           	db %01000100 									; (Attr).
 300+ 9141
 301+ 9141
 302+ 9141              ; Entidades (Tipo) BADPLATE. (Platillos volantes).
 303+ 9141              ; (Clase): 4 y 5
 304+ 9141
 305+ 9141              Entidad_Tipo_Badplate:
 306+ 9141
 307+ 9141 82 02 02     	db $82,2,2						                ; (Tipo) / (Filas) / (Columns).
 308+ 9144 02           	db 2											; (Contador_de_vueltas). "2": Sólo una vuelta lenta. "1" Dos vueltas lentas.
 309+ 9145 76 85        	defw Indice_Badplate_der						; (Indice_Sprite_der).
 310+ 9147 86 85        	defw Indice_Badplate_izq						; (Indice_Sprite_izq).
 311+ 9149 60 40        	defw $4060	                					; (Posicion_inicio).
 312+ 914B 44           	db %01000100 									; (Attr).
 313+ 914C
 314+ 914C              ;	Definición de Amadeus.
 315+ 914C
 316+ 914C              Definicion_Amadeus:
 317+ 914C
 318+ 914C 00 02 02     	db 0,2,2		                     			; (Tipo) / (Filas) / (Columns).
 319+ 914F 00           	db 0
 320+ 9150 60 8A        	defw Indice_Amadeus_der							; (Indice_Sprite_der).
 321+ 9152 70 8A        	defw Indice_Amadeus_izq							; (Indice_Sprite_izq).
 322+ 9154 C1 50        	defw $50c1	                                    ; (Posicion_inicio).
 323+ 9156 45           	db %01000101									; (Attr).
 324+ 9157
 325+ 9157              ; ---------------------------------------------
 326+ 9157              ; ---------------------------------------------
 327+ 9157              ; ---------------------------------------------
 328+ 9157              ; ---------------------------------------------
 329+ 9157              ; ---------------------------------------------
 330+ 9157
 331+ 9157              DONE_NOTES_MELODY_INDEX:
 332+ 9157
 333+ 9157 61 91        	defw Note_1x
 334+ 9159 67 91        	defw Note_2x
 335+ 915B 6D 91        	defw Note_3x
 336+ 915D 73 91        	defw Note_4x
 337+ 915F
 338+ 915F 00 00        	defw 0
 339+ 9161
 340+ 9161              Note_1x:
 341+ 9161
 342+ 9161              ;	ld bc,$0014                                             ; No ruido / 20 ondas completas
 343+ 9161              ;	ld de,$0005                                             ; Nota descendente / 5 unid. decrease.
 344+ 9161              ;	ld hl,$015e                                             ; Note init. value.
 345+ 9161
 346+ 9161 40 00        	defw $0040
 347+ 9163 00 00        	defw $0000
 348+ 9165 90 00        	defw $0090 												; $90
 349+ 9167
 350+ 9167              Note_2x:
 351+ 9167
 352+ 9167              ;    ld c,$14                                               ; Duración de la nueva nota, 20 ondas.
 353+ 9167              ;    ld e,0                                                 ; No existe decremento. (sonido plano).
 354+ 9167
 355+ 9167 40 00        	defw $0040
 356+ 9169 00 00        	defw $0000
 357+ 916B 24 00        	defw $0024
 358+ 916D
 359+ 916D              Note_3x:
 360+ 916D
 361+ 916D              ;	ld c,$24                                                ; Duración de la nueva nota.
 362+ 916D              ;	ld l,$a5                                                ; (HL) = $00a5. Nota, (duración de un semiciclo).
 363+ 916D
 364+ 916D 40 00        	defw $0040
 365+ 916F 00 00        	defw $0000
 366+ 9171 2E 00        	defw $002e
 367+ 9173
 368+ 9173              Note_4x:
 369+ 9173
 370+ 9173              ;	ld c,$14                                                ; Duración de la nueva nota.
 371+ 9173              ;	ld l,$fa                                                ; New note, (HL) = $00fa
 372+ 9173
 373+ 9173 C0 00        	defw $00c0
 374+ 9175 00 01        	defw $0100
 375+ 9177 02 00        	defw $0002
 376+ 9179
# file closed: Cajas_y_disparos.asm
 481  9179              	include "Patrones_de_mov.asm"
# file opened: Patrones_de_mov.asm
   1+ 9179
   2+ 9179
   3+ 9179              ;   07/07/23
   4+ 9179              ;
   5+ 9179              ;   Base de datos. PATRONES DE MOVIMIENTO.
   6+ 9179              ;
   7+ 9179              ;   Codificación:
   8+ 9179              ;
   9+ 9179              ;   La descripción de un movimiento consta de 1 o más desplazamientos.
  10+ 9179              ;
  11+ 9179              ;   Un desplazamiento tiene la siguiente estructura:
  12+ 9179              ;
  13+ 9179              ;   (Byte1),(Byte2),(Byte3),(Cola_de_desplazamiento).   (4 Bytes).
  14+ 9179              ;
  15+ 9179              ;                       Los bytes 1 y 2 definen la velocidad del desplazamiento.
  16+ 9179              ;
  17+ 9179              ;                       (Byte1) ..... % (Vel_up),(Vel_down)
  18+ 9179              ;                               ..... %01000010 Vel_up 4
  19+ 9179              ;                                               Vel_down 2
  20+ 9179              ;                               ..... $42
  21+ 9179              ;
  22+ 9179              ;                       (Byte2) ..... % (Vel_left),(Vel_right)
  23+ 9179              ;
  24+ 9179              ;                               ..... %01000010 Vel_left 4
  25+ 9179              ;                                               Vel_right 2
  26+ 9179              ;                               ..... $42
  27+ 9179              ;
  28+ 9179              ;                       El 3er byte describe la dirección y repeticiones del desplazamiento.
  29+ 9179              ;
  30+ 9179              ;                       (Byte3) ..... Descripción del desplazamiento.
  31+ 9179              ;
  32+ 9179              ;                       % up,down,left,right, Repetición del desplazamiento, (1-15).
  33+ 9179              ;
  34+ 9179              ;                                     %01010011 ..... (Abajo-derecha), 3 veces.
  35+ 9179              ;                                     $53
  36+ 9179              ;
  37+ 9179              ;                       Nota: (Repetimos_desplazamiento) nunca será "0".
  38+ 9179              ;
  39+ 9179              ;                       Esta tabla nos ayudará a codificar rápido los desplazamientos del mov.
  40+ 9179              ;                       Supongamos que solo ejecutamos 1 vez, cada desplazamiento:
  41+ 9179              ;
  42+ 9179              ;                       Arriba ..... $81
  43+ 9179              ;                       Arriba - izquierda ..... $a1
  44+ 9179              ;                       Arriba - derecha ..... $91
  45+ 9179              ;
  46+ 9179              ;                       Abajo ..... $41
  47+ 9179              ;                       Abajo - izquierda ..... $61
  48+ 9179              ;                       Abajo - derecha ..... $51
  49+ 9179              ;
  50+ 9179              ;   (Cola_de_desplazamiento) db 0			; Este byte indica:
  51+ 9179              ;
  52+ 9179              ;											;	"$00" , "0" ..... Hemos finalizado la cadena de movimiento.
  53+ 9179              ;											;				En este caso hemos de incrementar (Puntero_indice_mov)_
  54+ 9179              ;											;				_ y pasar a la siguiente cadena de movimiento del índice.
  55+ 9179              ;
  56+ 9179              ;											;	"$fd" , "1-253" ..... Repetición del MOVIMIENTO.
  57+ 9179              ;											;						         Nº de veces que vamos a repetir el movimiento completo.
  58+ 9179              ;											;					             En este caso, volveremos a inicializar (Puntero_mov),_
  59+ 9179              ;							    			;						         _ con (Puntero_indice_mov) y decrementaremos (Cola_de_desplazamiento).
  60+ 9179              ;
  61+ 9179              ;											;	"$ff"  , "255" ..... Bucle infinito de repetición del último MOVIMIENTO.
  62+ 9179              ;											;				         Nunca vamos a saltar a la siguiente cadena de movimiento del índice,_
  63+ 9179              ;											;				         _ (si es que la hay). Volvemos a inicializar (Puntero_mov) con (Puntero_indice_mov).
  64+ 9179              ;
  65+ 9179              ;                                           ;   "$fe" ..... Activamos el bucle principal del patrón de movimiento. La direccíon de memoria_
  66+ 9179              ;                                           ;               _ del siguiente MOVIMIENTO del índice se almacenará en la variable (Puntero_indice_mov_bucle).
  67+ 9179              ;                                           ;               La subrutina [Inicializa_Puntero_indice_mov] inicializará (Puntero_indice_mov) con_
  68+ 9179              ;                                           ;               _ esta dirección y no se situará al comienzo del índice del patrón de movimiento.
  69+ 9179
  70+ 9179              ; ----- ----- ----- ----- -----
  71+ 9179              ;
  72+ 9179              ;   Factor RANDOM --- BadSat.
  73+ 9179
  74+ 9179              ; Random_1_1_10 (1-10) Bajo_decelerando
  75+ 9179              ; Random_2_1_15 (1-15) Derecha_y_subiendo
  76+ 9179
  77+ 9179              ; Random_3_1_15 (1-15) Derecha_y_bajando_1 ----- Iguales
  78+ 9179              ; Random_4_1_15 (1-15) Derecha_y_bajando_2 -----
  79+ 9179
  80+ 9179              ; Random_5_1_15 (1-5) Izquierda_y_subiendo
  81+ 9179
  82+ 9179              ; Random_6_1_15 (1-5) Izquierda_y_bajando_1 ----- Iguales
  83+ 9179              ; Random_7_1_15 (1-15) Izquierda_y_bajando_2 -----
  84+ 9179              ;
  85+ 9179              ; ----- ----- ----- ----- -----
  86+ 9179              ;
  87+ 9179              ;   Factor RANDOM --- BadPlate.
  88+ 9179
  89+ 9179              ; Random_1_1_10 (1-10) Bajo_decelerando
  90+ 9179              ; Random_8_1_15 (1-15) Tira_pa_la_derecha
  91+ 9179
  92+ 9179              ; Random_9_1_15 (1-15) Tira_pa_la_izq
  93+ 9179              ; Random_A_1_15 (1-15) Diagonal_bajando_izq
  94+ 9179              ; Random_B_1_15 (1-15) Diagonal_bajando_derecha
  95+ 9179              ;
  96+ 9179              ; ----- ----- ----- ----- -----
  97+ 9179
  98+ 9179              Indice_mov_Baile_de_Badplate
  99+ 9179
 100+ 9179 7D 91            defw Left_Ini82
 101+ 917B A7 91            defw Right_Ini82
 102+ 917D
 103+ 917D              ;   Baile de Badplate cuando aparece por la izquierda.
 104+ 917D
 105+ 917D 41 92        Left_Ini82 defw Bajo_decelerando
 106+ 917F 49 92            defw F_1
 107+ 9181 53 92            defw F_2
 108+ 9183 2D 92            defw Tira_pa_la_derecha
 109+ 9185 5D 92            defw F_7
 110+ 9187 67 92            defw F_8
 111+ 9189 37 92            defw Diagonal_bajando_izq
 112+ 918B 2D 92            defw Tira_pa_la_derecha
 113+ 918D 5D 92            defw F_7
 114+ 918F 67 92            defw F_8
 115+ 9191 41 92            defw Bajo_decelerando
 116+ 9193 49 92            defw F_1
 117+ 9195 53 92            defw F_2
 118+ 9197 32 92            defw Tira_pa_la_izq
 119+ 9199 71 92            defw F_9
 120+ 919B 7B 92            defw F_A
 121+ 919D 3C 92            defw Diagonal_bajando_derecha
 122+ 919F 41 92            defw Bajo_decelerando
 123+ 91A1 49 92            defw F_1
 124+ 91A3 53 92            defw F_2
 125+ 91A5 00 00            defw 0
 126+ 91A7
 127+ 91A7              ;   Baile de Badplate cuando aparece por la derecha.
 128+ 91A7
 129+ 91A7 41 92        Right_Ini82 defw Bajo_decelerando
 130+ 91A9 49 92            defw F_1
 131+ 91AB 53 92            defw F_2
 132+ 91AD 32 92            defw Tira_pa_la_izq
 133+ 91AF 71 92            defw F_9
 134+ 91B1 7B 92            defw F_A
 135+ 91B3 3C 92            defw Diagonal_bajando_derecha
 136+ 91B5 32 92            defw Tira_pa_la_izq
 137+ 91B7 71 92            defw F_9
 138+ 91B9 7B 92            defw F_A
 139+ 91BB 41 92            defw Bajo_decelerando
 140+ 91BD 49 92            defw F_1
 141+ 91BF 53 92            defw F_2
 142+ 91C1 2D 92            defw Tira_pa_la_derecha
 143+ 91C3 5D 92            defw F_7
 144+ 91C5 67 92            defw F_8
 145+ 91C7 37 92            defw Diagonal_bajando_izq
 146+ 91C9 41 92            defw Bajo_decelerando
 147+ 91CB 49 92            defw F_1
 148+ 91CD 53 92            defw F_2
 149+ 91CF 00 00            defw 0
 150+ 91D1
 151+ 91D1              Indice_mov_Baile_de_BadSat
 152+ 91D1
 153+ 91D1 D5 91            defw Left_Ini
 154+ 91D3 01 92            defw Right_Ini
 155+ 91D5
 156+ 91D5 41 92        Left_Ini defw Bajo_decelerando
 157+ 91D7 49 92            defw F_1
 158+ 91D9 53 92            defw F_2
 159+ 91DB 85 92            defw Codo_abajo_derecha
 160+ 91DD B9 92            defw Derecha_y_subiendo
 161+ 91DF C3 92            defw Derecha_y_subiendo_1
 162+ 91E1 CD 92            defw F_3
 163+ 91E3 D7 92            defw F_4
 164+ 91E5 E1 92            defw Derecha_y_bajando
 165+ 91E7 EB 92            defw Derecha_y_bajando_1
 166+ 91E9 F5 92            defw Derecha_y_bajando_2
 167+ 91EB FF 92            defw Codo_derecha_abajo
 168+ 91ED 2F 93            defw Codo_abajo_izq
 169+ 91EF 63 93            defw Izquierda_y_subiendo
 170+ 91F1 6D 93            defw Izquierda_y_subiendo_1
 171+ 91F3 77 93            defw F_5
 172+ 91F5 81 93            defw F_6
 173+ 91F7 8B 93            defw Izquierda_y_bajando
 174+ 91F9 95 93            defw Izquierda_y_bajando_1
 175+ 91FB 9F 93            defw Izquierda_y_bajando_2
 176+ 91FD A9 93            defw Codo_izquierda_abajo
 177+ 91FF 00 00            defw 0                                  ; Fin de patrón de movimiento.
 178+ 9201
 179+ 9201 41 92        Right_Ini defw Bajo_decelerando
 180+ 9203 49 92            defw F_1
 181+ 9205 53 92            defw F_2
 182+ 9207
 183+ 9207 2F 93            defw Codo_abajo_izq
 184+ 9209 63 93            defw Izquierda_y_subiendo
 185+ 920B 6D 93            defw Izquierda_y_subiendo_1
 186+ 920D 77 93            defw F_5
 187+ 920F 81 93            defw F_6
 188+ 9211 8B 93            defw Izquierda_y_bajando
 189+ 9213 95 93            defw Izquierda_y_bajando_1
 190+ 9215 9F 93            defw Izquierda_y_bajando_2
 191+ 9217 A9 93            defw Codo_izquierda_abajo
 192+ 9219
 193+ 9219 85 92            defw Codo_abajo_derecha
 194+ 921B B9 92            defw Derecha_y_subiendo
 195+ 921D C3 92            defw Derecha_y_subiendo_1
 196+ 921F CD 92            defw F_3
 197+ 9221 D7 92            defw F_4
 198+ 9223 E1 92            defw Derecha_y_bajando
 199+ 9225 EB 92            defw Derecha_y_bajando_1
 200+ 9227 F5 92            defw Derecha_y_bajando_2
 201+ 9229 FF 92            defw Codo_derecha_abajo
 202+ 922B
 203+ 922B 00 00            defw 0
 204+ 922D
 205+ 922D              ; -------------------------------------------------------------------------------------------------------------------------------
 206+ 922D
 207+ 922D 11 12 15     Tira_pa_la_derecha db $11,$12,$15
 208+ 9230 0D           Random_8_1_15 db 13
 209+ 9231 00               db 0
 210+ 9232
 211+ 9232              ; ----- ----- -----
 212+ 9232
 213+ 9232 11 21 25     Tira_pa_la_izq db $11,$21,$25
 214+ 9235 0D           Random_9_1_15 db 13
 215+ 9236 00               db 0
 216+ 9237
 217+ 9237              ; ----- ----- -----
 218+ 9237
 219+ 9237 12 21 68     Diagonal_bajando_izq db $12,$21,$68
 220+ 923A 03           Random_A_1_3 db 3
 221+ 923B 00               db 0
 222+ 923C
 223+ 923C                  ; ----- ----- -----
 224+ 923C
 225+ 923C 12 12 58     Diagonal_bajando_derecha db $12,$12,$58
 226+ 923F 03           Random_B_1_3 db 3
 227+ 9240 00               db 0
 228+ 9241
 229+ 9241              ; ----- ----- -----
 230+ 9241
 231+ 9241 12 11 42     Bajo_decelerando db $12,$11,$42             ; Up, (vel.1) - Down, (vel.2) - Left, (vel.1) - Right, (vel.1)
 232+ 9244              ;                                           ; %0100 1111 ... ($42), Abajo 2x2 Pixels.
 233+ 9244
 234+ 9244              ;                                           ; Random_1 (1-10) Repeticiones.
 235+ 9244 0A           Random_1_1_10 db 10                         ; (1-10).
 236+ 9245 11 11 42 00      db $11,$11,$42,0                        ; Up, (vel.1) - Down, (vel.1) - Left, (vel.1) - Right, (vel.1)
 237+ 9249              ;                                           ; %0100 0010 ... ($42), Abajo 2 Pixels.
 238+ 9249              ;                                           ; NEXT MOV.
 239+ 9249              ; ----- ----- -----
 240+ 9249
 241+ 9249              ; Desaceleración bajando.
 242+ 9249
 243+ 9249 11 11 41 01  F_1 db $11,$11,$41,1
 244+ 924D 11 11 01 FD      db $11,$11,$01,253,8,0                  ; Abajo - Pausa1. 8rep.
 244+ 9251 08 00
 245+ 9253
 246+ 9253 11 11 41 01  F_2 db $11,$11,$41,1
 247+ 9257 11 11 02 FD      db $11,$11,$02,253,15,254               ; Abajo - Pausa2. 15rep --- Fija puntero de bucle.
 247+ 925B 0F FE
 248+ 925D
 249+ 925D              ; ----- ----- -----
 250+ 925D
 251+ 925D              ; Desaceleración derecha.
 252+ 925D
 253+ 925D 11 11 11 01  F_7 db $11,$11,$11,1
 254+ 9261 11 11 01 FD      db $11,$11,$01,253,18,0                  ; Derecha - Pausa1. 8rep.
 254+ 9265 12 00
 255+ 9267
 256+ 9267 11 11 11 01  F_8 db $11,$11,$11,1
 257+ 926B 11 11 02 FD      db $11,$11,$02,253,25,0                   ; Derecha - Pausa2. 15rep --- Fija puntero de bucle.
 257+ 926F 19 00
 258+ 9271
 259+ 9271              ; ----- ----- -----
 260+ 9271
 261+ 9271              ; Desaceleración izquierda.
 262+ 9271
 263+ 9271 11 11 21 01  F_9 db $11,$11,$21,1
 264+ 9275 11 11 01 FD      db $11,$11,$01,253,18,0                  ; Derecha - Pausa1. 8rep.
 264+ 9279 12 00
 265+ 927B
 266+ 927B 11 11 21 01  F_A db $11,$11,$21,1
 267+ 927F 11 11 02 FD      db $11,$11,$02,253,25,0                   ; Derecha - Pausa2. 15rep --- Fija puntero de bucle.
 267+ 9283 19 00
 268+ 9285
 269+ 9285              ; ----- ----- -----
 270+ 9285
 271+ 9285 11 11 51 01  Codo_abajo_derecha db $11,$11,$51,1
 272+ 9289 11 11 43 01      db $11,$11,$43,1
 273+ 928D 11 11 52 01      db $11,$11,$52,1
 274+ 9291 11 11 41 01      db $11,$11,$41,1
 275+ 9295 11 11 52 01      db $11,$11,$52,1
 276+ 9299 11 11 11 01      db $11,$11,$11,1
 277+ 929D 11 11 52 01      db $11,$11,$52,1
 278+ 92A1 11 11 13 01      db $11,$11,$13,1
 279+ 92A5 11 11 51 01      db $11,$11,$51,1
 280+ 92A9 11 12 12 01      db $11,$12,$12,1
 281+ 92AD 11 11 91 01      db $11,$11,$91,1
 282+ 92B1 11 12 12 01      db $11,$12,$12,1
 283+ 92B5 11 11 92 00      db $11,$11,$92,0
 284+ 92B9
 285+ 92B9              ; ----- ----- -----
 286+ 92B9
 287+ 92B9 11 12 13 01  Derecha_y_subiendo db $11,$12,$13,1         ; Derecha. 4rep. vel.2
 288+ 92BD 11 11 91 FD      db $11,$11,$91,253                      ; Arriba/Derecha. 1rep. --- Repite Mov 12rep. --- Termina movimiento.
 289+ 92C1 08           Random_2_1_15 db 8
 290+ 92C2 00               db 0
 291+ 92C3
 292+ 92C3              ; ----- ----- -----
 293+ 92C3
 294+ 92C3 11 11 16 01  Derecha_y_subiendo_1 db $11,$11,$16,1       ; Derecha. 4rep. vel.2
 295+ 92C7 11 11 91 FD      db $11,$11,$91,253,2,0                  ; Arriba/Derecha. 1rep. --- Repite Mov 12rep. --- Termina movimiento.
 295+ 92CB 02 00
 296+ 92CD
 297+ 92CD              ; ----- ----- -----
 298+ 92CD
 299+ 92CD              ; Deceleración subiendo.
 300+ 92CD
 301+ 92CD 11 11 11 01  F_3 db $11,$11,$11,1
 302+ 92D1 11 11 01 FD      db $11,$11,$01,253,4,0
 302+ 92D5 04 00
 303+ 92D7 11 11 11 01  F_4 db $11,$11,$11,1
 304+ 92DB 11 11 02 FD      db $11,$11,$02,253,8,0
 304+ 92DF 08 00
 305+ 92E1
 306+ 92E1              ; ----- ----- -----
 307+ 92E1
 308+ 92E1 11 11 16 01  Derecha_y_bajando db $11,$11,$16,1
 309+ 92E5 11 11 51 FD      db $11,$11,$51,253,2,0
 309+ 92E9 02 00
 310+ 92EB
 311+ 92EB 11 12 13 01  Derecha_y_bajando_1 db $11,$12,$13,1
 312+ 92EF 11 11 51 FD      db $11,$11,$51,253
 313+ 92F3
 314+ 92F3
 315+ 92F3              ;   Random_3_1_15 y Random_4_1_15 han de ser iguales !!!!!!!!!.
 316+ 92F3              ;   -----------------------------------------------------------
 317+ 92F3
 318+ 92F3 06           Random_3_1_15 db 6
 319+ 92F4 00               db 0
 320+ 92F5
 321+ 92F5 11 11 16 01  Derecha_y_bajando_2 db $11,$11,$16,1
 322+ 92F9 11 11 51 FD      db $11,$11,$51,253
 323+ 92FD
 324+ 92FD 06           Random_4_1_15 db 6
 325+ 92FE 00               db 0
 326+ 92FF
 327+ 92FF              ; ----- ----- -----
 328+ 92FF
 329+ 92FF              ; Medio círculo bajando. Entra de izq. a derecha y sale de derecha a izq.
 330+ 92FF
 331+ 92FF 11 11 51 01  Codo_derecha_abajo db $11,$11,$51,1
 332+ 9303 11 11 13 01      db $11,$11,$13,1
 333+ 9307 11 11 51 01      db $11,$11,$51,1
 334+ 930B 11 11 13 01      db $11,$11,$13,1
 335+ 930F 11 11 52 01      db $11,$11,$52,1
 336+ 9313 11 11 11 01      db $11,$11,$11,1
 337+ 9317 11 11 52 01      db $11,$11,$52,1
 338+ 931B 11 11 41 01      db $11,$11,$41,1
 339+ 931F 11 11 52 01      db $11,$11,$52,1
 340+ 9323 11 11 43 01      db $11,$11,$43,1
 341+ 9327 11 11 51 01      db $11,$11,$51,1
 342+ 932B 11 11 43 00      db $11,$11,$43,0
 343+ 932F
 344+ 932F              ; ----- ----- -----
 345+ 932F
 346+ 932F 11 11 61 01  Codo_abajo_izq db $11,$11,$61,1
 347+ 9333 11 11 43 01      db $11,$11,$43,1
 348+ 9337 11 11 62 01      db $11,$11,$62,1
 349+ 933B 11 11 41 01      db $11,$11,$41,1
 350+ 933F 11 11 62 01      db $11,$11,$62,1
 351+ 9343 11 11 21 01      db $11,$11,$21,1
 352+ 9347 11 11 62 01      db $11,$11,$62,1
 353+ 934B 11 11 23 01      db $11,$11,$23,1
 354+ 934F 11 11 61 01      db $11,$11,$61,1
 355+ 9353 11 21 22 01      db $11,$21,$22,1
 356+ 9357 11 11 A1 01      db $11,$11,$a1,1
 357+ 935B 11 21 22 01      db $11,$21,$22,1
 358+ 935F 11 11 A2 00      db $11,$11,$a2,0
 359+ 9363
 360+ 9363              ; ----- ----- -----
 361+ 9363
 362+ 9363 11 21 23 01  Izquierda_y_subiendo db $11,$21,$23,1
 363+ 9367 11 11 A1 FD      db $11,$11,$a1,253
 364+ 936B
 365+ 936B 0F           Random_5_1_15 db 15
 366+ 936C 00               db 0
 367+ 936D
 368+ 936D              ; ----- ----- -----
 369+ 936D
 370+ 936D 11 11 26 01  Izquierda_y_subiendo_1 db $11,$11,$26,1     ; Derecha. 4rep. vel.2
 371+ 9371 11 11 A1 FD      db $11,$11,$a1,253,2,0                  ; Arriba/Derecha. 1rep. --- Repite Mov 12rep. --- Termina movimiento.
 371+ 9375 02 00
 372+ 9377
 373+ 9377 11 11 21 01  F_5 db $11,$11,$21,1
 374+ 937B 11 11 01 FD      db $11,$11,$01,253,4,0
 374+ 937F 04 00
 375+ 9381 11 11 21 01  F_6 db $11,$11,$21,1
 376+ 9385 11 11 02 FD      db $11,$11,$02,253,8,0
 376+ 9389 08 00
 377+ 938B
 378+ 938B              ; ----- ----- -----
 379+ 938B
 380+ 938B 11 11 26 01  Izquierda_y_bajando db $11,$11,$26,1          ; Derecha. 4rep. vel.2
 381+ 938F 11 11 61 FD      db $11,$11,$61,253,2,0
 381+ 9393 02 00
 382+ 9395 11 21 23 01  Izquierda_y_bajando_1 db $11,$21,$23,1        ; Derecha. 4rep. vel.2
 383+ 9399 11 11 61 FD      db $11,$11,$61,253
 384+ 939D
 385+ 939D              ;   Random_6_1_15 y Random_7_1_15 han de ser iguales !!!!!!!!!.
 386+ 939D              ;   -----------------------------------------------------------
 387+ 939D
 388+ 939D 06           Random_6_1_15 db 6
 389+ 939E 00               db 0
 390+ 939F
 391+ 939F 11 11 26 01  Izquierda_y_bajando_2 db $11,$11,$26,1        ; Derecha. 4rep. vel.2
 392+ 93A3 11 11 61 FD      db $11,$11,$61,253
 393+ 93A7
 394+ 93A7 06           Random_7_1_15 db 6
 395+ 93A8 00               db 0
 396+ 93A9
 397+ 93A9              ; ----- ----- -----
 398+ 93A9
 399+ 93A9 11 11 A1 01  Codo_izquierda_abajo db $11,$11,$a1,1          ; Arriba/Izq. 1rep.
 400+ 93AD 11 11 23 01      db $11,$11,$23,1                           ; Izq. 3rep.
 401+ 93B1 11 11 61 01      db $11,$11,$61,1                           ; Abajo/Izq. 1rep.
 402+ 93B5 11 11 23 01      db $11,$11,$23,1                           ; Izq. 3rep.
 403+ 93B9 11 11 62 01      db $11,$11,$62,1                           ; Abajo/Izq. 2rep.
 404+ 93BD 11 11 21 01      db $11,$11,$21,1                           ; Izq. 1rep.
 405+ 93C1 11 11 62 01      db $11,$11,$62,1                           ; Abajo/Izq. 2rep.
 406+ 93C5 11 11 41 01      db $11,$11,$41,1                           ; Abajo. 1rep.
 407+ 93C9 11 11 62 01      db $11,$11,$62,1                           ; Abajo/Izq. 2rep.
 408+ 93CD 11 11 43 01      db $11,$11,$43,1                           ; Abajo. 3rep.
 409+ 93D1 11 11 61 01      db $11,$11,$61,1                           ; Abajo/Izq. 1rep.
 410+ 93D5 11 11 43 00      db $11,$11,$43,0                           ; Abajo. 3rep.
 411+ 93D9
 412+ 93D9
 413+ 93D9
 414+ 93D9
 415+ 93D9
 416+ 93D9
 417+ 93D9
 418+ 93D9
 419+ 93D9
 420+ 93D9
 421+ 93D9
# file closed: Patrones_de_mov.asm
 482  93D9
 483  93D9              ; --------------------------------------------------------------------------------
 484  93D9              ;
 485  93D9              ; 05/05/26
 486  93D9              ;
 487  93D9              ; Parámetros DRAW.
 488  93D9              ;
 489  93D9
 490  93D9              Bandeja_DRAW: 	; ---------------------------------------------------------------------------------------------------------------------------
 491  93D9
 492  93D9 00           Clase db 0  												; A cada entidad se le asigna un nº o (Clase) para poder asignarle una de las 3 Cajas_Master.
 493  93DA              ; 															; En cada (Nivel) sólo puede haber 3 (Clases) diferentes de entidad pués sólo dispondremos de_
 494  93DA              ; 															; _tres almacenes de Mov_masticados y 3 Cajas_Master.
 495  93DA              ; 															; Las entidades de (Clase) 1, 2 y 3 son de (Tipo) 1, (BadSat).
 496  93DA
 497  93DA 00           Tipo db 0													; Cada `tipo? de Entidad tiene unas características únicas que lo distinguen de otros tipos.
 498  93DB              ; 															; Las entidades del mismo (Tipo) comparte el MISMO PATRÓN DE MOVIMIENTO.
 499  93DB
 500  93DB 00           Contador_de_vueltas db 0									; Contador de vueltas de entidades. Inicialmente su valor es "1". El bit se desplaza una posición_
 501  93DC              ; 															  _a la izquierda cada vez que la entidaddesaparece por la parte baja de la pantalla.
 502  93DC              ;															  Esta variable se utiliza para incrementar el perfil de velocidad de las entidades.
 503  93DC
 504  93DC              ; Incrementa el contador de vueltas, (el contador cuenta 4 vueltas máximo).
 505  93DC              ; El perfil de velocidad de la entidad será: (Contador_de_vueltas)/8.
 506  93DC
 507  93DC              ; Ejemplos:
 508  93DC
 509  93DC              ;	1ª vuelta: (Contador_de_vueltas)="$02" --- (Velocidad)="0".
 510  93DC              ;	2ª vuelta: 	""	""	""	""	""  ="$04" ---   ""	 ""	  ="1".
 511  93DC              ;	3ª vuelta: 	""	""	""	""	""  ="$08" ---   ""	 ""	  ="2".
 512  93DC              ;	4ª vuelta: 	""	""	""	""	""  ="$10" ---   ""	 ""	  ="4".
 513  93DC              ;	5ª vuelta: 	""	""	""	""	""  ="$20" ---   ""	 ""	  ="8".
 514  93DC
 515  93DC 00           Impacto db 0												; Si después del movimiento de la entidad, (Impacto) se coloca a "1", existen muchas posibilidades de_
 516  93DD              ;															  _ que esta entidad haya colisionado con Amadeus.
 517  93DD              ; 																Hay que comprobar la posible colisión después de mover Amadeus. En este caso, (Impacto2)="3".
 518  93DD
 519  93DD 00 00        Puntero_de_impresion defw 0									; Contiene el puntero de impresión, (calculado por DRAW). Esta dirección la utilizará la rutina_
 520  93DF              ;															; _ [Guarda_coordenadas_X] y [Compara_coordenadas_X] para detectar la colisión ENTIDAD-AMADEUS.
 521  93DF
 522  93DF 00 00        Puntero_de_almacen_de_mov_masticados defw 0
 523  93E1
 524  93E1              ;															; Almacén donde la entidad guía va guardando comportamiento ya calculado, (rutinas DRAW).
 525  93E1
 526  93E1 00 00        Contador_de_mov_masticados defw 0							; Contador de 16 bits. La "Entidad_guía" lo aumenta en una unidad cada vez que hace el "pushado" de las tres_
 527  93E3              ;															  _palabras que componen el "movimiento_masticado".
 528  93E3
 529  93E3              ; Variables de funcionamiento de las rutinas de movimiento. (Mov_left), (Mov_right), (Mov_up), (Mov_down).
 530  93E3
 531  93E3 00           Velocidad db 0 												; 5 vueltas max. 5 vueltas       1 - 0 (1ª vuelta - velocidad 0)
 532  93E4              ;																					 		 2 - 0 (2ª vuelta - velocidad 0)
 533  93E4              ;																					 		 4 - 1 (3ª vuelta - velocidad 1)
 534  93E4              ;																							 8 - 2 (4ª vuelta - velocidad 2)
 535  93E4              ;																				 		   $10 - 4 (5ª vuelta - velocidad 3)
 536  93E4
 537  93E4 00           Attr db 0 													; Atributos de la entidad.
 538  93E5
 539  93E5              ; ----- ----- De aquí para arriba son los datos que se trasfieren a las cajas de entidades. ¡¡¡¡¡
 540  93E5
 541  93E5
 542  93E5
 543  93E5 00           Ctrl_2 db 0
 544  93E6              ;															BIT 0, Los sprites se inician con un `sprite vacío', (sprite formado por "ceros"), cuando la rutina_
 545  93E6              ;															_ [Genera_datos_de_impresion] guarda su 1ª imagen.
 546  93E6              ;															_ Más adelante las rutinas [Mov_left] y [Mov_right] restauraran (Puntero_objeto). Si el 1er movimiento
 547  93E6              ; 															_ que hace la entidad después de iniciarse es hacia arriba/abajo no se restaurará (Puntero_objeto), pués_
 548  93E6              ; 															_ las rutinas [Mov_up] y [Mov_down] no necesitan modificar el sprite.
 549  93E6              ;															_ El bit5 a "1" nos indica que el sprite se inicia por arriba o por abajo y por lo tanto hay que restaurar_
 550  93E6              ;															_ (Puntero_objeto) con (Repone_puntero_objeto) una vez iniciado y realizada su 1ª `foto'.
 551  93E6              ;
 552  93E6              ;															BIT 1, ???
 553  93E6              ;															BIT 2, Este bit es activado por [Movimiento]. Indica que hemos `iniciado un desplazamiento'._
 554  93E6              ;															_ Evita que volvamos a iniciar el desplazamiento cada vez que ejecutemos [Movimiento].
 555  93E6              ;															BIT 3, ???
 556  93E6              ;															BIT 4, ???
 557  93E6              ;															BIT 5, ???
 558  93E6              ;															BIT 6, Habilita la transición: "Salida de Amadeus" por la parte baja de la pantalla cuando completamos un nivel.
 559  93E6              ;																   La rutina [Dispara_salida_de_amadeus] pone este bit a "1" tras imprimir el msg. "DONE".
 560  93E6              ;															BIT 7, "1" Detecta que hemos pulsado "SHIELD". ; "El reloj de juego, (IM2)", borrara un escudo siempre que este FLAG esté a "1".
 561  93E6              ;															- La rutina [Borra_escudo], inicializará el FLAG.
 562  93E6
 563  93E6 00           Ctrl_0 db 0 												; Byte de control. A través de este byte de control. Las rutinas de desplazamiento: [Mov_right], [Mov_left], [Mov_up] y [Mov_down],_
 564  93E7              ;															; _indican a las subrutinas de recolocación del objeto de la rutina [DRAW]: [Comprueba_limite_horizontal] y [Comprueba_Sprite_completo],_
 565  93E7              ; 															; _que desaparecemos por un extremo de la pantalla y hemos de `reaparecer? por el contrario.
 566  93E7              ; 															; Este dato es necesario debido a que las rutinas de recolocación, están ideadas para recolocar el puntero (Posicion_actual), cuando pasamos_
 567  93E7              ; 															; _de un cuadrante a otro de la pantalla pero no preveen la `desaparición? por un extremo del cuadrante y la `reaparición? por el otro.
 568  93E7              ;
 569  93E7              ; 															DESCRIPCIÖN:
 570  93E7              ;
 571  93E7              ; 															SET 0, [Reaparece_derecha]. El bit 0 de (Ctrl_0) se coloca a "1" cuando la rutina [Mov_left] detecta que el objeto ha `desaparecido? por el_
 572  93E7              ; 															_lado izquierdo de la pantalla y ha de `reaparecer? por el derecho. ([Comprueba_Sprite_completo]).
 573  93E7              ; 															SET 1, [Reaparece_izquierda]. El bit 1 de (Ctrl_0) se coloca a "1" cuando la rutina [Mov_right] detecta que el objeto ha `desaparecido? por el_
 574  93E7              ; 															_lado derecho de la pantalla y ha de `reaparecer? por el izquierdo. ([Comprueba_Sprite_completo]).
 575  93E7              ; 															SET 2, [Reaparece_abajo]. El bit 2 de (Ctrl_0) se coloca a "1" cuando la rutina [Mov_up] detecta que el objeto ha `desaparecido? por la_
 576  93E7              ; 															_parte superior de la pantalla y ha de `reaparecer? por el inferior. ([Comprueba_limite_horizontal]).
 577  93E7              ; 															SET 3, [Reaparece_arriba]. El bit 3 de (Ctrl_0) se coloca a "1" cuando la rutina [Mov_down] detecta que el objeto ha `desaparecido? por la_
 578  93E7              ; 															_parte inferior de la pantalla y ha de `reaparecer? por la superior. ([Comprueba_limite_horizontal]).
 579  93E7              ; 															SET 4, El Bit4 a "1", indica que hubo movimiento de la entidad. Necesitamos esta información
 580  93E7              ;												            _para "NO BORRAR/PINTAR" en objeto si NO hubo MOVIMIENTO.
 581  93E7              ;															SET 5, La rutina [Inicializacion] de Draw_XOR.asm, pone este bit a "1". Con esta información evitamos ejecutar las
 582  93E7              ;															_rutinas: (Comprueba_limite_horizontal) y (Comprueba_Sprite_completo) justo después de `inicializar? un objeto.
 583  93E7              ; 															SET 6, Está a "1" si el Sprite que tenemos cargado en el `Engine? es AMADEUS.
 584  93E7              ;
 585  93E7              ; 															SET 7, El bit 7 se encuentra alto, ("1"), cuando el último movimiento horizontal se ha producido a la "DERECHA".
 586  93E7              ; 															_ Utilizo la información que proporciona este BIT para modificar (CTRL_DESPLZ) si el siguiente movimiento_
 587  93E7              ; 															_ se va a producir a la izquierda. "1" DERECHA - "0" IZQUIERDA.
 588  93E7
 589  93E7 00           Filas db 0												    ; Filas. [DRAW]. - 2ª Funcion tras haber generado los movimientos masticados:
 590  93E8              ;															; Almacena un bit que iremos alternando: "0" a "1" mediante una función XOR. Se utiliza para cambiar los attr. de la explosión de las entidades,_
 591  93E8              ;															; _rojo - amarillo.
 592  93E8
 593  93E8 00           Columns db 0 												; Nº de columnas. [DRAW]. - 2ª Funcion tras haber generado los movimientos masticados:
 594  93E9              ;															; Almacena un bit que iremos alternando: "0" a "1" mediante una función XOR. Se utiliza para cambiar los attr. de la explosión de Amadeus, (rojo - amarillo).
 595  93E9
 596  93E9 00           Coordenada_X db 0 											; Coordenada X del objeto. (En chars.)
 597  93EA 00           Coordenada_y db 0 											; Coordenada Y del objeto. (En chars.)
 598  93EB
 599  93EB 00 00        Posicion_actual defw 0										; Dirección actual del Sprite. [DRAW]
 600  93ED 00 00        Puntero_objeto defw 0										; Donde están los datos para pintar el Sprite.
 601  93EF
 602  93EF              ; ---------- ---------- ---------- ---------;      ;--------- ---------- ---------- ----------
 603  93EF
 604  93EF 00           CTRL_DESPLZ db 0											; Este byte nos indica la posición que tiene el Sprite dentro del mapa de desplazamientos.
 605  93F0              ;															; Una vez construidos los movimientos masticados del nivel esta variable:
 606  93F0              ;
 607  93F0              ;															; Almacena un contador de scanlines que se utiliza para hacer desaparecer Amadeus por la parte baja de la pantalla.
 608  93F0
 609  93F0              ; ---------- ---------- ---------- ---------;      ;--------- ---------- ---------- ----------
 610  93F0
 611  93F0 00 00        Indice_Sprite_der defw 0
 612  93F2 00 00        Indice_Sprite_izq defw 0
 613  93F4 00 00        Puntero_DESPLZ_der defw 0
 614  93F6 00 00        Puntero_DESPLZ_izq defw 0
 615  93F8 00 00        Posicion_inicio defw 0										; Dirección de pantalla donde aparece el objeto. [DRAW].
 616  93FA
 617  93FA 00           Cuad_objeto db 0											; Almacena el cuadrante de pantalla donde se encuentra el objeto, (1,2,3,4). [DRAW]
 618  93FB              ;															; 2ª FUNCIÓN: Temporizador, define la velocidad de la animación de Amadeus por la parte_
 619  93FB              ;															; _baja de la pantalla cuando hemos superado el nivel.
 620  93FB
 621  93FB 00           Columnas db 0
 622  93FC
 623  93FC              ;	DRIVE
 624  93FC
 625  93FC 00           Sprite_completo db 0
 626  93FD
 627  93FD              ; Variables de control general.
 628  93FD
 629  93FD 00           Frames_explosion db 0 										; Nº de Frames que tiene la explosión.
 630  93FE
 631  93FE              ; Variables de funcionamiento, (No incluidas en base de datos de entidades), a partir de aquí!!!!!
 632  93FE
 633  93FE              Perfiles_de_velocidad:
 634  93FE
 635  93FE 00           Vel_left db 0 												; Velocidad izquierda. Nº de píxeles que desplazamos el objeto a izquierda. 1, 2, 4 u 8 px.
 636  93FF 00           Vel_right db 0 												; Velocidad derecha. Nº de píxeles que desplazamos el objeto a derecha. 1, 2, 4 u 8 px.
 637  9400 00           Vel_up db 0 												; Velocidad subida. Nº de píxeles que desplazamos el objeto hacia arriba. (De 1 a 7px).
 638  9401 00           Vel_down db 0 												; Velocidad bajada. Nº de píxeles que desplazamos el objeto hacia abajo. (De 1 a 7px).
 639  9402
 640  9402              ; Movimiento. ------------------------------------------------------------------------------------------------------
 641  9402
 642  9402 00 00        Puntero_tabla_Random defw 0
 643  9404 00 00        Puntero_indice_mov defw 0									; Puntero índice del patrón de movimiento de la entidad. "0" No hay movimiento.
 644  9406 00 00        Puntero_mov defw 0											; Guarda la posición de memoria en la que nos encontramos dentro de la cadena de movimiento.
 645  9408 00 00        Puntero_indice_mov_bucle defw 0
 646  940A              ;
 647  940A              ;
 648  940A 00           Incrementa_puntero db 0										; Byte que iremos sumando a (Puntero_indice_mov) para ir escalando por las_
 649  940B              ;															; _ distintas cadenas de movimiento del índice de movimiento de la entidad._
 650  940B              ;															; Va aumentando su valor en saltos de 2 uds, (0,2,4,6,8).
 651  940B
 652  940B 00           Incrementa_puntero_backup db 0
 653  940C 00           Repetimos_desplazamiento db 0								; El nibble bajo del 3er byte que compone un desplazamiento, indica el nº de veces que_
 654  940D              ;															; repetimos dicho desplazamiento. Ese valor se almacena en esta variable, ($1-$f). NUNCA SERÁ "0".
 655  940D
 656  940D 00           Repetimos_desplazamiento_backup db 0	   					; Restaura (Repetimos_desplazamiento) cuando este llega a "0".
 657  940E 00           Repetimos_movimiento db 0									; Byte que indica el nº de veces que repetimos el último MOVIMIENTO.
 658  940F 00           Cola_de_desplazamiento db 0									; Este byte indica:
 659  9410
 660  9410              ;
 661  9410              ;															;	"$00" ..... Hemos finalizado la cadena de movimiento.
 662  9410              ;															;				En este caso hemos de incrementar (Puntero_indice_mov)_
 663  9410              ;															;				_ y pasar a la siguiente cadena de movimiento del índice.
 664  9410              ;
 665  9410              ;															;	"$01 - "$fe" ..... Repetición del movimiento.
 666  9410              ;															;						Nº de veces que vamos a repetir el movimiento completo.
 667  9410              ;															;						En este caso, volveremos a inicializar (Puntero_mov),_
 668  9410              ;															;						_ con (Puntero_indice_mov) y decrementaremos (Cola_de_desplazamiento).
 669  9410              ;
 670  9410              ;															;	"$ff" ..... Bucle infinito de repetición.
 671  9410              ;															;				Nunca vamos a saltar a la siguiente cadena de movimiento del índice,_
 672  9410              ;															;				,_ (si es que la hay). Volvemos a inicializar (Puntero_mov) con (Puntero_indice_mov).
 673  9410
 674  9410 00           Ctrl_1 db 0 												; Byte de control de propósito general.
 675  9411
 676  9411              ;																DESCRIPCIÓN:
 677  9411              ;
 678  9411              ;															BIT 0, "1" Habilita la impresión del msg. DONE en pantalla. La llamada a [Print_DONE] se efectúa desde el Reloj del juego,_
 679  9411              ; 															_ Rutina de interrupciones IM2.
 680  9411
 681  9411 00 00        Repone_puntero_objeto defw 0								; Almacena (Puntero_objeto). Cuando el Sprite se inicia por arriba o por abajo,_
 682  9413              ; 															; _ hay que sustituirlo por un `sprite vacío' para que no se vea el 1er o último scanline.
 683  9413              ; 															; _ Cuando hemos terminado de iniciarlo y guardado su foto, hemos de recuperar su (Puntero_objeto).
 684  9413              ;															; (Repone_puntero_objeto) es una copia de respaldo de (Puntero_objeto) y su función es restaurarlo.
 685  9413              ;
 686  9413              ;															; 2ª Función:
 687  9413              ;
 688  9413              ;															; La rutina [Genera_cabecera] almacena la dirección del álbum de scanlines donde se inicia la cabecera para posteriormente_
 689  9413              ;															; _guardar esta dirección en la (Tabla_de_pintado).
 690  9413
 691  9413              Gestion_de_ENTIDADES_y_CAJAS:
 692  9413
 693  9413 00 00        Puntero_store_caja defw 0
 694  9415 00 00        Puntero_restore_caja defw 0
 695  9417 00 00        Indice_restore_caja defw 0
 696  9419 00 00        Puntero_indice_master defw 0
 697  941B
 698  941B 00           Numero_de_entidades db 0									; Nº total de entidades maliciosas que contiene el nivel.
 699  941C 00           Numero_parcial_de_entidades db 0							; Nº de cajas que contiene un bloque de entidades. (7 Cajas).
 700  941D 00           Entidades_en_curso db 0										; Entidades en pantalla.
 701  941E
 702  941E 00 00        Puntero_indice_ENTIDADES defw 0 							; Se desplazará por el índice de entidades para `meterlas' en cajas.
 703  9420 00 00        Datos_de_entidad defw 0										; Contiene los bytes de información de la entidad hacia la que apunta el
 704  9422              ;															; _ puntero (Indice_entidades).
 705  9422
 706  9422              ;---------------------------------------------------------------------------------------------------------------
 707  9422              ;
 708  9422              ;	13/10/24
 709  9422              ;
 710  9422              ;	Álbumes.
 711  9422
 712  9422 00 00        Stack defw 0 												; La rutinas de pintado, utilizan esta_
 713  9424              ;															; _variable para almacenar lo posición del puntero_
 714  9424              ; 															; _de pila, SP.
 715  9424 00 00        Stack_2 defw 0												; 2º variable destinada a almacenar el puntero de pila, SP.
 716  9426              ;															; La utiliza la rutina [Extrae_foto_registros].
 717  9426
 718  9426              ; Impresión. ----------------------------------------------------------------------------------------------------
 719  9426
 720  9426 00 00        Album_de_pintado defw 0
 721  9428 00 00        Album_de_borrado defw 0
 722  942A 00 00        Album_de_pintado_Amadeus defw 0
 723  942C 00 00        Album_de_borrado_Amadeus defw 0
 724  942E
 725  942E 00 00        Album_de_pintado_disparos_Amadeus defw 0
 726  9430 00 00        Album_de_borrado_disparos_Amadeus defw 0
 727  9432
 728  9432 00 00        Album_de_pintado_disparos_Entidades defw 0
 729  9434 00 00        Album_de_borrado_disparos_Entidades defw 0
 730  9436
 731  9436
 732  9436 00 00        Nivel_scan_disparos_album_de_pintado defw 0
 733  9438
 734  9438 00           Num_de_bytes_album_de_disparos db 0
 735  9439 00           Num_de_bytes_album_de_disparos_borrado db 0
 736  943A
 737  943A 07           Numero_de_disparos_de_entidades db 7
 738  943B
 739  943B 00           Permiso_de_disparo_Amadeus db 0								; "0" Permite disparo.
 740  943C 00           Permiso_de_disparo_Entidades db 0							; A "1", se puede generar disparo.
 741  943D
 742  943D 00 00        Techo_Scanlines_album defw 0
 743  943F 00 00        Techo_Scanlines_album_2 defw 0
 744  9441 00           Switch db 0
 745  9442 00 00        Techo defw 0
 746  9444 00 00        Scanlines_album_SP defw 0
 747  9446 0E 90        India_SP defw Tabla_de_pintado
 748  9448 00 00        India_2_SP defw 0
 749  944A 2C 90        India_3_SP defw Tabla_de_borrado
 750  944C
 751  944C 00           Ctrl_3 db 0													; 2º Byte de Ctrl. general, (no específico) a una única entidad.
 752  944D              ;
 753  944D              ;															BIT 0, "1" Indica que el FRAME está completo, (hemos podido hacer la foto de todas las entidades).
 754  944D              ;															BIT 1, "1" Indica que hemos completado todo el patrón de movimientos de este tipo de entidad.
 755  944D              ;																_ El almacén de movimientos masticados de este tipo de entidad quedará completo. ([Inicia_entidad]).
 756  944D              ;															BIT 2, "1" Indica que se produce movimiento en alguna entidad, (modificamos el último FRAME impreso en pantalla).
 757  944D              ;																Habilita el borrado/pintado de sprites.
 758  944D              ;															BIT 3, "1" Este bit lo coloca a "1" la rutina [Borra_diferencia] para indicar que hemos actualizado el (Techo_de_pintado)_
 759  944D              ;																_ a la baja.
 760  944D              ; 															BIT 4, "1" Indica que hemos terminado de ordenar la Tabla_de_pintado. Podremos salir así de la rutina [Ordena_tabla_de_impresion].
 761  944D              ;															BIT 5, "1" Indica que existe movimiento de Amadeus.
 762  944D              ;															BIT 6, "1" Indica que Amadeus ha sido destruido. Este bit lo activa la rutina [Genera_explosion_Amadeus] despues de pintar_
 763  944D              ; 																_ el último frame de la explosión de nuestra nave.
 764  944D              ;															BIT 7, "1" Indica que se ha iniciado el proceso de explosión en Amadeus.
 765  944D              ;																_ Mientras este bit este activo, no se generarán dos explosiones de entidades a la vez.
 766  944D
 767  944D 00           Ctrl_4 db 0													; 4º Byte de Ctrl. general, (no específico) a una única entidad.
 768  944E              ;
 769  944E              ;															BIT 0, "1" Cada vez que se incrementan las entidades en curso, este bit se pone a "1". Esto hará que una entidad pase de "dormida" a "activa".
 770  944E              ;															BIT 1, (INVESTIGAR !!!)
 771  944E              ;															BIT 2, -------------------------------------------
 772  944E              ;															BIT 3, "1" Indica que se ha asignado un color RND a la entidad.
 773  944E              ; 																   _evita que se vuelva a asignar un nuevo color en la `segunda vuelta lenta?.
 774  944E              ; 															BIT 4, "1" Indica que necesitamos 3 Filas de atributos para colorear esta entidad.
 775  944E              ;															BIT 5, "1" Indica que ha terminado la transición de salida de Amadeus por la parte baja de la pantalla.
 776  944E              ;															BIT 6, "1" Indica aL reloj IM2 que ha de borrar una vida de la pantalla.
 777  944E              ; 															BIT 7, !!! Used !!!. Averiguar para qué.
 778  944E
 779  944E 00           Ctrl_5 db 0
 780  944F
 781  944F              ;															BIT 1, "1" Indica que la entidad en curso es la alcanzada por nuestro disparo. La comparativa entre coordenadas ha sido satisfactoria.
 782  944F              ;															BIT	2, "1" Indica que tras consecutivos desplazamientos del disparo hay que modificar el (Puntero_de_impresión) dos posiciones a la derecha.
 783  944F              ;															BIT	3, "1" Indica que tras consecutivos desplazamientos del disparo hay que modificar el (Puntero_de_impresión) dos posiciones a la izquierda.
 784  944F              ;															BIT 4, ?????
 785  944F              ;															BIT 5, "1" Indica: NIVEL SUPERADO !!!.
 786  944F              ;															BIT 6, "1" Indica: GAME OVER !!!.
 787  944F              ;															BIT 7, "1" Indica a la rutina de sonido que hemos de generar un efecto ascendente; (estamos pintando el rayo de entrada de la transición de entrada).
 788  944F
 789  944F 00           Ctrl_6 db 0
 790  9450
 791  9450              ;															BIT 0, "1" Activa el inhibidor de efectos de sonido. No se ejecutará [Play_burst_sound_effect], tampoco [Play_shot_sound_effect]_
 792  9450              ; 																   _si está señal está activa.
 793  9450              ; 															BIT 1, "1" Este bit es activado por la rutina [Press_START] cuando el temporizador (Start_counter) llega a "0".
 794  9450              ; 																   El bit indica a la rutina principal START: que ha de volver a mostrar el menú principal.
 795  9450              ; 																   El submenú CONTROLS se muestra en pantalla un tiempo definido por (Start_counter), pasado este tiempo_
 796  9450              ;																   _la rutina activa `este bit´ y sale de la rutina. El menú está así diseñado para poder DEFINIR los controles si los
 797  9450              ; 																   _actuales no nos agradan.
 798  9450              ; 															BIT 2, -----------------------------------
 799  9450              ; 															BIT 3, "1" Indica que salimos de la rutina de IM nada más entrar. Este bit lo activa la rutina [Carrusell] tras habilitar las interrupciones.
 800  9450              ; 																   Necesitamos leer el teclado cada 20ms para facilitar que no se produzca la repetición de una misma tecla.
 801  9450              ; 															BIT 4, "1" Indica DELETE a la subrutina FLASH. Lo activa la subrutina [Enter_name] cuando pulsamos CAPS SHIFT.
 802  9450
 803  9450 00 00        Puntero_DESPLZ_DISPARO_ENTIDADES defw 0
 804  9452 00 00        Puntero_de_impresion_disparo_de_entidad defw 0				; Guardaremos aquí la dirección de pantalla del último scanline de la entidad en curso.
 805  9454 00           Impacto2 db 0												; Byte de control de impactos.
 806  9455
 807  9455              ;
 808  9455              ;															; bit_2. La rutina [Genera_coordenadas_X] coloca este bit a "1" para indicar que hay una posible colisión entre una entidad y Amadeus.
 809  9455              ;															; Una de la entidades ha entrado en zona de Amadeus y alguna de sus columnas coincide con las de nuestra nave.
 810  9455              ;															; El bit indica que hay que ejecutar [Detecta_colision_nave_entidad] al principio de [Main], (Construcción del frame).
 811  9455              ;															; bit_3. La rutina [Genera_coordenadas_de_disparo_Amadeus] pone este bit a "1" para indicar que un disparo de Amadeus ha alcanzado a una entidad.
 812  9455
 813  9455 00 00        Entidad_sospechosa_de_colision defw 0						; Almacena la dirección de memoria donde se encuentra el .db_
 814  9457              ;															; _(Impacto) de la entidad que ocupa el mismo espacio que Amadeus.
 815  9457              ;															; Necesitaremos poner a "0" este .db en el caso de que finalmente no se produzca colisión.
 816  9457
 817  9457 00 00        Coordenadas_disparo_certero ds 2							; Almacenamos aquí las coordenadas del disparo que alcanza a una entidad, (Fila, Columna).
 818  9459              ;											           		; (Coordenadas_disparo_certero)=Y ..... (Coordenadas_disparo_certero +1)=X.
 819  9459 00 00 00     Coordenadas_X_Entidad ds 3  								; 3 Bytes reservados para almacenar las 3 posibles columnas_
 820  945C              ;															; _ que puede ocupar el sprite de una entidad. (Colisión).
 821  945C 00 00 00     Coordenadas_X_Amadeus ds 3									; 3 Bytes reservados para almacenar las 3 posibles columnas_
 822  945F              ;															; _ que puede ocupar el sprite de Amadeus. (Colisión).
 823  945F
 824  945F              ;---------------------------------------------------------------------------------------------------------------
 825  945F
 826  945F              ; Relojes y temporizaciones.
 827  945F
 828  945F 04           Clock_explosion db 4										; Temporización de las explosiones, (velocidad de la explosión).
 829  9460 05           Clock_explosion_Amadeus db 5
 830  9461 64           Temp_new_live db 100										; Tiempo que tarda en aparecer una nueva nave Amadeus tras ser destruida.
 831  9462
 832  9462 00 90        RND_SP defw Numeros_aleatorios								; Puntero que se irá desplazando por el SET de nº aleatorios.
 833  9464              ;Puntero_num_aleatorios_disparos defw Numeros_aleatorios		; Puntero que se irá desplazando por el SET de nº aleatorios, (para generar disparos de entidades).
 834  9464 00           Numero_rnd_disparos db 0
 835  9465
 836  9465 00           Clock_next_entity db 0										; Transcurrido este tiempo aparece una nueva entidad.
 837  9466 00           Repone_CLOCK_disparos db 0									; Reloj decreciente.
 838  9467 00           CLOCK_disparos_de_entidades db 0
 839  9468
 840  9468 00 00        Start_counter defw 0 										; Temporizador. Espera la pulsación de "FIRE" en los menús KEYBOARD y KEMPSTON.
 841  946A 05           Start_counter_2 db $05 										; 2º Temporizador, (3 bytes counter). Espera la pulsación "FIRE" en el menú KEMPSTON.
 842  946B
 843  946B              ;---------------------------------------------------------------------------------------------------------------
 844  946B
 845  946B              ; Gestión de NIVELES.
 846  946B
 847  946B
 848  946B
 849  946B 44 90        Puntero_indice_de_almacenes defw Almacen_de_movimientos_masticados_1
 850  946D
 851  946D 00 00        Puntero_de_entidades defw 0									; Este puntero se va desplazando por los distintos bytes_
 852  946F              ; 															; _ que definen el NIVEL.
 853  946F
 854  946F
 855  946F              ; ---------------------------------------------------------------------------------------------------------------
 856  946F
 857  946F              ; Temporizaciones Shield.
 858  946F
 859  946F
 860  946F              ; Temporizaciones Shield.
 861  946F
 862  946F 04 01 04 01  Datos_Shield db 4,1,4,1										; Tiempos. (Frecuencia del parpadeo de Amadeus).
 863  9473 00 00        Puntero_datos_shield defw 0									; Señala distintos tiempos para introducirlos en (Shield_2).
 864  9475 64           Shield db 100												; Temporización principal. Indica el tiempo que el escudo está activo. No hay escudo cuando (Shield)="0".
 865  9476 00           Shield_2 db 0 												; Estado Shield, (tiempo encendido - tiempo apagado - tiempo encendido - tiempo apagado). 4,1,4,1.
 866  9477 00           Shield_3 db 0
 867  9478
 868  9478              ; HUB
 869  9478
 870  9478
 871  9478
 872  9478
 873  9478              ; Sounds:
 874  9478
 875  9478 00 00        Sound defw 0												; Esta variable almacenará el efecto de sonido a reproducir, (disparo, explosión, etc).
 876  947A 00           Sound_type db 0 											; Le dice a la rutina [Genera_sonido] el tipo de sonido que va a ejecutar.
 877  947B A0 00        Laser_sound defw Laser_sound_init_value
 878  947D 00 00        Shot_sound defw 0
 879  947F 00           Burst_sound db 0 											; Byte que define la duración de una explosión.
 880  9480 00 00        Shield_sound defw 0
 881  9482
 882  9482 57 91        Puntero_musical defw DONE_NOTES_MELODY_INDEX
 883  9484
 884  9484              ; Varios:
 885  9484
 886  9484 00           Max_time_to_appear_entities db 0 							; Valor máximo que tarda una entidad en aparecer en pantalla.
 887  9485 00           Decrease_top_time_entities db 0 							; Cada vez que aparece una nueva entidad decrementa (Max_time_to_appear_entities) con el valor de esta variable.
 888  9486 00           Min_time_to_appear_entities db 0							;   ""  mínimo  "	 "	  "		"	 "		"	 "	    "   .
 889  9487              ; Dont_repeat_pos_ini db 0,0,0
 890  9487 50           Temp_Amadeus_exit db 80										; Temporiza la secuencia de: "SALIDA DE AMADEUS", NIVEL SUPERADO.
 891  9488
 892  9488              Variables_DRAW1: 											; Estas variables no se inicializan si avanzamos de nivel.
 893  9488
 894  9488 01           Nivel db 1													; Nivel actual del juego.
 895  9489 B1 C6        Puntero_indice_NIVELES defw Indice_de_niveles
 896  948B 29 C6        Puntero_de_mensajes_de_niveles defw Msg_level_index 		; Inicialmente apunta al mensaje del nivel 1.
 897  948D 03           Lives db 3
 898  948E 03           Shields db 3 												; Nº de Shields
 899  948F
 900  948F 63 C6        Puntero_de_escudos defw Indice_de_escudos					; Ambos punteros se inician al comienzo de su respectivos índices.
 901  9491 51 C6        Puntero_de_vidas defw Indice_de_vidas
 902  9493
 903  9493 00           Entidades_BCD_unidades db 0
 904  9494 00           Entidades_BCD_decenas db 0
 905  9495
 906  9495 00 00        Puntero_unidades_grandes defw 0
 907  9497 00 00        Puntero_decenas_grandes defw 0
 908  9499
 909  9499 46           Attr_big_counter db %01000110
 910  949A
 911  949A              ; SCORE:
 912  949A
 913  949A 00 00        Score_hex defw 0
 914  949C
 915  949C 00           Score_BCD_unidades db 0
 916  949D 00           Score_BCD_decenas db 0
 917  949E 00           Score_BCD_centenas db 0
 918  949F 00           Score_BCD_unidades_de_millar db 0
 919  94A0 00           Score_BCD_decenas_de_millar db 0
 920  94A1 80 3D        Puntero_de_unidades_Score defw Cero_Score
 921  94A3 80 3D        Puntero_de_decenas_Score defw Cero_Score
 922  94A5 80 3D        Puntero_de_centenas_Score defw Cero_Score
 923  94A7 80 3D        Puntero_de_um_Score defw Cero_Score
 924  94A9 80 3D        Puntero_de_dm_Score defw Cero_Score
 925  94AB
 926  94AB 00           Score_Ctrl db 0 											; Byte de control. Se utiliza para no mostrar todos los dígitos de Score.
 927  94AC              ; 															; Se irán imprimiendo dñigitos conforme la puntuación vaya creciendo.
 928  94AC
 929  94AC              Variables_DRAW2:
 930  94AC
 931  94AC              ; --------------------------------------------------
 932  94AC              ;
 933  94AC              ;	Estas variables no se inicializan:
 934  94AC
 935  94AC 00           Ctrl_7 db 0 																			; Variable de Control que no se inicializa al superar nivel.
 936  94AD              ;
 937  94AD              ; 																						; BIT 0, "1" Hay que imprimir la puntuación máxima en el menú principal. También indica que hemos terminado de introducir el nombre.
 938  94AD              ; 																						; BIT 1, "1" JOYSTICK KEMPSTON activado.
 939  94AD 00 00        Score_hex_max defw 0
 940  94AF 00 00 00...  Score_max_msg ds 6
 941  94B5
 942  94B5              ; Name NEW RECORD.!!!!!
 943  94B5
 944  94B5 00 00 00...  Nombre_del_campeon ds 6
 945  94BB B5 94        Puntero_del_nombre_del_campeon defw Nombre_del_campeon
 946  94BD 05           Contador_de_caracteres_del_nombre_del_campeon db 5 										; El nombre del ganador tiene 5 caracteres.
 947  94BE
 948  94BE 27 18 23 24  Non_authorized_KEY_CODES db $27,$18,$23,$24,$1c,$14,$0c,$04,$03,$0b,$13,$1b
 948  94C2 1C 14 0C 04
 948  94C6 03 0B 13 1B
 949  94CA
 950  94CA              ; Key code BOX.
 951  94CA              ; Almacenamos los Key_Code que tenemos configurados para el control con KEYBOARD para introducir los correspondientes al control con joystick SINCLAR.
 952  94CA              ; Si volvemos al menú principal recuperaremos los Key codes KEYBOARD.
 953  94CA
 954  94CA 00 00 00 00  Sinclair_db_box ds 4
 955  94CE 00           Desplazamiento_level_msg db 0
 956  94CF 00           Counter_msg_char db 0
 957  94D0
 958  94D0              Tabla_de_conversion_KEYCODE_ASCII_CODE
 959  94D0
 960  94D0 42               defm "B"
 961  94D1 48               defm "H"
 962  94D2 59               defm "Y"
 963  94D3 36               defm "6"
 964  94D4 35               defm "5"
 965  94D5 54               defm "T"
 966  94D6 47               defm "G"
 967  94D7 56               defm "V"
 968  94D8
 969  94D8 4E               defm "N"
 970  94D9 4A               defm "J"
 971  94DA 55               defm "U"
 972  94DB 37               defm "7"
 973  94DC 34               defm "4"
 974  94DD 52               defm "R"
 975  94DE 46               defm "F"
 976  94DF 43               defm "C"
 977  94E0
 978  94E0 4D               defm "M"
 979  94E1 4B               defm "K"
 980  94E2 49               defm "I"
 981  94E3 38               defm "8"
 982  94E4 33               defm "3"
 983  94E5 45               defm "E"
 984  94E6 44               defm "D"
 985  94E7 58               defm "X"
 986  94E8
 987  94E8 18               db $18													; SYMBOL SHIFT no dispone de código ASCII.
 988  94E9 4C               defm "L"
 989  94EA 4F               defm "O"
 990  94EB 39               defm "9"
 991  94EC 32               defm "2"
 992  94ED 57               defm "W"
 993  94EE 53               defm "S"
 994  94EF 5A               defm "Z"
 995  94F0
 996  94F0 20               db $20 													; SPACE ASCII CODE.
 997  94F1 21               db $21 													; ENTER ASCII CODE.
 998  94F2 50               defm "P"
 999  94F3 30               defm "0"
1000  94F4 31               defm "1"
1001  94F5 51               defm "Q"
1002  94F6 41               defm "A"
1003  94F7 27           	db $27 													; CAPS SHIFT no dispone de código ASCII.
1004  94F8
1005  94F8              ; Mensajes:
1006  94F8
1007  94F8 4B 45 59 42  Keyboard defm "KEYBOARD",0
1007  94FC 4F 41 52 44
1007  9500 00
1008  9501 4B 45 4D 50  Kempstom defm "KEMPSTON",0
1008  9505 53 54 4F 4E
1008  9509 00
1009  950A 53 49 4E 43  Interface defm "SINCLAIR",0
1009  950E 4C 41 49 52
1009  9512 00
1010  9513 44 45 46 49  Define defm "DEFINE",0
1010  9517 4E 45 00
1011  951A 53 54 41 52  Start defm "START",0
1011  951E 54 00
1012  9520 42 45 53 54  Top_score defm "BEST SCORE: ",0
1012  9524 20 53 43 4F
1012  9528 52 45 3A 20
1012  952C 00
1013  952D 44 4F 4E 45  Done defm "DONE",0
1013  9531 00
1014  9532 47 41 4D 45  Game_Over defm "GAME OVER",0
1014  9536 20 4F 56 45
1014  953A 52 00
1015  953C
1016  953C              ; Msg_keyboard_menu, show CONTROLS.
1017  953C
1018  953C 50 72 65 73  a0 defm "Press ",0
1018  9540 73 20 00
1019  9543 20 6F 72 20  a1 defm " or ",0
1019  9547 00
1020  9548 20 74 6F 20  a2 defm " to move ",0
1020  954C 6D 6F 76 65
1020  9550 20 00
1021  9552 20 4C 45 46  a3 defm " LEFT and RIGHT.",0
1021  9556 54 20 61 6E
1021  955A 64 20 52 49
1021  955E 47 48 54 2E
1021  9562 00
1022  9563 20 74 6F 20  a4 defm " to FIRE and ",0
1022  9567 46 49 52 45
1022  956B 20 61 6E 64
1022  956F 20 00
1023  9571 74 6F 20 53  a5 defm "to SHIELD.",0
1023  9575 48 49 45 4C
1023  9579 44 2E 00
1024  957C 50 72 65 73  a6 defm "Press FIRE to START",0
1024  9580 73 20 46 49
1024  9584 52 45 20 74
1024  9588 6F 20 53 54
1024  958C 41 52 54 00
1025  9590 43 4F 4E 54  a7 defm "CONTROLS:",0
1025  9594 52 4F 4C 53
1025  9598 3A 00
1026  959A 4E 65 77 20  a8 defm "New Best Score!",0
1026  959E 42 65 73 74
1026  95A2 20 53 63 6F
1026  95A6 72 65 21 00
1027  95AA 45 6E 74 65  a9 defm "Enter name & press ENTER",0
1027  95AE 72 20 6E 61
1027  95B2 6D 65 20 26
1027  95B6 20 70 72 65
1027  95BA 73 73 20 45
1027  95BE 4E 54 45 52
1027  95C2 00
1028  95C3 2D 2D 00     a10 defm "--",0
1029  95C6 70 74 73 00  a11 defm "pts",0
1030  95CA 20 20 20 20  a12 defm "    ",0
1030  95CE 00
1031  95CF
1032  95CF              ; DEFINE MENU.
1033  95CF
1034  95CF 44 45 46 49  b0 defm "DEFINE CONTROLS",0
1034  95D3 4E 45 20 43
1034  95D7 4F 4E 54 52
1034  95DB 4F 4C 53 00
1035  95DF 4C 45 46 54  b1 defm "LEFT",0
1035  95E3 00
1036  95E4 52 49 47 48  b2 defm "RIGHT",0
1036  95E8 54 00
1037  95EA 46 49 52 45  b3 defm "FIRE",0
1037  95EE 00
1038  95EF 53 48 49 45  b4 defm "SHIELD",0
1038  95F3 4C 44 00
1039  95F6
1040  95F6              ; Special keys:
1041  95F6
1042  95F6 53 59 4D 42  Symbol_key defm "SYMB.",0
1042  95FA 2E 00
1043  95FC 53 50 41 43  Space_key defm "SPACE",0
1043  9600 45 00
1044  9602 45 4E 54 45  Enter_key defm "ENTER",0
1044  9606 52 00
1045  9608 43 41 50 53  Caps_key defm "CAPS.",0
1045  960C 2E 00
1046  960E
1047  960E              ; Control de Amadeus, (KEY CODES).
1048  960E
1049  960E 00           No_repeat_key_code db 0
1050  960F
1051  960F 24           Move_LEFT db $24
1052  9610 1C           Move_RIGHT db $1c
1053  9611 04           Move_FIRE db $04
1054  9612 20           Move_SHIELD db $20
1055  9613
1056  9613 31           Move_LEFT_ASCII_CODE db "1"
1057  9614 00 00 00...  	ds 5
1058  9619 32           Move_RIGHT_ASCII_CODE db "2"
1059  961A 00 00 00...  	ds 5
1060  961F 35           Move_FIRE_ASCII_CODE db "5"
1061  9620 00 00 00...  	ds 5
1062  9625 20           Move_SHIELD_ASCII_CODE db " "
1063  9626 00 00 00...  	ds 5
1064  962B
1065  962B              ; 	INICIO  *************************************************************************************************************************************************************************
1066  962B              ;
1067  962B              ;	19/7/25
1068  962B
1069  962B              START:
1070  962B
1071  962B 31 00 00     	ld sp,0													; Situamos el inicio de Stack.
1072  962E 3E FE        	ld a,$fe 												; IM2 ON. Vector de interrupciones a $fcff, (defw debajo de la pila).
1073  9630 ED 47        	ld i,a 													; Byte alto de la dirección donde se encuentra el vector de interrupciones.
1074  9632 ED 5E        	IM 2 											   		; Habilitamos el modo 2 de INTERRUPCIONES.
1075  9634
1076  9634 F3           	di
1077  9635
1078  9635              Main_menu:
1079  9635
1080  9635 CD 67 A8     	call Clean_and_logo 									; v2. Ok.
1081  9638 CD A8 C5     	call Print_Main_menu  									; v2. Ok.
1082  963B CD 06 AD     	call Firma
1083  963E
1084  963E              ;	Print Best Score if it exist.
1085  963E
1086  963E 3A AC 94     	ld a,(Ctrl_7)
1087  9641 CB 47        	bit 0,a
1088  9643 C4 A9 C1     	call nz,Print_new_best_score
1089  9646
1090  9646 CD F5 9F     	call Main_menu_key										; Bucle cerrado de escaneo del teclado buscando: "K", "E" y "D".
1091  9649
1092  9649 3A 4F 94     	ld a,(Ctrl_6)
1093  964C CB 4F        	bit 1,a
1094  964E 20 E5        	jr nz,Main_menu 										; No hemos pulsado "FIRE" en los menús: Keyboard y Kempston. Pasado un tiempo,
1095  9650
1096  9650              INICIALIZACION:
1097  9650
1098  9650              ;	Marcadores. -------------------------------------
1099  9650
1100  9650 3E 45        	ld a,%01000101											; Fondo NEGRO, tinta Cyan + bright.
1101  9652 CD DF 9D     	call Cls
1102  9655
1103  9655              ;	Imprime escudos y vidas.
1104  9655
1105  9655 CD 77 AF     	call Pinta_Vida
1106  9658 CD 77 AF     	call Pinta_Vida
1107  965B CD 77 AF     	call Pinta_Vida
1108  965E
1109  965E CD A9 AF     	call Pinta_Escudo
1110  9661 CD A9 AF     	call Pinta_Escudo
1111  9664 CD A9 AF     	call Pinta_Escudo
1112  9667
1113  9667              ;	Imprime SCORE:
1114  9667
1115  9667 CD 4C AE     	call Imprime_SCORE
1116  966A
1117  966A              ;	Make Stars & moon.
1118  966A
1119  966A CD 37 A9     	call Print_Moon
1120  966D CD FA A8     	call make_stars
1121  9670
1122  9670              Init_level:
1123  9670
1124  9670              ;	Inicia los álbumes de líneas. -----------------------------------------------------------------------------------------
1125  9670
1126  9670 CD 44 A3     	call Inicia_albumes_de_lineas
1127  9673 CD 54 A3     	call Inicia_albumes_de_lineas_Amadeus
1128  9676 CD 61 A3     	call Inicia_albumes_de_disparos
1129  9679
1130  9679              ;	Make 7 rnd numbers.
1131  9679
1132  9679 06 07        	ld b,7										 			; Generamos 7 nº aleatorios.
1133  967B 21 00 90     	ld hl,Numeros_aleatorios 								; Dirección de mem. donde almacenamos los nº RND.
1134  967E CD AC A1     	call Derivando_RND
1135  9681
1136  9681 CD 14 A3     	call Extrae_numero_aleatorio_y_avanza
1137  9684 32 65 94     	ld (Clock_next_entity),a 								; El 1er nº aleatorio define cuando aparece la 1ª entidad en pantalla.
1138  9687
1139  9687              ;	Inicia el nivel del juego. ------------------------------------------------------------------------------------------
1140  9687
1141  9687 CD 7D A5     	call Inicializa_Nivel 									; After [Inicializa_Nivel], BC contains:
1142  968A
1143  968A              ;					B contain (Numero_de_entidades).
1144  968A              ;					C contain (Tipo), (first level's entity).
1145  968A              ;
1146  968A              ; 					HL apunta al .db que define el (Tipo) de la primera entidad de este nivel.
1147  968A
1148  968A              ;	Imprime Contador de entidades.
1149  968A
1150  968A E5           	push hl
1151  968B CD 6F AE     	call Print_enemy_counter
1152  968E
1153  968E              ;	Imprime Puntuación.
1154  968E
1155  968E C5           	push bc
1156  968F CD 4B AD     	call Print_Score_Counter
1157  9692
1158  9692 01 FF FF     	ld bc,$ffff
1159  9695 CD EA 9A         call DELAY
1160  9698 01 FF AF     	ld bc,$afff
1161  969B CD EA 9A         call DELAY
1162  969E
1163  969E              ;	Imprime mensaje de nivel.
1164  969E
1165  969E CD 79 C2     	call Print_level_msg
1166  96A1 CD 2A A4     	call No_zeros
1167  96A4
1168  96A4 C1           	pop bc
1169  96A5 E1           	pop hl
1170  96A6
1171  96A6              ;	Prepara cajas.
1172  96A6
1173  96A6 CD 7D A3     	call Prepara_Cajas_Master	 							; Generamos las distintas coreografías de la entidades que componen el nivel. También se inicializan las cajas "Master".
1174  96A9 CD 03 A6     	call Prepara_Cajas_de_Entidades
1175  96AC
1176  96AC              ;	Inicia Amadeus. -----------------------------------------------------------------------------------------------------------
1177  96AC
1178  96AC CD 3A A6     	call Inicia_Amadeus
1179  96AF              ;														 	; La rutina [Genera_datos_de_impresion] habilita las interrupciones antes del RET.
1180  96AF              ;														 	; DI nos asegura que no vamos a ejecutar FRAME hasta que no tengamos todas las entidades iniciadas.
1181  96AF              ;														 	; La rutina [Genera_datos_de_impresion] activa las interrupciones antes del RET.
1182  96AF
1183  96AF 11 CC 90     	ld de,Amadeus_BOX
1184  96B2 CD 3D A7     	call Parametros_de_bandeja_DRAW_a_Caja_Master	 		; Volcamos Amadeus en (Amadeus_BOX).
1185  96B5
1186  96B5              ;	Limpiamos la bandeja DRAW.
1187  96B5
1188  96B5 01 24 00     	ld bc,Perfiles_de_velocidad-Clase-1
1189  96B8 21 D9 93     	ld hl,Clase
1190  96BB CD 36 9E     	call Clean_mem
1191  96BE
1192  96BE              ; 	Situamos a Amadeus en el centro de la pantalla.
1193  96BE
1194  96BE 06 3C        	ld b,60
1195  96C0 CD D4 B9     2 call Amadeus_a_izquierda
1196  96C3 10 FB        	djnz 2B
1197  96C5
1198  96C5 CD 21 AB     	call Genera_datos_de_impresion_Amadeus
1199  96C8
1200  96C8              ;! ------------------
1201  96C8
1202  96C8 CD B0 9A     	call Inicia_punteros_de_cajas						 	; Situa (Puntero_store_caja) en el 1er .db de la 1ª caja del índice de entidades.
1203  96CB CD F0 9A     	call Inicia_Shield
1204  96CE
1205  96CE 2A 44 94     	ld hl,(Scanlines_album_SP)
1206  96D1 22 3D 94     	ld (Techo_Scanlines_album),hl
1207  96D4
1208  96D4 2A 28 94     	ld hl,(Album_de_borrado)
1209  96D7 22 44 94     	ld (Scanlines_album_SP),hl
1210  96DA
1211  96DA 21 0E 90     	ld hl,Tabla_de_pintado
1212  96DD 22 46 94     	ld (India_SP),hl
1213  96E0
1214  96E0 21 4C 94     	ld hl,Ctrl_3
1215  96E3 CB C6        	set 0,(hl) 												; Indica Frame completo.
1216  96E5 CB D6        	set 2,(hl)
1217  96E7 CB EE        	set 5,(hl)												; Imprimimos Amadeus.
1218  96E9
1219  96E9 CD 96 C2     	call Clear_level_msg
1220  96EC
1221  96EC              ;	Transicion_de_entrada
1222  96EC
1223  96EC CD F8 A9     	call Transicion_de_entrada
1224  96EF
1225  96EF              ;	Borramos el mensaje de nivel.
1226  96EF
1227  96EF 3E 04        	ld a,4
1228  96F1 32 FA 93     	ld (Cuad_objeto),a 										; Retardo, (transición de salida de Amadeus cuando superamos un nivel).
1229  96F4
1230  96F4 FB           	ei
1231  96F5
1232  96F5 76           	halt
1233  96F6
1234  96F6              ; ------------------------------------
1235  96F6              ;
1236  96F6              ;	02/12/25
1237  96F6
1238  96F6              Main:
1239  96F6
1240  96F6 21 4D 94     	ld hl,Ctrl_4
1241  96F9 CB 6E        	bit 5,(hl)
1242  96FB C2 88 9D     	jp nz,Next_level 										; Nivel Superado !!!!!!!!!!!!!!!!!!!!!!!!!!!!!!!!!!!!!!!!!!!!!!!!!!!!!!!!!!!!!!!!!!!!!!!!!!!!!!!!!!!!!!!!!!!!!
1243  96FE
1244  96FE              ; 	Gestión de disparos.
1245  96FE
1246  96FE CD 27 99     	call Change_Disparos									; Intercambiamos los álbumes de disparos.
1247  9701 CD 90 BB     	call Motor_de_disparos_entidades
1248  9704 CD FA BD     	call Motor_Disparos_Amadeus								; Mueve y detecta colisión de los disparos de Amadeus.
1249  9707
1250  9707              ; 	En el FRAME que acabamos de pintar puede existir una posible colisión entre alguna entidad y Amadeus.
1251  9707              ; 	Si alguna de las coordenadas_X de alguna entidad que esté en zona de Amadeus coincide con alguna de las coordenadas_X de Amadeus, habrá que comprobar si existe colisión.
1252  9707              ; 	Este hecho lo indica el bit2 de (Impacto2).
1253  9707
1254  9707 CD 6D BF     	call Detecta_colision_nave_entidad 						; La rutina verifica la colisión entre una entidad y Amadeus, (RES 2 Impacto2).
1255  970A
1256  970A              ; 	TEMPORIZACIONES !!!!!!!!!!!!!!!!
1257  970A
1258  970A 3A 3B 94     	ld a,(Permiso_de_disparo_Amadeus)
1259  970D A7           	and a
1260  970E 28 04        	jr z,8F
1261  9710
1262  9710 3D           	dec a
1263  9711 32 3B 94     	ld (Permiso_de_disparo_Amadeus),a
1264  9714
1265  9714 21 67 94     8 ld hl,CLOCK_disparos_de_entidades
1266  9717 35           	dec (hl)
1267  9718
1268  9718              ;>  *****************************************************************************
1269  9718              ;>	*****************************************************************************
1270  9718              ;>	***** Comentando la siguiente línea eliminamos los disparos de las entidades.
1271  9718 CC 6B BB     	call z,Autoriza_disparo_de_entidades
1272  971B              ;>  *****************************************************************************
1273  971B              ;>	*****************************************************************************
1274  971B
1275  971B              ;	(Clock_next_entity) contiene un nº de 16 bits. El 1er nº aleatorio de los 7 generados define su valor inicial, ($0000 - $00ff).
1276  971B              ;	Si en el FRAME anterior hemos eliminado a una entidad, programamos la salida de una nueva entidad para dentro de 0,8 segundos.
1277  971B
1278  971B              ; 	GESTIÓN DE ENTIDADES.
1279  971B
1280  971B              ;	Si aún quedan entidades por aparecer del bloque de entidades, (4 cajas), incrementaremos (Entidades_en_curso) y calcularemos_
1281  971B              ;	_ (Clock_next_entity) para la siguiente entidad.
1282  971B
1283  971B              ;	--- Numero_de_entidades db 0							; Nº total de entidades maliciosas que contiene el nivel.
1284  971B              ; 	--- Numero_parcial_de_entidades db 5					; Nº de cajas que contiene un bloque de entidades. (5 Cajas).
1285  971B              ; 	--- Entidades_en_curso db 0								; Entidades en pantalla.
1286  971B
1287  971B 21 1C 94     	ld hl,Numero_parcial_de_entidades
1288  971E 46           	ld b,(hl)
1289  971F
1290  971F              ; ----------------------------------------------------------------
1291  971F
1292  971F 3A 1D 94     	ld a,(Entidades_en_curso)									; Entidades que hay en pantalla.
1293  9722 B8           	cp b
1294  9723 28 19        	jr z,1F
1295  9725
1296  9725 3A 78 5C     	ld a,(FRAMES)
1297  9728 47           	ld b,a
1298  9729 3A 65 94     	ld a,(Clock_next_entity)
1299  972C 90           	sub b
1300  972D 20 0F        	jr nz,1F
1301  972F
1302  972F              ; - Define el tiempo que ha de transcurrir para que aparezca la siguiente entidad. ----------------------------
1303  972F
1304  972F CD 14 A3     	call Extrae_numero_aleatorio_y_avanza 					; A contiene un nº aleatorio (0-255). De 0 a 5 segundos, aproximadamente.
1305  9732 CD 52 99     	call Define_Clock_next_entity
1306  9735
1307  9735              ;	Incrementamos (Entidades_en_curso) y DEC (Numero_parcial_de_entidades) y (Numero_de_entidades).
1308  9735
1309  9735 21 1D 94     	ld hl,Entidades_en_curso
1310  9738 34           	inc (hl)
1311  9739
1312  9739 21 4D 94     	ld hl,Ctrl_4
1313  973C CB C6        	set 0,(hl)												; Permiso para activar a una entidad "dormida".
1314  973E
1315  973E 3A 1D 94     1 ld a,(Entidades_en_curso)
1316  9741 A7           	and a
1317  9742 CA D0 97     	jp z,Gestion_de_Amadeus									; Si no hay entidades en curso saltamos a [Avanza_puntero_de_Scanlines_album_de_entidades].
1318  9745
1319  9745 47           	ld b,a													; No hay entidades que gestionar.
1320  9746
1321  9746              ; ( Código que ejecutamos con cada entidad: ).
1322  9746
1323  9746              ; --------------------------------------- GESTIÓN DE ENTIDADES. !!!!!!!!!!
1324  9746
1325  9746 21 0E 90     	ld hl,Tabla_de_pintado 									; Inicializa `Tabla_de_pintado?.
1326  9749 22 46 94     	ld (India_SP),hl
1327  974C
1328  974C 21 4C 94     	ld hl,Ctrl_3 											; Indica que se produce movimiento.
1329  974F CB D6        	set 2,(hl)
1330  9751
1331  9751 CD FC 98     	call Change 											; Intercambio `Album_de_pintado - Album_de_borrado?.
1332  9754              ;															; `Album_de_pintado' pasa a ser ahora `Album_de_borrado' y_
1333  9754              ;	 														; _viceversa.
1334  9754 AF           	xor a
1335  9755 32 FC 93     	ld (Sprite_completo),a 									; Inicializa el contador de entidades "visibles" en pantalla, (se cargan en la Tabla_de_pintado).
1336  9758
1337  9758              Bucle_de_entidades:
1338  9758
1339  9758 C5           	push bc 												; Nº de entidades en curso.
1340  9759
1341  9759              ;	En primer lugar vamos a crear un puntero para ir almacenando las columnas de las distintas unidades.
1342  9759              ;	Utilizamos (Puntero_indice_mov) como puntero e Indice_Sprite_der como primer .db de almacenamiento.
1343  9759
1344  9759 DD 2A 13 94  6 ld ix,(Puntero_store_caja)								; A partir de ahora IX apunta al 1er .db (Clase) de la entidad, (caja de entidades correspondiente).
1345  975D CD C6 9A     	call Salta_caja_de_entidades_vacia
1346  9760
1347  9760              ; Esta caja contiene datos. Es una entidad "dormida"???. Si no es así gestionamos esta entidad, (jr 5F).
1348  9760
1349  9760 DD 7E 01     	ld a,(ix+1)
1350  9763 CB 7F        	bit 7,a
1351  9765 28 11        	jr z,5F
1352  9767
1353  9767              ; Esta entidad esta "dormida", tenemos permiso para despertarla. ???
1354  9767
1355  9767 21 4D 94     	ld hl,Ctrl_4
1356  976A CB 46        	bit 0,(hl)
1357  976C CC D5 9A     	call z,Incrementa_punteros_de_cajas 					; Si no tenemos permiso para despertarla saltaremos a la siguiente entidad activa.
1358  976F
1359  976F 28 E8        	jr z,6B
1360  9771
1361  9771 CB 86        	res 0,(hl)												; Restaura bit "despertador".
1362  9773 CB BF        	res 7,a
1363  9775 DD 77 01     	ld (ix+1),a												; Convierte esta entidad dormilona en una entidad ACTIVA.
1364  9778
1365  9778              ; En 1er lugar, ... existe (Impacto) de un disparo de Amadeus en esta entidad ???
1366  9778              ; Si es así, comprobamos si es la entidad en curso la alcanzada por nuestro disparo.
1367  9778
1368  9778 3A 54 94     5 ld a,(Impacto2)
1369  977B CB 5F        	bit 3,a
1370  977D
1371  977D C4 89 BD     	call nz,Compara_con_coordenadas_de_disparo
1372  9780
1373  9780              ; Existe colisión en esta entidad por un disparo de Amadeus ???
1374  9780
1375  9780 DD 7E 03     	ld a,(ix+3)												; (ix+3) - (Impacto)
1376  9783 CB 4F        	bit 1,a
1377  9785 C4 04 9C     	call nz,Genera_explosion
1378  9788 20 22        	jr nz,Gestiona_siguiente_entidad
1379  978A
1380  978A DD 7E 03     	ld a,(ix+3)												; ld a,(Impacto)
1381  978D A7           	and a
1382  978E 28 0C        	jr z,3F
1383  9790
1384  9790              ; IMPACTO en entidad por colisión con Amadeus.
1385  9790
1386  9790              ; 5/7/24
1387  9790              ; Nota importante:
1388  9790              ; Dos entidades pueden chocar entre ellas en zona de Amadeus. La rutina [Detecta_colision_nave_entidad] comprobará si existe colisión con la última entidad gestionada, (colisionada) y _
1389  9790              ;	_en caso de no existir colisión pondrá su .db (Impacto) a "0" pero esa 1ª entidad "colisionada" seguirá manteniendo su .db (Impacto) a "1" por lo que para considerarse "colisión",_
1390  9790              ;	_es requisito imprescindible que Amadeus tenga su .db (Impacto) también a "1"; en caso contrario colocaremos el .db (Impacto) de la entidad a "0" para que se vuelva a gestionar.
1391  9790
1392  9790 3A CF 90     	ld a,(Impacto_Amadeus)
1393  9793 A7           	and a
1394  9794 C4 04 9C     	call nz,Genera_explosion
1395  9797 20 13        	jr nz,Gestiona_siguiente_entidad
1396  9799
1397  9799              ; 	Falsa colisión !!!
1398  9799
1399  9799 32 DC 93     	ld (Impacto),a											; Colocamos el .db (Impacto) de la entidad en curso a "0".
1400  979C
1401  979C              ; -------------------------------------------
1402  979C
1403  979C              ; 	Movement !!!
1404  979C
1405  979C CD C0 98     3 call Ajusta_velocidad_entidad								; Ajusta el perfil de velocidad de la entidad en función de (Contader_de_vueltas).
1406  979F CD AB AA     	call Scanlines_generator
1407  97A2
1408  97A2              ; -------------------------------------------
1409  97A2
1410  97A2              ;	TODO: Generamos disparo ???
1411  97A2
1412  97A2 3A 3C 94     	ld a,(Permiso_de_disparo_Entidades)
1413  97A5 A7           	and a
1414  97A6 C4 86 BB     	call nz,Entidad_genera_disparo_si_procede
1415  97A9
1416  97A9 CD E8 BE     4 call Colision_Entidad_Amadeus								; Si hay posibilidad de COLISION, set 2,(Impacto2) y (Impacto) de entidad en curso a "1".
1417  97AC
1418  97AC              Gestiona_siguiente_entidad:
1419  97AC
1420  97AC CD D5 9A     	call Incrementa_punteros_de_cajas
1421  97AF
1422  97AF C1           	pop bc
1423  97B0
1424  97B0 05           	dec b
1425  97B1 C2 58 97     	jp nz,Bucle_de_entidades
1426  97B4
1427  97B4 21 54 94     	ld hl,Impacto2 											; Inicializamos el FLAG de impacto.
1428  97B7 CB 9E        	res 3,(hl)
1429  97B9
1430  97B9              ; 	Hemos gestionado todas las entidades.					--------------------------------------------------------------------------------------------------
1431  97B9
1432  97B9 CD BB 99     	call Inicializa_India_y_limpia_Tabla_de_impresion 		; Inicializa el puntero (India_SP) y sanea la (Tabla_para_ordenar_entidades_antes_de_pintar).
1433  97BC CD D2 99     	call Ordena_tabla_de_pintado
1434  97BF CD B0 9A     	call Inicia_punteros_de_cajas 							; Hemos terminado de mover todas las entidades. Nos situamos al principio del índice de entidades.
1435  97C2
1436  97C2 CD 6A 99     	call Borra_diferencia
1437  97C5
1438  97C5 3A 4C 94     	ld a,(Ctrl_3)
1439  97C8 CB 5F        	bit 3,a
1440  97CA 20 04        	jr nz,Gestion_de_Amadeus
1441  97CC
1442  97CC EB           	ex de,hl
1443  97CD 71           	ld (hl),c
1444  97CE 23           	inc hl
1445  97CF 70           	ld (hl),b												; Nuevo techo, mayor que el anterior.
1446  97D0
1447  97D0              ;	! GESTIONA AMADEUS !!!!!!!!!!
1448  97D0
1449  97D0              Gestion_de_Amadeus:
1450  97D0
1451  97D0 21 4E 94     	ld hl,Ctrl_5
1452  97D3 CB 76        	bit 6,(hl)
1453  97D5 28 2E        	jr z,7F
1454  97D7
1455  97D7              ;	El bit 6 de (Ctrl_5) indica que la partida ha terminado. Ahora el .defw (Entidad_sospechosa_de_colision) es un temporizador_
1456  97D7              ;	_de 16 bits que determina cuanto tiempo va a estar el mensaje "GAME OVER" en pantalla.
1457  97D7
1458  97D7              ;	GAME OVER !!!!!!!!!!!!!!!!!!!!!!!!!!!!!!!!!!!!!!!!!!!!!!!!!!!!!!!!
1459  97D7
1460  97D7              ;	Desactiva controles KEMPSTON.
1461  97D7              ;	Reponemos los controles KEYBOARD en caso de haber seleccionado joystick SINCLAIR.
1462  97D7              ;	Si la caja de 4 bytes (Sinclair_db_box) está vacía no habrá transvase de datos.
1463  97D7
1464  97D7
1465  97D7 CD DA BF     	call Play_DONE_in_time
1466  97DA
1467  97DA
1468  97DA 21 AC 94     	ld hl,Ctrl_7
1469  97DD CB 8E        	res 1,(hl)
1470  97DF
1471  97DF 21 CA 94     	ld hl,Sinclair_db_box
1472  97E2 7E           	ld a,(hl)
1473  97E3 A7           	and a
1474  97E4 28 0E        	jr z,Game_over_00
1475  97E6
1476  97E6              ;	Restaura los controles de teclado. Partida anterior con SINCLAIR JOYSTICK..
1477  97E6
1478  97E6 06 04        	ld b,4
1479  97E8 2B           	dec hl
1480  97E9 11 0E 96     	ld de,Move_LEFT-1
1481  97EC
1482  97EC              Restore_keyboard_controls
1483  97EC
1484  97EC 23           	inc hl
1485  97ED 13           	inc de
1486  97EE
1487  97EE 7E           	ld a,(hl)
1488  97EF 12           	ld (de),a
1489  97F0 AF           	xor a
1490  97F1 77           	ld (hl),a
1491  97F2
1492  97F2 10 F8        	djnz Restore_keyboard_controls
1493  97F4
1494  97F4              Game_over_00
1495  97F4
1496  97F4 2A 55 94     	ld hl,(Entidad_sospechosa_de_colision)
1497  97F7 2B           	dec hl
1498  97F8
1499  97F8 7C           	ld a,h
1500  97F9 B5           	or l
1501  97FA CC 7C A8     	call z,Enter_name_screen
1502  97FD CA 35 96     	jp z,Main_menu
1503  9800
1504  9800 22 55 94     	ld (Entidad_sospechosa_de_colision),hl
1505  9803 18 55        	jr End_frame
1506  9805
1507  9805 21 4C 94     7 ld hl,Ctrl_3
1508  9808 CB 76        	bit 6,(hl)
1509  980A 28 14        	jr z,Amadeus_vivo
1510  980C
1511  980C              ; 	Amadeus ha sido destruido.
1512  980C              ; 	Decrementa (Temp_new_live).
1513  980C
1514  980C 21 61 94     	ld hl,Temp_new_live
1515  980F 35           	dec (hl)
1516  9810 20 48        	jr nz,End_frame
1517  9812
1518  9812              ; 	Una vida menos. Reinicia Amadeus, reinicia Shield. (aparece nueva nave).
1519  9812
1520  9812 21 8D 94     	ld hl,Lives
1521  9815 35           	dec (hl)
1522  9816 CC CC A9     	call z,game_over
1523  9819 28 3F        	jr z,End_frame
1524  981B
1525  981B              New_Amadeus:
1526  981B
1527  981B CD 87 98     	call Reinicia_Amadeus
1528  981E 18 3A        	jr End_frame
1529  9820
1530  9820              ; 	Hay Impacto???, Existe movimiento???, Disparamos???, Pausamos el juego???
1531  9820
1532  9820              Amadeus_vivo:
1533  9820
1534  9820 3A CF 90     	ld a,(Impacto_Amadeus)
1535  9823 A7           	and a
1536  9824 C4 D7 9C     	call nz,Genera_explosion_Amadeus
1537  9827 20 31        	jr nz,End_frame
1538  9829
1539  9829 3A 1C 94     	ld a,(Numero_parcial_de_entidades)
1540  982C A7           	and a
1541  982D CC D8 A9     	call z,Dispara_salida_de_amadeus
1542  9830
1543  9830              ;	Control.
1544  9830
1545  9830 CD 69 A0     	call Main_keyboard_routine
1546  9833 CD 25 A0     	call Kempston_control
1547  9836
1548  9836 21 E5 93     	ld hl,Ctrl_2
1549  9839 CB 76        	bit 6,(hl)
1550  983B 28 10        	jr z,2F
1551  983D
1552  983D              ;	Se ha iniciado la salida de Amadeus por la parte baja de la pantalla, NIVEL SUPERADO.
1553  983D
1554  983D 21 FA 93     	ld hl,Cuad_objeto                                       ; 2ª Función de (Cuad_objeto).
1555  9840 35           	dec (hl)												; DEC temporizador, (FRAME rate) de la transición de salida.
1556  9841 20 0A        	jr nz,2F												; No forzamos la impresión de Amadeus si no ha habido pulsación de teclas.
1557  9843
1558  9843              ;	Forzamos la impresión de Amadeus e inicializamos el temporizador.
1559  9843
1560  9843 3E 02        	ld a,2
1561  9845 77           	ld (hl),a												; INICIALIZA el temporizador, (FRAME/rate) de la transición de salida.
1562  9846
1563  9846 21 4C 94     	ld hl,Ctrl_3
1564  9849 CB EE        	set 5,(hl)
1565  984B
1566  984B 18 07        	jr Vivo_y_coleando
1567  984D
1568  984D 21 4C 94     2 ld hl,Ctrl_3
1569  9850 CB 6E        	bit 5,(hl)
1570  9852 28 06        	jr z,End_frame											; NO hemos pulsado tecla, NO hay transición.
1571  9854
1572  9854              Vivo_y_coleando
1573  9854
1574  9854 CD 17 99     	call Change_Amadeus
1575  9857 CD 21 AB     	call Genera_datos_de_impresion_Amadeus					; Genera los datos de impresión de la nave.
1576  985A
1577  985A              End_frame:
1578  985A
1579  985A              ; 	23/08/24 Llegados a este punto: NO HAY POSIBILIDAD DE GENERAR MÁS DISPAROS.
1580  985A              ; 	Generamos los datos de impresión en el álbum_de_pintado y limpiamos el sobrante de datos del anterior FRAME si toca.
1581  985A
1582  985A CD 53 AC     	call Genera_datos_de_impresion_disparos_Entidades
1583  985D CD 49 BE     	call Genera_datos_de_impresion_disparos_Amadeus			; Genera los datos de impresión de los disparos de Amadeus y entidades.
1584  9860 CD D6 BD     	call Calcula_bytes_pintado_disparos
1585  9863 CD E3 BD     	call Limpia_album_de_pintado_disparos_entidades
1586  9866
1587  9866              ; ------------ ------------- --------------
1588  9866
1589  9866 2A 28 94     	ld hl,(Album_de_borrado)
1590  9869 22 44 94     	ld (Scanlines_album_SP),hl
1591  986C
1592  986C 21 2C 90     	ld hl,Tabla_de_borrado
1593  986F 22 4A 94     	ld (India_3_SP),hl
1594  9872
1595  9872 21 4C 94     	ld hl,Ctrl_3
1596  9875 CB C6        	set 0,(hl) 												; Indica Frame completo.
1597  9877
1598  9877 CB 9E        	res 3,(hl)
1599  9879 CB A6        	res 4,(hl)
1600  987B
1601  987B 21 4D 94     	ld hl,Ctrl_4
1602  987E CB 86        	res 0,(hl)
1603  9880
1604  9880 AF           	xor a
1605  9881 D3 FE        	out ($fe),a
1606  9883
1607  9883 76           	halt
1608  9884
1609  9884 C3 F6 96     	jp Main
1610  9887
1611  9887              ; 	------------------------------------------------------------------------
1612  9887              ; 	------------------------------------------------------------------------
1613  9887              ; 	------------------------------------------------------------------------
1614  9887
1615  9887              ; 	----- ----- ----- ----- ----- ----- ----- ----- -----
1616  9887              ;
1617  9887              ;	24/07/24
1618  9887
1619  9887              Reinicia_Amadeus:
1620  9887
1621  9887              ;	Reinicia posición y estado.
1622  9887
1623  9887 21 DE 50     	ld hl,$50de
1624  988A 22 D0 90     	ld (p.imp.amadeus),hl									; Inicializa el puntero de impresión.
1625  988D 21 F0 C8     	ld hl,Almacen_de_movimientos_masticados_Amadeus + $f0
1626  9890 22 D2 90     	ld (Pamm_Amadeus),hl									; Inicializa el puntero de almacén de movimientos masticados.
1627  9893 21 3D 00     	ld hl,$003d
1628  9896 22 D4 90     	ld (Comm_Amadeus),hl									; Inicializa el contador de movimientos masticados.
1629  9899 3E 45        	ld a,%01000101
1630  989B 32 D7 90     	ld (Attr_Amadeus),a 									; Tras la explosión volvemos a ser azules.
1631  989E
1632  989E              ;	limpiamos el álbum de borrado.
1633  989E
1634  989E 2A 2C 94     	ld hl,(Album_de_borrado_Amadeus)
1635  98A1
1636  98A1 AF           	xor a
1637  98A2 77           	ld (hl),a
1638  98A3 23           	inc hl
1639  98A4 77           	ld (hl),a
1640  98A5
1641  98A5              ; 	Restauramos el FLAG: Amadeus vivo.
1642  98A5
1643  98A5 21 4C 94     	ld hl,Ctrl_3
1644  98A8 CB B6        	res 6,(hl)
1645  98AA
1646  98AA CD 21 AB     	call Genera_datos_de_impresion_Amadeus
1647  98AD
1648  98AD              ;	Reinicia temporizaciones.
1649  98AD
1650  98AD CD F0 9A     	call Inicia_Shield
1651  98B0
1652  98B0 3E 5A        	ld a,90
1653  98B2 32 75 94     	ld (Shield),a 											; Hemos iniciado SHIELD, inicializamos el temporizador SHIELD.
1654  98B5
1655  98B5 3E 64        	ld a,100
1656  98B7 32 61 94     	ld (Temp_new_live),a
1657  98BA
1658  98BA              ;	Fuerza la impresión de la nave en el siguiente frame.
1659  98BA
1660  98BA 21 4C 94     	ld hl,Ctrl_3
1661  98BD CB EE        	set 5,(hl)
1662  98BF
1663  98BF C9           	ret
1664  98C0
1665  98C0              ; --------------------------------------------------------------------------------------------------------------
1666  98C0              ;
1667  98C0              ;	13/9/26
1668  98C0
1669  98C0              Ajusta_velocidad_entidad:
1670  98C0
1671  98C0 DD 7E 0A     	ld a,(ix+10)											; ld a,(Velocidad)
1672  98C3 A7           	and a
1673  98C4 C8           	ret z 													; En la 1ª vuelta (Contador_de_vueltas) será "1" o "2", dependiendo de si queremos_
1674  98C5              	;									  					_ una o dos vueltas "lentas" iniciales. En ambos casos, (Velocidad)="0", pues:
1675  98C5              	;									  					_ (Velocidad)=(Contador_de_vueltas)/4.
1676  98C5
1677  98C5
1678  98C5              ; Incrementa (Contador_de_vueltas)x2.
1679  98C5              ; (Velocidad) de la entidad será: (Contador_de_vueltas)/4.
1680  98C5
1681  98C5              ;	1ª vuelta: (Contador_de_vueltas)="$02" --- (Velocidad)="0".
1682  98C5              ;	2ª vuelta: 	""	""	""	""	""  ="$04" ---   ""	 ""	  ="1".
1683  98C5              ;	3ª vuelta: 	""	""	""	""	""  ="$08" ---   ""	 ""	  ="2".
1684  98C5              ;	4ª vuelta: 	""	""	""	""	""  ="$10" ---   ""	 ""	  ="4".
1685  98C5              ;	5ª vuelta: 	""	""	""	""	""  ="$20" ---   ""	 ""	  ="8".
1686  98C5
1687  98C5 CB 27        	sla a 													; Multiplica x2 (Velocidad) en cada FRAME.
1688  98C7 DD 77 0A     	ld (ix+10),a											; ld (Velocidad),a
1689  98CA E6 10        	and $10
1690  98CC C8           	ret z
1691  98CD
1692  98CD
1693  98CD              ; Restaura (Velocidad) a razón del nº de vueltas. Se ha superado (Velocidad)x8.
1694  98CD
1695  98CD              ;	Decrementa (Contador_de_mov_masticados), (SI SU CONTENIDO NO ES "0").
1696  98CD
1697  98CD DD 6E 08     	ld l,(ix+8)
1698  98D0 DD 66 09     	ld h,(ix+9)
1699  98D3
1700  98D3 7C           	ld a,h
1701  98D4 A7           	and a
1702  98D5 20 03        	jr nz,1F
1703  98D7
1704  98D7 2C           	inc l
1705  98D8 2D           	dec l
1706  98D9
1707  98D9 C8           	ret z													; RET. Hay que REINICIAR LA ENTIDAD. (Contador_de_mov_masticados) = "0".
1708  98DA
1709  98DA 2B           1 dec hl
1710  98DB
1711  98DB DD 75 08     	ld (ix+8),l
1712  98DE DD 74 09     	ld (ix+9),h
1713  98E1
1714  98E1 DD 7E 02     	ld a,(ix+2)												; ld a,(Contador_de_vueltas)
1715  98E4 CB 2F        	sra a
1716  98E6 CB 2F        	sra a
1717  98E8 DD 77 0A     	ld (ix+10),a
1718  98EB
1719  98EB DD 6E 06     	ld l,(ix+6)
1720  98EE DD 66 07     	ld h,(ix+7)												; HL contiene (Puntero_de_almacen_de_mov_masticados)
1721  98F1
1722  98F1 23           	inc hl
1723  98F2 23           	inc hl
1724  98F3 23           	inc hl
1725  98F4 23           	inc hl
1726  98F5
1727  98F5 DD 75 06     	ld (ix+6),l
1728  98F8 DD 74 07     	ld (ix+7),h												; (Puntero_de_almacen_de_mov_masticados) actualizado.
1729  98FB
1730  98FB C9           	ret
1731  98FC
1732  98FC              ; --------------------------------------------------------------------------------------------------------------
1733  98FC              ;
1734  98FC              ;	25/08/24
1735  98FC
1736  98FC              Change:
1737  98FC
1738  98FC 3A 41 94     	ld a,(Switch)
1739  98FF EE 01        	xor 1
1740  9901 32 41 94     	ld (Switch),a
1741  9904
1742  9904 2A 26 94     	ld hl,(Album_de_pintado)
1743  9907 ED 5B 28 94  	ld de,(Album_de_borrado)
1744  990B
1745  990B EB           	ex de,hl
1746  990C
1747  990C 22 26 94     	ld (Album_de_pintado),hl
1748  990F 22 44 94     	ld (Scanlines_album_SP),hl
1749  9912 ED 53 28 94  	ld (Album_de_borrado),de
1750  9916
1751  9916 C9           	ret
1752  9917
1753  9917              Change_Amadeus:
1754  9917
1755  9917 2A 2A 94     	ld hl,(Album_de_pintado_Amadeus)
1756  991A ED 5B 2C 94  	ld de,(Album_de_borrado_Amadeus)
1757  991E
1758  991E EB           	ex de,hl
1759  991F
1760  991F 22 2A 94     	ld (Album_de_pintado_Amadeus),hl
1761  9922 ED 53 2C 94  	ld (Album_de_borrado_Amadeus),de
1762  9926
1763  9926 C9           	ret
1764  9927
1765  9927              Change_Disparos:
1766  9927
1767  9927              ; Álbumes de Amadeus.
1768  9927
1769  9927 2A 2E 94     1 ld hl,(Album_de_pintado_disparos_Amadeus)
1770  992A ED 5B 30 94  	ld de,(Album_de_borrado_disparos_Amadeus)
1771  992E
1772  992E EB           	ex de,hl
1773  992F
1774  992F 22 2E 94     	ld (Album_de_pintado_disparos_Amadeus),hl
1775  9932 ED 53 30 94  	ld (Album_de_borrado_disparos_Amadeus),de
1776  9936
1777  9936 CD CB BD     	call Limpia_album_de_pintado_disparos_Amadeus
1778  9939
1779  9939              ; Álbumes de entidades.
1780  9939
1781  9939 2A 32 94     	ld hl,(Album_de_pintado_disparos_Entidades)
1782  993C ED 5B 34 94  	ld de,(Album_de_borrado_disparos_Entidades)
1783  9940
1784  9940 EB           	ex de,hl
1785  9941
1786  9941 22 32 94     	ld (Album_de_pintado_disparos_Entidades),hl
1787  9944 ED 53 34 94  	ld (Album_de_borrado_disparos_Entidades),de
1788  9948 22 36 94     	ld (Nivel_scan_disparos_album_de_pintado),hl
1789  994B
1790  994B 3A 38 94     	ld a,(Num_de_bytes_album_de_disparos)
1791  994E 32 39 94     	ld (Num_de_bytes_album_de_disparos_borrado),a
1792  9951
1793  9951 C9           	ret
1794  9952
1795  9952              ; ------------------------------------
1796  9952              ;
1797  9952              ; 	3/7/26
1798  9952              ;
1799  9952              ;	INPUTS: A contiene un nº aleatorio comprendido entre ($00 y $ff).
1800  9952              ;
1801  9952              ;			La rutina sumará este valor a (FRAMES) siendo este nuevo valor el tiempo que tardará en aparecer una nueva entidad, (Clock_next_entity).
1802  9952              ;
1803  9952              ;			Antes de sumar el valor de (A) a (FRAMES), la rutina "filtra" esa cantidad manteniéndola entre 2 valores:
1804  9952              ;			(Max_time_to_appear_entities) ... Valor máximo de tiempo. (A) no podrá superar nunca este valor.
1805  9952              ;			(Min_time_to_appear_entities) ... Valor mínimo. (A) no podrá tener un valor más bajo que este.
1806  9952              ;
1807  9952              ;			Nota: Se puede dar el caso de que (Max_time_to_appear_entities) y (Min_time_to_appear_entities) contengan el mismo valor debido a que_
1808  9952              ;				  _la rutina [Decrementa_techo] irá decrementando el valor de (Max_time_to_appear_entities) un nº de unidades definido por:
1809  9952              ;				  _(Decrease_top_time_entities) cada vez que eliminamos a una entidad. De esta manera iremos aumentando la dificultad del nivel a_
1810  9952              ;				  _medida que transcurre el tiempo.
1811  9952              ;
1812  9952              ;	OUTPUT: Define (Clock_next_entity).
1813  9952
1814  9952              Define_Clock_next_entity:
1815  9952
1816  9952 21 84 94     	ld hl,Max_time_to_appear_entities
1817  9955 BE           	cp (hl)
1818  9956
1819  9956 4F           	ld c,a 												; Nº aleatorio ($00 - $ff) en A.
1820  9957
1821  9957 38 03        	jr c,1F
1822  9959
1823  9959              ;	Por encima o igual que (Max_time_to_appear_entities).
1824  9959
1825  9959 4E           	ld c,(hl)
1826  995A 18 06        	jr 2F
1827  995C
1828  995C              ;	El nº aleatorio no supera el valor de (Max_time_to_appear_entities).
1829  995C              ;	Por debajo del mínimo?, (Min_time_to_appear_entities)??.
1830  995C
1831  995C 23           1 inc hl
1832  995D 23           	inc hl
1833  995E
1834  995E BE           	cp (hl)
1835  995F
1836  995F 30 01        	jr nc,2F
1837  9961
1838  9961              ;	Por DEBAJO de (Min_time_to_appear_entities).
1839  9961
1840  9961 4E           	ld c,(hl)
1841  9962
1842  9962 3A 78 5C     2 ld a,(FRAMES)
1843  9965 81           	add c
1844  9966 32 65 94     	ld (Clock_next_entity),a
1845  9969
1846  9969 C9           	ret
1847  996A
1848  996A              ; ------------------------------------
1849  996A              ;
1850  996A              ; 	13/9/26
1851  996A
1852  996A              Borra_diferencia:
1853  996A
1854  996A ED 4B 44 94  	ld bc,(Scanlines_album_SP)
1855  996E
1856  996E 3A 41 94     	ld a,(Switch)
1857  9971 A7           	and a
1858  9972 28 08        	jr z,2F
1859  9974
1860  9974 2A 3F 94     	ld hl,(Techo_Scanlines_album_2)
1861  9977 11 3F 94     	ld de,Techo_Scanlines_album_2
1862  997A 18 06        	jr 3F
1863  997C
1864  997C 2A 3D 94     2 ld hl,(Techo_Scanlines_album)
1865  997F 11 3D 94     	ld de,Techo_Scanlines_album
1866  9982
1867  9982              ; Diferencia.
1868  9982
1869  9982 ED 42        3 sbc hl,bc
1870  9984
1871  9984 C8           	ret z
1872  9985 D8           	ret c
1873  9986
1874  9986              ; Nuevo techo, (más bajo que el anterior).
1875  9986              ; Fijamos nuevo techo y borramos bytes sobrantes.
1876  9986
1877  9986 EB           	ex de,hl
1878  9987
1879  9987 71           	ld (hl),c
1880  9988 23           	inc hl
1881  9989 70           	ld (hl),b
1882  998A
1883  998A AF           	xor a
1884  998B 43           	ld b,e
1885  998C
1886  998C 2A 44 94     	ld hl,(Scanlines_album_SP)
1887  998F
1888  998F 77           1 ld (hl),a
1889  9990 23           	inc hl
1890  9991 10 FC        	djnz 1B
1891  9993
1892  9993              ; Indicamos que tenemos nuevo techo más bajo con el FLAG:
1893  9993
1894  9993 21 4C 94     	ld hl,Ctrl_3
1895  9996 CB DE        	set 3,(hl)
1896  9998
1897  9998 C9           	ret
1898  9999
1899  9999              ; --------------------------------------------------------------------------------------------------------------
1900  9999              ;
1901  9999              ;	13/9/26
1902  9999              ;
1903  9999              ;	INPUT: IX apunta al 1er .db (Tipo) de la entidad, (caja de entidades correspondiente).
1904  9999              ;
1905  9999              ;	Estructura de cada línea en la (Tabla_de_pintado):
1906  9999              ;
1907  9999              ;	(Columna_Y), (Attr), (Columnas) y .defw (Album_de_pintado).
1908  9999              ;	.db, .db, .db, .defw
1909  9999
1910  9999              Entidad_a_Tabla_de_pintado:
1911  9999
1912  9999 21 FC 93     	ld hl,Sprite_completo
1913  999C 34           	inc (hl)		 										; (Sprite_completo) actúa ahora como contador de entidades imprimibles.
1914  999D              ;                                                           ; El nº de entidades almacenadas en la Tabla_de_pintado lo utilizara [Ordena_tabla_de_impresion] más adelante.
1915  999D
1916  999D 2A 46 94     	ld hl,(India_SP) 	 									; (India_SP) es el puntero que se mueve por la tabla de pintado.
1917  99A0
1918  99A0 DD 5E 0D     	ld e,(ix+13)
1919  99A3 DD 56 0B     	ld d,(ix+11)
1920  99A6 3A FB 93     	ld a,(Columnas)
1921  99A9
1922  99A9 73           	ld (hl),e        										; (Columna_Y).
1923  99AA 23           	inc hl
1924  99AB 72           	ld (hl),d 		 										; (Attr).
1925  99AC 23           	inc hl
1926  99AD 77           	ld (hl),a 		 										; (Columnas).
1927  99AE 23           	inc hl
1928  99AF
1929  99AF ED 5B 11 94  	ld de,(Repone_puntero_objeto)				 			; .defw (Album_de_pintado).
1930  99B3
1931  99B3 73           	ld (hl),e
1932  99B4 23           	inc hl
1933  99B5 72           	ld (hl),d
1934  99B6 23           	inc hl 			 										; (Album_de_pintado).
1935  99B7
1936  99B7 22 46 94     	ld (India_SP),hl
1937  99BA
1938  99BA C9           	ret
1939  99BB
1940  99BB              ; --------------------------------------------------------------------------------------------------------------
1941  99BB              ;
1942  99BB              ;	27/03/24
1943  99BB              ;
1944  99BB              ;	Limpia el `resto de la tabla de impresión? y sitúa el puntero de la tabla, (India_SP) al_
1945  99BB              ;	_comienzo de la misma.
1946  99BB
1947  99BB
1948  99BB              Inicializa_India_y_limpia_Tabla_de_impresion
1949  99BB
1950  99BB 2A 46 94     	ld hl,(India_SP)
1951  99BE 01 2B 90     	ld bc,Tabla_de_borrado-1								; Bytes de (Tabla_de_pintado)-1.
1952  99C1
1953  99C1 79           	ld a,c
1954  99C2 95           	sub l
1955  99C3 28 06        	jr z,2F
1956  99C5 47           	ld b,a													; Nº de bytes a limpiar de la tabla. Si la Tabla está completa, omitimos limpiar_
1957  99C6              ;															; _ y pasamos a inicializar (India_SP).
1958  99C6 AF           	xor a
1959  99C7
1960  99C7 77           1 ld (hl),a
1961  99C8 23           	inc hl
1962  99C9 10 FC        	djnz 1B													; Limpia Tabla.
1963  99CB
1964  99CB 21 0E 90     2 ld hl,Tabla_de_pintado									; Inicializa (India_SP).
1965  99CE 22 46 94     	ld (India_SP),hl
1966  99D1
1967  99D1 C9           	ret
1968  99D2
1969  99D2              ; --------------------------------------------------------------------------------------------------------------
1970  99D2              ;
1971  99D2              ;	28/3/25
1972  99D2
1973  99D2              Ordena_tabla_de_pintado
1974  99D2
1975  99D2              ;	INPUT: HL está situado en el 1er byte de la Tabla de pintado.
1976  99D2
1977  99D2 3A FC 93     	ld a,(Sprite_completo)
1978  99D5 FE 04        	cp 4
1979  99D7 D8           	ret c 													; < 4 entidades, no ordenamos la Tabla.
1980  99D8
1981  99D8 3D           	dec a
1982  99D9 4F           	ld c,a 													; (Entidades_en_curso)-1 en C.
1983  99DA 51           	ld d,c 													; Copia de respaldo.
1984  99DB
1985  99DB 7E           	ld a,(hl)												; Nº de Fila de la 1ª entidad, (1er byte de la tabla).
1986  99DC 21 13 90     	ld hl,Tabla_de_pintado+5
1987  99DF 46           	ld b,(hl) 												; Nº de Fila de la 2ª entidad a comparar.
1988  99E0
1989  99E0 22 48 94     	ld (India_2_SP),hl										; Apunta a la segunda entidad a comparar.
1990  99E3
1991  99E3              ; --- --- --- --- --- --- ---
1992  99E3              ;
1993  99E3              ;	Comparador.
1994  99E3
1995  99E3 B8           1 cp b
1996  99E4
1997  99E4 38 08        	jr c, Avanza_India_2_SP
1998  99E6 28 06        	jr z, Avanza_India_2_SP
1999  99E8              ;
2000  99E8              ; --- --- --- --- --- --- ---
2001  99E8
2002  99E8 CD FE 99     	call Trueque
2003  99EB
2004  99EB 18 01        	jr Avanza_India_2_SP
2005  99ED
2006  99ED C9           	ret
2007  99EE
2008  99EE              Avanza_India_2_SP
2009  99EE
2010  99EE 0D           	dec c
2011  99EF CC 1A 9A     	call z,Avanza_punteros_indios
2012  99F2 C8           	ret z 													; Tabla_de_pintado ordenada !!!
2013  99F3
2014  99F3 23           	inc hl
2015  99F4 23           	inc hl
2016  99F5 23           	inc hl
2017  99F6 23           	inc hl
2018  99F7 23           	inc hl
2019  99F8
2020  99F8 46           	ld b,(hl)
2021  99F9
2022  99F9 22 48 94     	ld (India_2_SP),hl 										; Siguiente entidad en la Tabla.
2023  99FC
2024  99FC 18 E5        	jr 1B 													; Salta al comparador.
2025  99FE
2026  99FE              Trueque
2027  99FE
2028  99FE D5           	push de 												; Preservo (Entidades_en_curso)-1.
2029  99FF E5           	push hl													; Preservo (India_2_SP).
2030  9A00
2031  9A00              ;	Intercambia (Fila).
2032  9A00
2033  9A00 ED 5B 46 94  	ld de,(India_SP)
2034  9A04 EB           	ex de,hl
2035  9A05 70           	ld (hl),b
2036  9A06 12           	ld (de),a												; Intercambio de Fila, (Coordenada_Y).
2037  9A07
2038  9A07 CD 33 9A     	call Intercambia_1_byte 								; Intercambio de Attrs.
2039  9A0A CD 33 9A     	call Intercambia_1_byte									; Intercambio de Columna.
2040  9A0D
2041  9A0D              ;	Intercambiamos (Scanlines_album) .defw
2042  9A0D
2043  9A0D CD 33 9A     	call Intercambia_1_byte									; low byte.
2044  9A10 CD 33 9A     	call Intercambia_1_byte									; high byte.
2045  9A13
2046  9A13              ; Volvemos a iniciar A. Vuelve a contener `el nuevo contenido, (Fila), de (India_SP).
2047  9A13              ; Recuperamos (India_2_SP) en HL.
2048  9A13
2049  9A13 2A 46 94     	ld hl,(India_SP)
2050  9A16 7E           	ld a,(hl)
2051  9A17
2052  9A17 E1           	pop hl
2053  9A18 D1           	pop de
2054  9A19
2055  9A19 C9           	ret
2056  9A1A
2057  9A1A              ; --------------------------------------------------------------------------------------------------------------
2058  9A1A
2059  9A1A              Avanza_punteros_indios
2060  9A1A
2061  9A1A 15           	dec d
2062  9A1B 28 0E        	jr z,Prepara_salida
2063  9A1D
2064  9A1D 4A           	ld c,d
2065  9A1E
2066  9A1E 2A 46 94     	ld hl,(India_SP)
2067  9A21
2068  9A21 23           	inc hl
2069  9A22 23           	inc hl
2070  9A23 23           	inc hl
2071  9A24 23           	inc hl
2072  9A25 23           	inc hl
2073  9A26
2074  9A26 7E           	ld a,(hl)
2075  9A27 22 46 94     	ld (India_SP),hl
2076  9A2A
2077  9A2A C9           	ret
2078  9A2B
2079  9A2B              Prepara_salida
2080  9A2B
2081  9A2B 21 0E 90     	ld hl,Tabla_de_pintado
2082  9A2E 22 46 94     	ld (India_SP),hl
2083  9A31 AF           	xor a
2084  9A32
2085  9A32 C9           	ret
2086  9A33
2087  9A33              ;	----- ----- ----- ----- -----
2088  9A33
2089  9A33              Intercambia_1_byte
2090  9A33
2091  9A33 23           	inc hl
2092  9A34 13           	inc de
2093  9A35
2094  9A35 46           	ld b,(hl)
2095  9A36 1A           	ld a,(de)
2096  9A37 EB           	ex de,hl
2097  9A38 70           	ld (hl),b
2098  9A39 12           	ld (de),a												; Byte de menor peso de las dos direcciones de memoria, ----- INTERCAMBIADAS -----.
2099  9A3A
2100  9A3A C9           	ret
2101  9A3B
2102  9A3B              ; --------------------------------------------------------------------------------------------------------------
2103  9A3B              ;
2104  9A3B              ;	8/9/26
2105  9A3B              ;
2106  9A3B              ;	INPUTS: IX contiene (Puntero_de_impresion)
2107  9A3B              ;			IY contiene (Puntero_objeto)
2108  9A3B
2109  9A3B              ;	El nibble alto del byte alto de una dirección de memoria de pantalla sólo utiliza los bits 6 y 4 para codificar dicha dirección:
2110  9A3B              ;
2111  9A3B              ;	$4xxx, $5xxx ........ %0100 xxxx xxxx xxxx, %0101 xxxx xxxx xxxx
2112  9A3B              ;
2113  9A3B              ;	Como los bits 7 y 5 quedan libres, los utilizaremos para codificar el n° de (Columnas) que podremos imprimir del sprite.
2114  9A3B              ;
2115  9A3B              ;	La rutina también posiciona (Puntero_objeto) una o dos columnas a la derecha cuando estamos apareciendo o desapareciendo por la parte_
2116  9A3B              ;	_izquierda de la pantalla.
2117  9A3B
2118  9A3B
2119  9A3B              Codifica_Puntero_de_impresion:
2120  9A3B
2121  9A3B 3A FB 93     	ld a,(Columnas)
2122  9A3E 3D           	dec a
2123  9A3F 28 14        	jr z,Una_Columna
2124  9A41
2125  9A41 3D           	dec a
2126  9A42 28 01        	jr z,Dos_Columnas
2127  9A44
2128  9A44 C9           	ret
2129  9A45
2130  9A45              Dos_Columnas
2131  9A45
2132  9A45 DD 7C        	ld a,ixh
2133  9A47 CB FF        	set 7,a
2134  9A49 DD 67        	ld ixh,a
2135  9A4B
2136  9A4B              ;	Si nos encontramos en el lado derecho de la pantalla no modificamos (Puntero_objeto).
2137  9A4B
2138  9A4B 3A FA 93     1 ld a,(Cuad_objeto)
2139  9A4E E6 01        	and 1
2140  9A50 C8           	ret z
2141  9A51
2142  9A51 CD 5D 9A     	call Ajusta_Puntero_objeto
2143  9A54
2144  9A54 C9           	ret
2145  9A55
2146  9A55              Una_Columna
2147  9A55
2148  9A55 DD 7C        	ld a,ixh
2149  9A57 CB EF        	set 5,a
2150  9A59 DD 67        	ld ixh,a
2151  9A5B
2152  9A5B 18 EE        	jr 1B
2153  9A5D
2154  9A5D              ; ----- ----- ----- ----- -----
2155  9A5D
2156  9A5D              Ajusta_Puntero_objeto:
2157  9A5D
2158  9A5D 3A FB 93     	ld a,(Columnas)
2159  9A60 47           	ld b,a
2160  9A61 3A E8 93     	ld a,(Columns)
2161  9A64 90           	sub b
2162  9A65 C8           	ret z
2163  9A66 47           	ld b,a
2164  9A67
2165  9A67 FD 2C        1 inc iyl
2166  9A69 10 FC        	djnz 1B
2167  9A6B
2168  9A6B C9           	ret
2169  9A6C
2170  9A6C              ; ------------------------------------------
2171  9A6C              ;
2172  9A6C              ;	10/9/26
2173  9A6C              ;
2174  9A6C              ;	Extraemos movimiento del (Almacen_de_mov_masticados):
2175  9A6C              ;
2176  9A6C              ;	INPUTS: IX,(Puntero_store_caja).
2177  9A6C              ;		    (1er .db de la caja de la entidad en curso, (Tipo).)
2178  9A6C              ;
2179  9A6C              ;	OUTPUTS: (Puntero_objeto) en DE.
2180  9A6C              ;	         (Puntero_de_impresion) codificado en BC.
2181  9A6C              ;			 (Puntero_de_almacen_de_mov_masticados) actualizado en su correspondiente caja de entidades.
2182  9A6C              ;
2183  9A6C              ;	MODIFY: A,BC,DE y HL.
2184  9A6C
2185  9A6C
2186  9A6C              Take_movement:
2187  9A6C
2188  9A6C DD 6E 08     	ld l,(ix+8)
2189  9A6F DD 66 09     	ld h,(ix+9)                                            ; (Contador_de_mov_masticados) en HL.
2190  9A72
2191  9A72 7C           	ld a,h
2192  9A73 B5           	or l
2193  9A74 20 03        	jr nz,1F
2194  9A76
2195  9A76 CC 99 A6     	call z,Reinicia_entidad_maliciosa 					   ; El (Contador_de_mov_masticados) no ha llegado a "0". Dec.
2196  9A79
2197  9A79 2B           1 dec hl
2198  9A7A
2199  9A7A DD 75 08     	ld (ix+8),l
2200  9A7D DD 74 09     	ld (ix+9),h 											; (Contador_de_mov_masticados) actualizado.
2201  9A80
2202  9A80 DD 6E 06     	ld l,(ix+6)
2203  9A83 DD 66 07     	ld h,(ix+7) 											; (Puntero_de_almacen_de_mov_masticados) en HL.
2204  9A86
2205  9A86 ED 73 22 94  	ld (Stack),sp
2206  9A8A F9           	ld sp,hl
2207  9A8B
2208  9A8B 21 00 00     	ld hl,0
2209  9A8E
2210  9A8E D1           	pop de													; (Puntero_objeto) en DE.
2211  9A8F C1           	pop bc													; (Puntero_de_impresion) codificado en BC.
2212  9A90
2213  9A90 39           	add hl,sp
2214  9A91
2215  9A91 DD 75 06     	ld (ix+6),l
2216  9A94 DD 74 07     	ld (ix+7),h												; (Puntero_de_almacen_de_mov_masticados) de la caja de entidades actualizado.
2217  9A97
2218  9A97 ED 7B 22 94  	ld sp,(Stack)
2219  9A9B
2220  9A9B C9           	ret
2221  9A9C
2222  9A9C              ; ----- ----- ----- ----- ----- ----- ----- ----- ----- -----
2223  9A9C              ;
2224  9A9C              ;	13/9/26
2225  9A9C              ;
2226  9A9C              ;	Tras ejecutar esta rutina tendremos:
2227  9A9C              ;
2228  9A9C              ;	DE ..... (Puntero_objeto) de la explosión.
2229  9A9C              ;	IX ..... (Puntero_de_impresion) de la explosión.
2230  9A9C
2231  9A9C              Cargamos_registros_con_explosion:
2232  9A9C
2233  9A9C DD 6E 06     	ld l,(ix+6)
2234  9A9F DD 66 07     	ld h,(ix+7)
2235  9AA2
2236  9AA2              ; (Puntero_de_almacen_de_mov_masticados) en HL.
2237  9AA2
2238  9AA2 CD C2 9D     	call Extrae_address
2239  9AA5 EB           	ex de,hl												; Puntero objeto de la (Explosión), en DE.
2240  9AA6
2241  9AA6 DD 6E 04     	ld l,(ix+4)
2242  9AA9 DD 66 05     	ld h,(ix+5)
2243  9AAC
2244  9AAC E5           	push hl
2245  9AAD DD E1        	pop ix													; (Puntero_de_impresion) en IX.
2246  9AAF
2247  9AAF C9           	ret
2248  9AB0
2249  9AB0              ; ---------------------------------------------------------------------------------------------------------------------
2250  9AB0              ;
2251  9AB0              ; 13/9/26
2252  9AB0              ;
2253  9AB0              ; (Puntero_store_caja) contendrá la dirección donde se encuentran los parámetros de la 1ª entidad del índice.
2254  9AB0              ; (Indice_restore_caja) se sitúa en la 2ª entidad del índice.
2255  9AB0              ; (Puntero_restore_caja) contendrá la dirección donde se encuentran los parámetros de la 2ª entidad del índice.
2256  9AB0
2257  9AB0              ; Destruye HL y DE !!!!!
2258  9AB0
2259  9AB0              Inicia_punteros_de_cajas:
2260  9AB0
2261  9AB0 21 BE 90     	ld hl,Indice_de_cajas_de_entidades
2262  9AB3 CD C2 9D         call Extrae_address
2263  9AB6 22 13 94         ld (Puntero_store_caja),hl
2264  9AB9
2265  9AB9 21 C0 90         ld hl,Indice_de_cajas_de_entidades+2
2266  9ABC 22 17 94     	ld (Indice_restore_caja),hl
2267  9ABF CD C2 9D     	call Extrae_address
2268  9AC2 22 15 94     	ld (Puntero_restore_caja),hl
2269  9AC5
2270  9AC5 C9           	ret
2271  9AC6
2272  9AC6              ; **************************************************************************************************
2273  9AC6              ;
2274  9AC6              ;	13/9/26
2275  9AC6              ;
2276  9AC6              ;	INPUT: IX contiene (Puntero_store_caja).
2277  9AC6              ;
2278  9AC6              ;	No situamos en la siguiente caja de entidades si esta está vacía.
2279  9AC6
2280  9AC6              Salta_caja_de_entidades_vacia:
2281  9AC6
2282  9AC6 DD 7E 01     	ld a,(ix+1)
2283  9AC9 A7           	and a
2284  9ACA C0           	ret nz
2285  9ACB
2286  9ACB CD D5 9A     	call Incrementa_punteros_de_cajas
2287  9ACE DD 2A 13 94  	ld ix,(Puntero_store_caja)
2288  9AD2
2289  9AD2 18 F2        	jr Salta_caja_de_entidades_vacia
2290  9AD4
2291  9AD4 C9           	ret
2292  9AD5
2293  9AD5              ; **************************************************************************************************
2294  9AD5              ;
2295  9AD5              ;	13/9/26
2296  9AD5              ;
2297  9AD5              ;	Incrementamos los dos punteros de entidades. (+1).
2298  9AD5
2299  9AD5              Incrementa_punteros_de_cajas:
2300  9AD5
2301  9AD5 2A 15 94     	ld hl,(Puntero_restore_caja)
2302  9AD8 22 13 94     	ld (Puntero_store_caja),hl
2303  9ADB 2A 17 94     	ld hl,(Indice_restore_caja)
2304  9ADE
2305  9ADE 23           	inc hl
2306  9ADF 23           	inc hl
2307  9AE0
2308  9AE0 22 17 94     	ld (Indice_restore_caja),hl
2309  9AE3 CD C2 9D         call Extrae_address
2310  9AE6 22 15 94         ld (Puntero_restore_caja),hl
2311  9AE9
2312  9AE9 C9               ret
2313  9AEA
2314  9AEA              ; **************************************************************************************************
2315  9AEA              ;
2316  9AEA              ; Temporización.
2317  9AEA
2318  9AEA              ; $0320 ..... El RASTER va a empezar a pintar el 1er scanline de la primera FILA de la pantalla.
2319  9AEA              ;       ..... (14175 T/States) + 71 es lo que tarda el RASTER en llegar al 1er SCANLINE de la 1ª FILA.
2320  9AEA              ; $00ff ..... Es lo que tarda el RASTER en pintar 1 SCANLINE. (31 T/States) + 71. ..... 102 T/States aprox.
2321  9AEA              ;		..... 224 T/States es lo que tarda el raster en pintar 1 scanline.
2322  9AEA
2323  9AEA              ; $0045 ..... Es lo que tardamos en pintar 1 FILA completa, (8 Scanlines). (1794 T/States) + 71 ..... 1 FILA.
2324  9AEA              ;       ..... (14920 T/States) + 71  ..... Es lo que tarda el RASTER en pintar 1 TERCIO.
2325  9AEA              ; $0365 ..... Llegamos al final de la 1ª FILA, (8 Scanlines).
2326  9AEA
2327  9AEA              ; A partir de $4f61 no hace falta DELAY.
2328  9AEA              ;
2329  9AEA              ;	INPUT: BC, ($0000).
2330  9AEA              ;
2331  9AEA              ;	!!!!!!!! DESTRUYE BC !!!!!!!!!!!
2332  9AEA
2333  9AEA              DELAY:
2334  9AEA              ;															;$0320 ..... Delay mínimo
2335  9AEA 0B           	dec bc  												;Sumaremos $0045 por FILA a esta cantidad inicial. Ejempl: si el Sprite ocupa la 1ª y 2ª_
2336  9AEB
2337  9AEB 78           	ld a,b
2338  9AEC B1           	or c
2339  9AED 20 FB        	jr nz,DELAY
2340  9AEF
2341  9AEF C9           	ret
2342  9AF0
2343  9AF0              ; ---------------------------------------------------------------------------------------------------------------
2344  9AF0              ;
2345  9AF0              ;	13/07/24
2346  9AF0              ;
2347  9AF0
2348  9AF0              ; Temporizaciones Shield, (Variables SHIELD).
2349  9AF0
2350  9AF0              ; Datos_Shield db 4,1,4,1									; Tiempos. (Frecuencia del parpadeo de Amadeus).
2351  9AF0              ; Puntero_datos_shield defw 0								; Señala distintos tiempos para introducirlos en (Shield_2).
2352  9AF0              ; Shield db 100												; Temporización principal. Indica el tiempo que el escudo está activo. No hay escudo cuando (Shield)="0".
2353  9AF0              ; Shield_2 db 0 											; Estado Shield, (tiempo encendido - tiempo apagado - tiempo encendido - tiempo apagado). 4,1,4,1.
2354  9AF0              ; Shield_3 db 0
2355  9AF0
2356  9AF0              Inicia_Shield:
2357  9AF0
2358  9AF0 21 6F 94     	ld hl,Datos_Shield
2359  9AF3 22 73 94     	ld (Puntero_datos_shield),hl 							; Inicia el puntero (Puntero_datos_shield), lo situamos en la 1ª temporización.
2360  9AF6
2361  9AF6 7E           	ld a,(hl)
2362  9AF7 32 76 94     	ld (Shield_2),a											; (Shield_2) contiene la primera temporización.
2363  9AFA
2364  9AFA 3E 01        	ld a,1
2365  9AFC 32 77 94     	ld (Shield_3),a											; (Shield_3) se inicia con "1".
2366  9AFF
2367  9AFF              ;	Sonido, (Efecto_escudo).
2368  9AFF
2369  9AFF 3E C0        	ld a,Shield_sound_init_value 							; Inicia sonido.
2370  9B01 32 80 94     	ld (Shield_sound),a 									; $c0
2371  9B04
2372  9B04 AF           	xor a
2373  9B05
2374  9B05 C9           	ret
2375  9B06
2376  9B06              ; ---------- ---------- ---------- ---------- ----------
2377  9B06              ;
2378  9B06              ;	30/11/24
2379  9B06              ;
2380  9B06              ;	Limpia la caja de entidades de una entidad eliminada.
2381  9B06              ;
2382  9B06              ;	INPUT: IX contiene el 1er .db de la entidad en curso.
2383  9B06              ;	MODIFY: A,BC,DE y HL.
2384  9B06
2385  9B06              Limpia_caja_de_entidades:
2386  9B06
2387  9B06 DD E5        	push ix
2388  9B08 E1           	pop hl
2389  9B09
2390  9B09 AF           	xor a
2391  9B0A 77           	ld (hl),a
2392  9B0B
2393  9B0B 5D           	ld e,l
2394  9B0C 54           	ld d,h
2395  9B0D
2396  9B0D 13           	inc de
2397  9B0E 01 0D 00     	ld bc,13
2398  9B11 ED B0        	ldir
2399  9B13
2400  9B13 C9           	ret
2401  9B14
2402  9B14              ; ---------- ---------- ---------- ---------- ---------- ---------- ---------- ---------- ----------
2403  9B14              ;
2404  9B14              ;	13/9/26
2405  9B14              ;
2406  9B14              ;	Es la 1ª rutina que se ejcuta tras la rutina de interrupciones.
2407  9B14              ;
2408  9B14              ;	ACTUALIZA LA PANTALLA siempre que se haya producido algún movimiento, (entidades, Amadeus).
2409  9B14              ;
2410  9B14
2411  9B14              Actualiza_pantalla:
2412  9B14
2413  9B14 3E 02        	ld a,2
2414  9B16 D3 FE        	out ($fe),a
2415  9B18
2416  9B18 3A 4C 94     	ld a,(Ctrl_3)
2417  9B1B CB 57        	bit 2,a
2418  9B1D 28 5E        	jr z,Ejecuta_escudo                                     ; No hay movimiento de entidades. Saltamos a Amadeus.
2419  9B1F
2420  9B1F              ;	Inicializamos el (Puntero_de_columnas) para el borrado, (Puntero_indice_mov).
2421  9B1F
2422  9B1F              Borrando_entidades:
2423  9B1F
2424  9B1F 2A 4A 94     	ld hl,(India_3_SP) 										; (Attr), (Columnas) y (.defw).
2425  9B22
2426  9B22 7E           	ld a,(hl)
2427  9B23 A7           	and a
2428  9B24 28 1E        	jr z,Pintando_entidades
2429  9B26
2430  9B26 4F           	ld c,a 													; (Attr) en C.
2431  9B27
2432  9B27              ;	Limpiamos (Attr) de (India_3_SP).
2433  9B27
2434  9B27 AF           	xor a
2435  9B28 77           	ld (hl),a
2436  9B29
2437  9B29 23           	inc hl
2438  9B2A
2439  9B2A 7E           	ld a,(hl) 												; (Columnas) en A.
2440  9B2B 32 FB 93     	ld (Columnas),a
2441  9B2E
2442  9B2E              ;	Limpiamos (Columnas) de (India_3_SP).
2443  9B2E
2444  9B2E AF           	xor a
2445  9B2F 77           	ld (hl),a
2446  9B30
2447  9B30              ;	Adquirimos dirección de Scanlies_album.
2448  9B30
2449  9B30 23           	inc hl
2450  9B31
2451  9B31 CD C2 9D     	call Extrae_address
2452  9B34
2453  9B34 12           	ld (de),a
2454  9B35 13           	inc de
2455  9B36 12           	ld (de),a
2456  9B37 13           	inc de
2457  9B38 ED 53 4A 94  	ld (India_3_SP),de
2458  9B3C
2459  9B3C CD C2 9D     	call Extrae_address
2460  9B3F CD 84 B0     	call Pinta_Sprites
2461  9B42
2462  9B42 18 DB        	jr Borrando_entidades
2463  9B44
2464  9B44              Pintando_entidades:
2465  9B44
2466  9B44              ;	(Columna_Y), (Attr), (Columnas) y .defw (Album_de_pintado).
2467  9B44              ;	.db, .db, .db, .defw
2468  9B44
2469  9B44 21 2C 90     	ld hl,Tabla_de_borrado
2470  9B47 22 4A 94     	ld (India_3_SP),hl 										; Inicializa el puntero de la (Tabla_de_borrado).
2471  9B4A
2472  9B4A              ;	Recabamos los datos de la (Tabla_de_pintado).
2473  9B4A
2474  9B4A 2A 46 94     3 ld hl,(India_SP) 										; (India_SP) se encuentra al comienzo de la TABLA_DE_PINTADO.
2475  9B4D
2476  9B4D 23           	inc hl													; Nota: No cambia el byte alto en las tablas de pintado y borrado.
2477  9B4E
2478  9B4E 7E           	ld a,(hl)
2479  9B4F A7           	and a
2480  9B50 28 2B        	jr z,Ejecuta_escudo 									; (Tabla_de_pintado) vacía. Saltamos a Amadeus.
2481  9B52
2482  9B52 32 E4 93     	ld (Attr),a
2483  9B55 4F           	ld c,a 	 												; (Attr) en C.
2484  9B56
2485  9B56 23           	inc hl
2486  9B57
2487  9B57 7E           	ld a,(hl)
2488  9B58 32 FB 93     	ld (Columnas),a
2489  9B5B
2490  9B5B 23           	inc hl
2491  9B5C
2492  9B5C CD C2 9D     	call Extrae_address 									; .defw (Album_de_pintado) en HL.
2493  9B5F
2494  9B5F 13           	inc de
2495  9B60 13           	inc de
2496  9B61
2497  9B61 ED 53 46 94  	ld (India_SP),de 										; Puntero (India_SP) situado en la siguiente línea de la tabla.
2498  9B65              ;
2499  9B65              ;															; Tenemos: 	C, (Attr).
2500  9B65              ; 												  			 			A, (Columnas).
2501  9B65              ;																	   HL, (Datos_en_album_de_pintado).
2502  9B65
2503  9B65              ; Datos a Tabla_de_borrado.
2504  9B65
2505  9B65 EB           	ex de,hl
2506  9B66 2A 4A 94     	ld hl,(India_3_SP)
2507  9B69
2508  9B69 71           	ld (hl),c 												; (Attr).
2509  9B6A 23           	inc hl
2510  9B6B 77           	ld (hl),a 												; (Columnas).
2511  9B6C 23           	inc hl
2512  9B6D 73           	ld (hl),e 												; (.defw) dentro del (Album_de_pintado).
2513  9B6E 23           	inc hl
2514  9B6F 72           	ld (hl),d
2515  9B70 23           	inc hl
2516  9B71
2517  9B71 22 4A 94     	ld (India_3_SP),hl
2518  9B74
2519  9B74 EB           	ex de,hl
2520  9B75
2521  9B75              ; ----- ----- ----- -----
2522  9B75
2523  9B75 CD C2 9D     	call Extrae_address
2524  9B78 CD 84 B0     	call Pinta_Sprites
2525  9B7B 18 CD        	jr 3B
2526  9B7D
2527  9B7D              ; --------------------- ----------------------- ---------------------- ---------------------- ---------------
2528  9B7D
2529  9B7D              Ejecuta_escudo
2530  9B7D
2531  9B7D 3E 03        	ld a,3
2532  9B7F 32 FB 93     	ld (Columnas),a
2533  9B82
2534  9B82 3A D7 90     	ld a,(Attr_Amadeus)
2535  9B85 4F           	ld c,a
2536  9B86
2537  9B86 CD 31 AD     	call Force_Amd_attr 									; Siempre fijamos attr. Exista o no exista movimiento de Amadeus.
2538  9B89
2539  9B89 3A 75 94     	ld a,(Shield)
2540  9B8C A7           	and a
2541  9B8D 20 33        	jr nz,Aplica_Shield
2542  9B8F
2543  9B8F              Borrando_Amadeus
2544  9B8F
2545  9B8F 21 4C 94     	ld hl,Ctrl_3
2546  9B92 CB 6E        	bit 5,(hl)
2547  9B94 28 1E        	jr z,1F													; No borramos. No ha habido movimiento.
2548  9B96
2549  9B96 3E 06        	ld a,6
2550  9B98 D3 FE        	out ($fe),a 											; Morado. Indica (borrado-Pintado) de Amadeus.
2551  9B9A
2552  9B9A 2A 2C 94     	ld hl,(Album_de_borrado_Amadeus)
2553  9B9D CD C2 9D     	call Extrae_address
2554  9BA0 24           	inc h
2555  9BA1 25           	dec h
2556  9BA2 28 03        	jr z,Pintando_Amadeus
2557  9BA4
2558  9BA4 CD 84 B0     	call Pinta_Sprites
2559  9BA7
2560  9BA7              Pintando_Amadeus
2561  9BA7
2562  9BA7 2A 2A 94     	ld hl,(Album_de_pintado_Amadeus)
2563  9BAA CD C2 9D     	call Extrae_address
2564  9BAD 24           	inc h
2565  9BAE 25           	dec h
2566  9BAF 28 03        	jr z,1F
2567  9BB1
2568  9BB1 CD 84 B0     	call Pinta_Sprites
2569  9BB4
2570  9BB4              ; --------------------- ----------------------- ---------------------- ---------------------- ---------------
2571  9BB4
2572  9BB4 3E 01        1 ld a,1													; Borde azul.
2573  9BB6 D3 FE        	out ($fe),a
2574  9BB8
2575  9BB8 21 4C 94     	ld hl,Ctrl_3
2576  9BBB CB 86        	res 0,(hl)												; Reinicia el flag de FRAME completo.
2577  9BBD CB 96        	res 2,(hl)												; Reinicia el flag DETECTA MOVIMIENTO, (entidades).
2578  9BBF CB AE        	res 5,(hl)												; Reinicia el flag MOVIMIENTO DE AMADEUS.
2579  9BC1
2580  9BC1 C9           	ret
2581  9BC2
2582  9BC2              ;	Ejecuta Shield.
2583  9BC2
2584  9BC2              Aplica_Shield:
2585  9BC2
2586  9BC2              ;	Bit 1 "1" (Shield_3) Sólo borra.
2587  9BC2              ;		  "0"     ""     Borra/Pinta.
2588  9BC2              ;	Bit 2    ""  RET.	 No borra, no pinta.
2589  9BC2
2590  9BC2 21 77 94     	ld hl,Shield_3
2591  9BC5
2592  9BC5 CB 5E        	bit 3,(hl)
2593  9BC7
2594  9BC7 20 DE        	jr nz,Pintando_Amadeus
2595  9BC9
2596  9BC9 CB 56        	bit 2,(hl)
2597  9BCB 20 E7        	jr nz,1B
2598  9BCD
2599  9BCD CB 4E        	bit 1,(hl)
2600  9BCF C4 D6 9B     	call nz,Borra_Amadeus_shield
2601  9BD2
2602  9BD2 28 BB        	jr z,Borrando_Amadeus
2603  9BD4 18 DE        	jr 1B
2604  9BD6
2605  9BD6              ; ----- ----- ----- ----- ----- ----- ----- ----- -----
2606  9BD6
2607  9BD6              Borra_Amadeus_shield:
2608  9BD6
2609  9BD6 3A 4C 94     	ld a,(Ctrl_3)
2610  9BD9 CB 6F        	bit 5,a
2611  9BDB 28 08        	jr z,1F
2612  9BDD
2613  9BDD 2A 2C 94     	ld hl,(Album_de_borrado_Amadeus)
2614  9BE0 CD C2 9D     	call Extrae_address
2615  9BE3 18 06        	jr 2F
2616  9BE5
2617  9BE5 2A 2A 94     1 ld hl,(Album_de_pintado_Amadeus)
2618  9BE8 CD C2 9D     	call Extrae_address
2619  9BEB
2620  9BEB CD 84 B0     2 call Pinta_Sprites
2621  9BEE
2622  9BEE AF           	xor a
2623  9BEF 3C           	inc a													; Asegura NZ en la salida de la rutina.
2624  9BF0
2625  9BF0 C9           	ret
2626  9BF1
2627  9BF1              Pinta_Amadeus_shield
2628  9BF1
2629  9BF1 2A 2A 94     	ld hl,(Album_de_pintado_Amadeus)
2630  9BF4 CD C2 9D     	call Extrae_address
2631  9BF7 CD 84 B0     	call Pinta_Sprites
2632  9BFA
2633  9BFA AF           	xor a
2634  9BFB 3C           	inc a													; Asegura NZ en la salida de la rutina.
2635  9BFC
2636  9BFC C9           	ret
2637  9BFD
2638  9BFD              Borra_Pinta_Amadeus_shield
2639  9BFD
2640  9BFD CD D6 9B     	call Borra_Amadeus_shield
2641  9C00 CD F1 9B     	call Pinta_Amadeus_shield
2642  9C03
2643  9C03 C9           	ret
2644  9C04
2645  9C04              ; ------------------------------------------------------------------------------------------------------------------------
2646  9C04              ;
2647  9C04              ;	29/12/25
2648  9C04              ;
2649  9C04
2650  9C04              Genera_explosion:
2651  9C04
2652  9C04              ;	En primer lugar activamos el sonido de la explosión.
2653  9C04
2654  9C04 CD 95 C1     	call Init_Burst_sound
2655  9C07
2656  9C07 CD 40 C1     	call Play_burst_sound_effect
2657  9C0A
2658  9C0A 21 5F 94     	ld hl,Clock_explosion
2659  9C0D 35           	dec (hl)
2660  9C0E 28 1B        	jr z,Siguiente_frame_explosion							; Gestionamos la siguiente entidad.
2661  9C10
2662  9C10              Borra_entidad_colisionada:
2663  9C10
2664  9C10 3A E7 93     	ld a,(Filas)
2665  9C13 A7           	and a
2666  9C14 20 05        	jr nz,1F
2667  9C16
2668  9C16 3E 46        	ld a,%01000110
2669  9C18 DD 77 0B     	ld (ix+11),a 											; Cambia a AMARILLO los attrs. de la entidad.
2670  9C1B
2671  9C1B DD E5        1 push ix 													; Push 1er .db (Clase) de la entidad, (caja de entidades correspondiente).
2672  9C1D
2673  9C1D CD 9C 9A     	call Cargamos_registros_con_explosion
2674  9C20 CD B3 9C     	call calcula_CColumnass_Explosion_entidad
2675  9C23
2676  9C23              ;	HL e IX contienen (Puntero_de_impresion). de la explosión.
2677  9C23              ;	DE contiene (Puntero_objeto).
2678  9C23
2679  9C23 DD E1        	pop ix													; Pop 1er .db (Clase) de la entidad, (caja de entidades correspondiente).
2680  9C25 CD B3 AA     	call Explosion_scanlines_generator
2681  9C28
2682  9C28 AF           	xor a
2683  9C29 3C           	inc a 													; Necesario NZ a la salida de la subrutina.
2684  9C2A
2685  9C2A C9           	ret
2686  9C2B
2687  9C2B              Siguiente_frame_explosion:
2688  9C2B
2689  9C2B 3E 42        	ld a,%01000010  										; Rojo.
2690  9C2D DD 77 0B     	ld (ix+11),a
2691  9C30
2692  9C30 3A E7 93     	ld a,(Filas)
2693  9C33 EE 01        	xor 1
2694  9C35 32 E7 93     	ld (Filas),a 											; 2ª función de (Filas). Ahora almacena 1 bit que alterna su estado para cambiar los attr. de la explosión.
2695  9C38              ;															; _de la explosión amarillo-rojo.
2696  9C38
2697  9C38 36 04        	ld (hl),4 												; Inicializamos (Clock_explosion), (velocidad de la explosión).
2698  9C3A
2699  9C3A              ; Avanza Frame de explosión.
2700  9C3A
2701  9C3A DD 6E 06     	ld l,(ix+6)
2702  9C3D DD 66 07     	ld h,(ix+7)												; ld hl,(Puntero_de_almacen_de_mov_masticados).
2703  9C40
2704  9C40 01 64 8B     	ld bc,Indice_Explosion_entidades+4
2705  9C43
2706  9C43 79           	ld a,c
2707  9C44 95           	sub l
2708  9C45 20 61        	jr nz,1F
2709  9C47
2710  9C47              ; Fín de la entidad !!!!!!!!!!!!!
2711  9C47              ; Gestionamos entidades !!!!!!!!!!!!!!!!!!!!!!!!!!
2712  9C47
2713  9C47              ; Numero_de_entidades db 0									; Nº total de entidades maliciosas que contiene el nivel.
2714  9C47              ; Numero_parcial_de_entidades db 0							; Nº de cajas que contiene un bloque de entidades. (6 Cajas).
2715  9C47              ; Entidades_en_curso db 0									; Entidades en pantalla.
2716  9C47
2717  9C47 CD 5B 9D     	call Incrementa_Score
2718  9C4A CD A0 A7     	call Score_a_BCD
2719  9C4D CD 1B A8     	call Actualiza_Punteros_Score 							; Actualizamos los dígitos BCD del marcador Score, (Score_hex) y fijamos los punteros BCD_Score.
2720  9C50
2721  9C50 CD 46 9D     	call Decrementa_techo 									; Cada vez que eliminamos a una entidad decrementamos el valor de (Max_time_to_appear_entities).
2722  9C53
2723  9C53              ; La entidad eliminada, es la última del nivel ?
2724  9C53
2725  9C53 3A 1B 94     	ld a,(Numero_de_entidades)
2726  9C56 A7           	and a
2727  9C57 28 3F        	jr z,2F
2728  9C59
2729  9C59              ; Decrementa (Numero_de_entidades)
2730  9C59
2731  9C59 3D           	dec a
2732  9C5A 32 1B 94     	ld (Numero_de_entidades),a
2733  9C5D
2734  9C5D 21 1D 94     	ld hl,Entidades_en_curso
2735  9C60 35           	dec (hl)
2736  9C61
2737  9C61 21 1C 94     	ld hl,Numero_parcial_de_entidades
2738  9C64 86           	add (hl)
2739  9C65
2740  9C65              ; ----------------------------------
2741  9C65
2742  9C65 C4 64 A7     	call nz, M_entidades_a_BCD								; Actualizamos la representación BCD de (Numero_de_entidades) + (Numero_parcial_de_entidades).
2743  9C68
2744  9C68              ; Restauramos una nueva entidad de la caja "Master" correspondiente.
2745  9C68              ; IX apunta al 1er .db de la entidad eliminada.
2746  9C68
2747  9C68 2A 6D 94     	ld hl,(Puntero_de_entidades)
2748  9C6B 7E           	ld a,(hl) 												; Clase de la siguiente entidad que hay que reponer en la caja.
2749  9C6C
2750  9C6C 23           	inc hl
2751  9C6D
2752  9C6D 22 6D 94     	ld (Puntero_de_entidades),hl
2753  9C70
2754  9C70 CD C1 A5     	call Obtiene_datos_de_Caja_Master						; HL apunta al 1er .db, (Tipo) de la "Caja Master" correspondiente al (Tipo) de entidad.
2755  9C73
2756  9C73 DD E5        	push ix
2757  9C75 D1           	pop de
2758  9C76
2759  9C76 01 0C 00     	ld bc,12
2760  9C79 ED B0        	ldir
2761  9C7B
2762  9C7B              ; Generamos (Puntero_de_impresion) y coordenadas de la nueva entidad restaurada.
2763  9C7B
2764  9C7B CD 6C 9A     	call Take_movement
2765  9C7E CD FA AA     	call Decodifica_Puntero_de_impresion
2766  9C81
2767  9C81 DD 6E 04     	ld l,(ix+4)
2768  9C84 2C           	inc l
2769  9C85 DD 66 05     	ld h,(ix+5)												; (Puntero_de_impresion) en HL.
2770  9C88
2771  9C88 CD DE AA     	call Genera_coordenadas
2772  9C8B
2773  9C8B ED 4B E9 93  	ld bc,(Coordenada_X)
2774  9C8F
2775  9C8F DD 71 0C     	ld (ix+12),c
2776  9C92 DD 70 0D     	ld (ix+13),b												; (Coordenada_X) y (Coordenada_Y) en caja de entidad.
2777  9C95
2778  9C95 AF           	xor a
2779  9C96 3C           	inc a 													; Necesario NZ a la salida de la subrutina.
2780  9C97
2781  9C97 C9           	ret
2782  9C98
2783  9C98              ; Decrementa (Numero_parcial_de_entidades) y (Entidades_en_curso).
2784  9C98
2785  9C98 21 1C 94     2 ld hl,Numero_parcial_de_entidades
2786  9C9B 35           	dec (hl)
2787  9C9C
2788  9C9C 7E           	ld a,(hl)
2789  9C9D CD 64 A7     	call M_entidades_a_BCD									; Actualizamos la representación BCD de (Numero_de_entidades) + (Numero_parcial_de_entidades).
2790  9CA0
2791  9CA0 23           	inc hl
2792  9CA1 35           	dec (hl)
2793  9CA2
2794  9CA2 CD 06 9B     	call Limpia_caja_de_entidades
2795  9CA5 C3 10 9C     	jp Borra_entidad_colisionada
2796  9CA8
2797  9CA8 23           1 inc hl
2798  9CA9 23           	inc hl
2799  9CAA
2800  9CAA DD 75 06     	ld (ix+6),l
2801  9CAD DD 74 07     	ld (ix+7),h												; (Puntero_de_almacen_de_mov_masticados) a la siguiente explosión.
2802  9CB0
2803  9CB0 C3 10 9C     	jp Borra_entidad_colisionada
2804  9CB3
2805  9CB3              ; ----- ----- ----- ----- -----
2806  9CB3              ;
2807  9CB3              ;	14/9/26
2808  9CB3
2809  9CB3              calcula_CColumnass_Explosion_entidad:
2810  9CB3
2811  9CB3 7D           	ld a,l
2812  9CB4 E6 1F        	and $1f
2813  9CB6 28 18        	jr z,Aparece_izquierda
2814  9CB8
2815  9CB8 08           	ex af,af
2816  9CB9
2817  9CB9 3E 03        	ld a,3
2818  9CBB 32 FB 93     	ld (Columnas),a
2819  9CBE
2820  9CBE 08           	ex af,af
2821  9CBF
2822  9CBF FE 1E        	cp $1e
2823  9CC1 D8           	ret c
2824  9CC2
2825  9CC2 28 06        	jr z,Dos_columnas_derecha
2826  9CC4
2827  9CC4              Aparece_derecha:
2828  9CC4
2829  9CC4 3E 01        	ld a,1
2830  9CC6 32 FB 93     	ld (Columnas),a
2831  9CC9
2832  9CC9 C9           	ret
2833  9CCA
2834  9CCA              Dos_columnas_derecha:
2835  9CCA
2836  9CCA 3E 02        	ld a,2
2837  9CCC 32 FB 93     	ld (Columnas),a
2838  9CCF
2839  9CCF C9           	ret
2840  9CD0
2841  9CD0              Aparece_izquierda:
2842  9CD0
2843  9CD0 3C           	inc a
2844  9CD1 3C           	inc a
2845  9CD2 32 FB 93     	ld (Columnas),a
2846  9CD5
2847  9CD5 1C           	inc e
2848  9CD6
2849  9CD6 C9           	ret
2850  9CD7
2851  9CD7              ; ----- ----- ----- ----- ----- ----- ----- ----- ----- ----- ----- ----- ----- -----
2852  9CD7              ;
2853  9CD7              ;	24/07/25
2854  9CD7              ;
2855  9CD7
2856  9CD7              Genera_explosion_Amadeus:
2857  9CD7
2858  9CD7              ;	Autoriza sonido de explosión.
2859  9CD7
2860  9CD7 CD 95 C1     	call Init_Burst_sound
2861  9CDA
2862  9CDA 21 60 94     	ld hl,Clock_explosion_Amadeus
2863  9CDD 35           	dec (hl)
2864  9CDE 28 26        	jr z,Siguiente_frame_explosion_Amadeus					; Gestionamos la siguiente entidad.
2865  9CE0
2866  9CE0              Borra_Amadeus_impactado
2867  9CE0
2868  9CE0 3A E8 93     	ld a,(Columns)
2869  9CE3 A7           	and a
2870  9CE4
2871  9CE4 20 05        	jr nz,3F
2872  9CE6
2873  9CE6 3E 46        	ld a,%01000110 											; Amarillo.
2874  9CE8 32 D7 90     	ld (Attr_Amadeus),a
2875  9CEB
2876  9CEB CD 17 99     3 call Change_Amadeus
2877  9CEE CD 8C AB     	call Cargamos_registros_con_explosion_Amadeus
2878  9CF1
2879  9CF1              ;	Situación actual:
2880  9CF1              ;
2881  9CF1              ;	DE y HL contienen (Puntero_objeto) de la explosión de Amadeus.
2882  9CF1              ;	IX contiene el (Puntero_de_impresión) de la nave.
2883  9CF1
2884  9CF1              ;	Detecta si Amadeus esta pegado al extremo derecho de la pantalla.
2885  9CF1              ;	IX contiene (Puntero_de_impresion) de Amadeus.
2886  9CF1
2887  9CF1 DD 7D        	ld a,ixl
2888  9CF3 E6 1F        	and $1f
2889  9CF5 FE 1E        	cp $1e
2890  9CF7 20 02        	jr nz,2F
2891  9CF9
2892  9CF9              ;	La explosión de Amadeus ocupa tres columnas por lo que corregiremos su (Puntero_de_impresion) para_
2893  9CF9              ;	_que no aparezca parte de la explosión en la 1ª columna de pantalla.
2894  9CF9
2895  9CF9 DD 2D        	dec ixl 												; ($1d).
2896  9CFB
2897  9CFB CD 21 AB     2 call Genera_datos_de_impresion_Amadeus
2898  9CFE
2899  9CFE 21 4C 94     	ld hl,Ctrl_3
2900  9D01 CB EE        	set 5,(hl)												; Indicamos que hay movimiento, (se modifica el Sprite debido a la explosión).
2901  9D03
2902  9D03 AF           	xor a
2903  9D04 3C           	inc a 													; Necesario NZ a la salida de la subrutina.
2904  9D05
2905  9D05 C9           	ret
2906  9D06
2907  9D06              Siguiente_frame_explosion_Amadeus
2908  9D06
2909  9D06 36 05        	ld (hl),5 												; Inicializamos (Clock_explosion_Amadeus), (velocidad de la explosión).
2910  9D08
2911  9D08 3E 42        	ld a,%01000010  										; Rojo.
2912  9D0A 32 D7 90     	ld (Attr_Amadeus),a
2913  9D0D
2914  9D0D 3A E8 93     	ld a,(Columns)
2915  9D10 EE 01        	xor 1
2916  9D12 32 E8 93     	ld (Columns),a
2917  9D15
2918  9D15              ; Avanza Frame de explosión.
2919  9D15
2920  9D15 2A D2 90     	ld hl,(Pamm_Amadeus)
2921  9D18 01 FA 8B     	ld bc,Indice_Explosion_Amadeus+4
2922  9D1B
2923  9D1B 79           	ld a,c
2924  9D1C 95           	sub l
2925  9D1D 20 20        	jr nz,1F
2926  9D1F
2927  9D1F              ; Fín de Amadeus !!!!!!!!!!!!!
2928  9D1F              ; Activamos el FLAG de Amadeus destruido, ( bit_6 Ctrl_3 ).
2929  9D1F
2930  9D1F AF           	xor a
2931  9D20 32 CF 90     	ld (Impacto_Amadeus),a
2932  9D23
2933  9D23 21 4C 94     	ld hl,Ctrl_3
2934  9D26 CB F6        	set 6,(hl)												; Indica que Amadeus ha sido destruido. Ya se imprimió en pantalla la última explosión.
2935  9D28
2936  9D28 21 4D 94     	ld hl,Ctrl_4
2937  9D2B CB F6        	set 6,(hl)												; Indica al reloj que ha de borrar una vida de la pantalla.
2938  9D2D
2939  9D2D              ;	Evitamos que la rutina [Pintando_Amadeus] llame a la rutina de pintado, [Pinta_sprites] y vuelva a pintar la última explosión.
2940  9D2D              ;	Hace que la rutina [Pintando_Amadeus] interprete que (Album_de_pintado_Amadeus) está vacío.
2941  9D2D
2942  9D2D AF           	xor a
2943  9D2E
2944  9D2E 2A 2C 94     	ld hl,(Album_de_borrado_Amadeus)
2945  9D31 77           	ld (hl),a
2946  9D32
2947  9D32 23           	inc hl
2948  9D33
2949  9D33 77           	ld (hl),a
2950  9D34
2951  9D34 CD 17 99     	call Change_Amadeus
2952  9D37
2953  9D37 21 4C 94     	ld hl,Ctrl_3
2954  9D3A CB EE        	set 5,(hl)												; Indicamos que hay movimiento, (se modifica el Sprite debido a la explosión).
2955  9D3C
2956  9D3C AF           	xor a
2957  9D3D 3C           	inc a
2958  9D3E
2959  9D3E C9           	ret
2960  9D3F
2961  9D3F 23           1 inc hl
2962  9D40 23           	inc hl
2963  9D41
2964  9D41 22 D2 90     	ld (Pamm_Amadeus),hl
2965  9D44 18 9A        	jr Borra_Amadeus_impactado
2966  9D46
2967  9D46              ; ---------------------------------------------------------------
2968  9D46              ;
2969  9D46              ;	29/06/26
2970  9D46              ;
2971  9D46              ;	Decrementa el valor de (Max_time_to_appear_entities) en (Decrease_top_time_entities) unidades.
2972  9D46              ;	(Max_time_to_appear_entities) nunca será mayor que (Min_time_to_appear_entities).
2973  9D46
2974  9D46              Decrementa_techo:
2975  9D46
2976  9D46 21 84 94     	ld hl, Max_time_to_appear_entities
2977  9D49 7E           	ld a,(hl)
2978  9D4A
2979  9D4A 23           	inc hl
2980  9D4B
2981  9D4B 96           	sub (hl)
2982  9D4C
2983  9D4C CC 4C 9D     	call z,$
2984  9D4F DC 4F 9D     	call c,$
2985  9D52
2986  9D52              ;	New TOP-time in A.
2987  9D52
2988  9D52 23           	inc hl
2989  9D53
2990  9D53 BE           	cp (hl)
2991  9D54
2992  9D54 30 01        	jr nc,1F
2993  9D56
2994  9D56              ;	Si estamos por debajo del valor mínimo corregimos:
2995  9D56
2996  9D56 7E           	ld a,(hl)
2997  9D57
2998  9D57 2B           1 dec hl
2999  9D58 2B           	dec hl
3000  9D59
3001  9D59 77           	ld (hl),a
3002  9D5A
3003  9D5A C9           	ret
3004  9D5B
3005  9D5B              ; ------------------------------
3006  9D5B              ;
3007  9D5B              ;	24/6/26
3008  9D5B              ;
3009  9D5B              ;	INPUTS: IX apunta al prumer .db (Clase) de la caja de entidades.
3010  9D5B
3011  9D5B              Incrementa_Score:
3012  9D5B
3013  9D5B DD 7E 01     	ld a,(ix+1)
3014  9D5E 47           	ld b,a 									; (Tipo) de entidad en B. BadSat, Badplate, ...
3015  9D5F
3016  9D5F 21 EF 84     	ld hl,Tabla_de_puntuacion -1
3017  9D62 23           1 inc hl
3018  9D63 10 FD        	djnz 1B
3019  9D65
3020  9D65 4E           	ld c,(hl) 								; C contiene la puntuación BASE.
3021  9D66
3022  9D66              ;											; Tabla_de_puntuacion base, (1er tercio de pantalla).
3023  9D66
3024  9D66              ;											; db 20 ..... $14 Tipo BadSat
3025  9D66              ;          									; db 30 ..... $1e Tipo Badplate
3026  9D66              ;     										; db 40 .....
3027  9D66              ;          	                                ; db 50 .....
3028  9D66              ;                                           ; db 60 .....
3029  9D66
3030  9D66 DD 6E 04     	ld l,(ix+4)
3031  9D69 DD 66 05     	ld h,(ix+5) 							; Carga HL con el (Puntero_de_impresion) de esta entidad para calcular en que tercio de la pantalla se encuentra.
3032  9D6C
3033  9D6C CD C8 9D     	call calcula_tercio
3034  9D6F 28 08        	jr z,vel                                ; Puntuación BASE en el 1er tercio de pantalla.
3035  9D71
3036  9D71 0D           	dec c
3037  9D72 0D           	dec c
3038  9D73 0D           	dec c
3039  9D74
3040  9D74 3D           	dec a
3041  9D75 28 02        	jr z,vel 								; (Puntuación Base)-3 en el 2º tercio.
3042  9D77
3043  9D77 0D           	dec c
3044  9D78 0D           	dec c 									; (Puntuación Base)-5 en el 3er tercio.
3045  9D79
3046  9D79              vel
3047  9D79
3048  9D79 DD 7E 0A     	ld a,(ix+10)
3049  9D7C
3050  9D7C 81           	add c
3051  9D7D 4F           	ld c,a 									; A la puntuación le sumamos el perfil de velocidad.
3052  9D7E
3053  9D7E              suma
3054  9D7E
3055  9D7E A7           	and a
3056  9D7F 2A 9A 94     	ld hl,(Score_hex)
3057  9D82 ED 4A        	adc hl,bc
3058  9D84
3059  9D84 22 9A 94     	ld (Score_hex),hl
3060  9D87
3061  9D87 C9           	ret
3062  9D88
3063  9D88              ; ------------------------------------------------------------------------
3064  9D88              ;
3065  9D88              ;	08/04/26
3066  9D88              ;
3067  9D88              ;	Inizializa el siguiente nivel.
3068  9D88
3069  9D88              Next_level:
3070  9D88
3071  9D88 F3           	di
3072  9D89
3073  9D89              ;	Eliminamos el disparo de Amadeus y su sonido.
3074  9D89
3075  9D89 AF               xor a
3076  9D8A
3077  9D8A 06 04            ld b,4
3078  9D8C 21 58 90         ld hl,Disparo_Amad
3079  9D8F
3080  9D8F 77           1 ld (hl),a
3081  9D90 23               inc hl
3082  9D91 10 FC            djnz 1B
3083  9D93
3084  9D93 21 00 00     	ld hl,0
3085  9D96 22 7D 94     	ld (Shot_sound),hl
3086  9D99
3087  9D99 CD 27 99     	call Change_Disparos							; Intercambiamos los álbumes de disparos.
3088  9D9C CD 3C B0         call Pinta_disparos_Amadeus
3089  9D9F CD 27 99     	call Change_Disparos							; Intercambiamos los álbumes de disparos.
3090  9DA2
3091  9DA2 CD 2C C0     	call Done_melody
3092  9DA5
3093  9DA5 01 FF 05     	ld bc,$05ff
3094  9DA8 CD EA 9A         call DELAY
3095  9DAB
3096  9DAB 21 4D 94     	ld hl,Ctrl_4
3097  9DAE CB AE        	res 5,(hl)
3098  9DB0
3099  9DB0 CD 0C C6     	call Clean_DONE   								;	Inicializa FLAF: (Nivel superado) y limpia el mensaje DONE.
3100  9DB3
3101  9DB3 CD EE A8     	call Replace_Amadeus_attr_zone 					;	Repone los atributos de las 2 últimas líneas de pantalla para que la entrada de Amadeus del siguiente nivel sea azul.
3102  9DB6
3103  9DB6 CD 9D A2     	call Clean_boxes_and_albums
3104  9DB9
3105  9DB9 CD 0B A2     	call Inicializa_Variables_DRAW
3106  9DBC
3107  9DBC CD D9 A1     	call Actualiza_punteros_de_Nivel
3108  9DBF
3109  9DBF C3 70 96     	jp Init_level
3110  9DC2
3111  9DC2              ;	-----------------------------------------------------------------------------------------
3112  9DC2
3113  9DC2              ;	Rutinas consecutivas, no hay bytes libres entre ellas.
3114  9DC2
3115  9DC2              	include "Funciones_genericas.asm"
# file opened: Funciones_genericas.asm
   1+ 9DC2              ; *************************************************************************************************************************************************************
   2+ 9DC2              ;
   3+ 9DC2              ;   13/9/26
   4+ 9DC2              ;
   5+ 9DC2              ;   Extrae la dirección de memoria que contiene un puntero (hl).
   6+ 9DC2              ;
   7+ 9DC2              ;   INPUT: (HL) Puede estar sitúado en una tabla o índice.
   8+ 9DC2
   9+ 9DC2
  10+ 9DC2              Extrae_address:
  11+ 9DC2
  12+ 9DC2 5E               ld e,(hl)
  13+ 9DC3 23               inc hl
  14+ 9DC4 56               ld d,(hl)
  15+ 9DC5 2B               dec hl
  16+ 9DC6
  17+ 9DC6 EB               ex de,hl
  18+ 9DC7
  19+ 9DC7 C9               ret
  20+ 9DC8
  21+ 9DC8              ; ******************************************* Indica el tercio de pantalla en el que nos encontramos según el valor del registro H ********************************************************
  22+ 9DC8              ;
  23+ 9DC8              ;   NOTA: Entrega "0", "1" o "2" en A en función del tercio en el que nos encontremos.
  24+ 9DC8              ;
  25+ 9DC8              ; *****************************************************************************************************************************************************************************************
  26+ 9DC8              ;   010T TSSS LLLC CCCC (Codificación de la memoria de pantalla). $4000 - $57FF, (256 x 192 pixeles).
  27+ 9DC8
  28+ 9DC8              calcula_tercio:
  29+ 9DC8
  30+ 9DC8 7C               ld a,h
  31+ 9DC9 E6 18            and $18
  32+ 9DCB CB 2F            sra a
  33+ 9DCD CB 2F            sra a
  34+ 9DCF CB 2F            sra a
  35+ 9DD1
  36+ 9DD1 C9               ret
  37+ 9DD2
  38+ 9DD2              ; -----------------------------------------------------------------------------------------
  39+ 9DD2              ;
  40+ 9DD2              ;   04/11/22
  41+ 9DD2              ;
  42+ 9DD2              ;   Entrega una dirección de ATRIBUTOS de pantalla en HL a partir de una dirección de pantalla, dada en HL.
  43+ 9DD2              ;
  44+ 9DD2              ;   INPUT: HL contiene la dirección de memoria de pantalla.
  45+ 9DD2              ;   OUTPUT: HL contiene la dirección de ATRIBUTOS de pantalla de la dirección que contenía HL.
  46+ 9DD2              ;
  47+ 9DD2              ;   DESTRUYE: HL y A. !!!!!
  48+ 9DD2
  49+ 9DD2              Calcula_direccion_atributos:
  50+ 9DD2
  51+ 9DD2 CD C8 9D         call calcula_tercio
  52+ 9DD5
  53+ 9DD5 26 58            ld h,$58
  54+ 9DD7 84               add h
  55+ 9DD8 67               ld h,a
  56+ 9DD9
  57+ 9DD9 C9               ret
  58+ 9DDA
  59+ 9DDA              ; ----------------------------------------------------------
  60+ 9DDA              ;
  61+ 9DDA              ;   17/7/26
  62+ 9DDA              ;
  63+ 9DDA              ;   Asigna atributos de pantalla a un caracter en concreto.
  64+ 9DDA              ;
  65+ 9DDA              ;   INPUT: (HL) contiene la dirección de pantalla del caracter al que queremos asignar attrs.
  66+ 9DDA              ;           (B) contiene los Attrs.
  67+ 9DDA
  68+ 9DDA              ;   MODIFY: AF y H.
  69+ 9DDA
  70+ 9DDA              Modify_first_char_attr:
  71+ 9DDA
  72+ 9DDA CD D2 9D         call Calcula_direccion_atributos
  73+ 9DDD 70               ld (hl),b
  74+ 9DDE
  75+ 9DDE C9               ret
  76+ 9DDF
  77+ 9DDF              ; ---------------------------------------------------
  78+ 9DDF              ;
  79+ 9DDF              ;   15/9/26
  80+ 9DDF              ;
  81+ 9DDF              ;   Limpia la memoria de pantalla. Clean screen.
  82+ 9DDF              ;
  83+ 9DDF              ;   INPUT: (A) contiene attrs de pantalla.
  84+ 9DDF              ;
  85+ 9DDF              ;   MODIFY: HL,DE y BC.
  86+ 9DDF              ;
  87+ 9DDF              ;   El formato: FBPPPIII (Flash, Brillo, Papel, Tinta).
  88+ 9DDF              ;
  89+ 9DDF              ;   COLORES: 0 ..... NEGRO
  90+ 9DDF              ;            1 ..... AZUL
  91+ 9DDF              ;            2 ..... ROJO
  92+ 9DDF              ;            3 ..... MAGENTA
  93+ 9DDF              ;            4 ..... VERDE
  94+ 9DDF              ;            5 ..... CIAN
  95+ 9DDF              ;            6 ..... AMARILLO
  96+ 9DDF              ;            7 ..... BLANCO
  97+ 9DDF
  98+ 9DDF              Cls:
  99+ 9DDF
 100+ 9DDF 21 00 40         ld hl,$4000                                         ; HL => Comienzo de pantalla.
 101+ 9DE2 11 01 40         ld de,$4001
 102+ 9DE5 01 00 18         ld bc,6144                                          ; Tamaño de la pantalla, $17ff
 103+ 9DE8 36 00            ld (hl),0                                           ; Ponemos a "0" todos los pixels de la pantalla.
 104+ 9DEA ED B0            ldir
 105+ 9DEC
 106+ 9DEC              ;   Attrs.
 107+ 9DEC
 108+ 9DEC 01 FF 02         ld bc,767
 109+ 9DEF 77               ld (hl),a                                           ; Atributos de pantalla, % 00 xxx xxx en [A].
 110+ 9DF0 ED B0            ldir
 111+ 9DF2
 112+ 9DF2 AF               xor a
 113+ 9DF3
 114+ 9DF3 C9               ret
 115+ 9DF4
 116+ 9DF4              ;----------------------------------------------------------------------------------------------------------------
 117+ 9DF4              ;
 118+ 9DF4              ;	5/08/22
 119+ 9DF4              ;
 120+ 9DF4              ;   NextScan.
 121+ 9DF4              ;
 122+ 9DF4              ;   Calcula la dirección de mem. de pantalla donde se sitúa el siguiente scanline. (Inc H, línea abajo).
 123+ 9DF4              ;
 124+ 9DF4              ;   INPUT: HL contendra la dirección de mem. de video sobre la que queremos calcular el siguiente scanline.
 125+ 9DF4              ;
 126+ 9DF4              ;   OUTPUT: HL contendrá la nueva dirección de memoria de pantalla.
 127+ 9DF4              ;
 128+ 9DF4              ;       DESTRUIDOS: AF y HL !!!
 129+ 9DF4              ;
 130+ 9DF4              ;   010T TSSS LLLC CCCC (Codificación de la memoria de pantalla). $4000 - $57FF, (256 x 192 pixeles).
 131+ 9DF4              ;
 132+ 9DF4
 133+ 9DF4              NextScan:
 134+ 9DF4
 135+ 9DF4 24           	inc h          							        ; Incrementamos el scanline.
 136+ 9DF5 7C               ld a,h
 137+ 9DF6 E6 07            and 7
 138+ 9DF8 C0               ret nz              							; Salimos de la rutina si el scanline se encuentra entre (1-7).
 139+ 9DF9
 140+ 9DF9 7D           	ld a,l              							; Scanlines a "0", cambiamos de tercio. (Siempre que estemos en la última línea, LLL).
 141+ 9DFA C6 20            add a,$20           							; Vamos a comprobarlo...
 142+ 9DFC 6F               ld l,a
 143+ 9DFD D8               ret c               							; Salimos si se produce el cambio de tercio.
 144+ 9DFE
 145+ 9DFE 7C               ld a,h              							; No estamos en la última línea del tercio, por lo que inicializamos H restando una_
 146+ 9DFF D6 08            sub 8               							; _unidad a los bits que definen el tercio TT, (sub $08).
 147+ 9E01 67               ld h,a
 148+ 9E02 C9               ret
 149+ 9E03
 150+ 9E03              NextScan_15:
 151+ 9E03
 152+ 9E03 06 0F        	ld b,15
 153+ 9E05 CD F4 9D     1 call NextScan
 154+ 9E08 10 FB        	djnz 1B
 155+ 9E0A
 156+ 9E0A C9           	ret
 157+ 9E0B
 158+ 9E0B              Down_File:
 159+ 9E0B
 160+ 9E0B C5               push bc
 161+ 9E0C
 162+ 9E0C 06 08            ld b,8
 163+ 9E0E CD F4 9D     1 call NextScan
 164+ 9E11 10 FB            djnz 1B
 165+ 9E13
 166+ 9E13 C1               pop bc
 167+ 9E14
 168+ 9E14 C9               ret
 169+ 9E15
 170+ 9E15              ;----------------------------------------------------------------------------------------------------------------
 171+ 9E15              ;
 172+ 9E15              ;	5/08/22
 173+ 9E15              ;
 174+ 9E15              ;   PreviousScan.
 175+ 9E15              ;
 176+ 9E15              ;   Calcula la dirección de mem. de pantalla donde se sitúa el scanline anterior. (Dec H, línea arriba).
 177+ 9E15              ;
 178+ 9E15              ;   INPUT: HL contendra la dirección de mem. de video sobre la que queremos calcular el scanline anterior.
 179+ 9E15              ;
 180+ 9E15              ;   OUTPUT: HL contendrá la nueva dirección de memoria de pantalla.
 181+ 9E15              ;
 182+ 9E15              ;       DESTRUIDOS: AF y HL !!!
 183+ 9E15              ;
 184+ 9E15              ;   010T TSSS LLLC CCCC (Codificación de la memoria de pantalla). $4000 - $57FF, (256 x 192 pixeles).
 185+ 9E15              ;
 186+ 9E15
 187+ 9E15              PreviousScan:
 188+ 9E15
 189+ 9E15 7C           	ld a,h
 190+ 9E16 25               dec h               							; Dec H.
 191+ 9E17 E6 07            and 7
 192+ 9E19 C0               ret nz              							; Salimos de la rutina si el scanline se encuentra entre (1-7).
 193+ 9E1A
 194+ 9E1A 7D               ld a,l              							; Estabamos en el scanline "0" y al decrementar nos situamos en el "7" y cambiamos de tercio.
 195+ 9E1B D6 20            sub $20             							; Vamos a comprobarlo...
 196+ 9E1D 6F               ld l,a
 197+ 9E1E D8               ret c               							; Salimos si estábamos en la primera línea y se produce el cambio de tercio.
 198+ 9E1F
 199+ 9E1F 7C               ld a,h              							; No estamos en la primera línea del tercio, por lo que inicializamos H sumando una_
 200+ 9E20 C6 08            add a,8             							; _unidad a los bits que definen el tercio TT, (add a,$08).
 201+ 9E22 67               ld h,a
 202+ 9E23 C9               ret
 203+ 9E24
 204+ 9E24              PreviousScan_15:
 205+ 9E24
 206+ 9E24 06 0F        	ld b,15
 207+ 9E26 CD 15 9E     1 call PreviousScan
 208+ 9E29 10 FB        	djnz 1B
 209+ 9E2B
 210+ 9E2B C9           	ret
 211+ 9E2C
 212+ 9E2C              Up_File:
 213+ 9E2C
 214+ 9E2C C5               push bc
 215+ 9E2D
 216+ 9E2D 06 08            ld b,8
 217+ 9E2F CD 15 9E     1 call PreviousScan
 218+ 9E32 10 FB            djnz 1B
 219+ 9E34
 220+ 9E34 C1               pop bc
 221+ 9E35
 222+ 9E35 C9               ret
 223+ 9E36
 224+ 9E36              ; -----------------------------------------------------------------
 225+ 9E36              ;
 226+ 9E36              ;	4/4/25
 227+ 9E36              ;
 228+ 9E36              ;	Limpia un espacio de la memoria.
 229+ 9E36              ;
 230+ 9E36              ;	INPUTS:  HL apunta al 1er byte del espacio de memoria que queremos limpiar.
 231+ 9E36              ;				   BC indica el nº de bytes que vamos a poner a "0".
 232+ 9E36              ;
 233+ 9E36              ;	MODIFY: HL,DE,BC
 234+ 9E36
 235+ 9E36              Clean_mem:
 236+ 9E36
 237+ 9E36 36 00        	ld (hl),0
 238+ 9E38
 239+ 9E38 E5           	push hl
 240+ 9E39 D1           	pop de
 241+ 9E3A
 242+ 9E3A 13           	inc de
 243+ 9E3B
 244+ 9E3B ED B0        	ldir
 245+ 9E3D
 246+ 9E3D C9           	ret
 247+ 9E3E
 248+ 9E3E              ; ------------------------------------------------------------------------
 249+ 9E3E              ;
 250+ 9E3E              ;   16/9/26
 251+ 9E3E              ;
 252+ 9E3E              ;   Pinta_imagen.
 253+ 9E3E              ;
 254+ 9E3E              ;   Pinta cualquier imagen en pantalla, (XOR). Esta rutina se utiliza para imágenes estáticas, (NO SPRITES).
 255+ 9E3E              ;
 256+ 9E3E              ;   INPUTS: HL contiene la dirección de memoria depantalla donde queremos imprimir la imagen, (esquina superior izquierda).
 257+ 9E3E              ;           DE contiene la dirección del 1er .db que conforman los datos de la imagen.
 258+ 9E3E              ;            A contiene los Attr.
 259+ 9E3E              ;            B contiene el nº de Columnas.
 260+ 9E3E              ;            C contiene el nº de Filas.
 261+ 9E3E              ;
 262+ 9E3E              ;   MODIFICA: AF, AF´, HL, DE y BC.
 263+ 9E3E
 264+ 9E3E              ;   Notas:  Utiliza esta rutina para ir borrando vidas. Por eso utilizamos la función XOR.
 265+ 9E3E
 266+ 9E3E              Pinta_imagen:
 267+ 9E3E
 268+ 9E3E E5               push hl
 269+ 9E3F C5               push bc
 270+ 9E40
 271+ 9E40              ;   Fija attrs.
 272+ 9E40
 273+ 9E40 08               ex af,af                                                        ; Salvo Attrs. [Calcula_direccion_atributos] destruye A.
 274+ 9E41 CD D2 9D         call Calcula_direccion_atributos
 275+ 9E44 08               ex af,af
 276+ 9E45
 277+ 9E45              ;   Dirección de attrs. en (HL), char. arriba-izq.
 278+ 9E45
 279+ 9E45 CD 4E 9E         call Fija_attrs
 280+ 9E48
 281+ 9E48 C1               pop bc
 282+ 9E49 E1               pop hl
 283+ 9E4A
 284+ 9E4A CD 65 9E         call Imprime_imagen
 285+ 9E4D
 286+ 9E4D C9               ret
 287+ 9E4E
 288+ 9E4E              ; -----------------------------------------------------------------
 289+ 9E4E              ;
 290+ 9E4E              ;   15/9/26
 291+ 9E4E              ;
 292+ 9E4E              ;   Fija los atributos de una imagen en pantalla, (NO SPRITES).
 293+ 9E4E              ;
 294+ 9E4E              ;   INPUTS: (HL) contiene la dirección de attrs. del 1er char. de la imagen, (arriba-izq).
 295+ 9E4E              ;            (A) contiene los atributos.
 296+ 9E4E              ;            (B) contiene el nº de Columnas.
 297+ 9E4E              ;            (C) contiene el nº de Filas.
 298+ 9E4E              ;
 299+ 9E4E              ;   MODIFY: (HL), contendrá la dirección de attrs. del último char. de la imagen, (abajo-izq) + 1
 300+ 9E4E              ;            (C), contiene "0".
 301+ 9E4E              ;
 302+ 9E4E
 303+ 9E4E              Fija_attrs:
 304+ 9E4E
 305+ 9E4E C5               push bc
 306+ 9E4F
 307+ 9E4F 77           1 ld (hl),a
 308+ 9E50 2C               inc l
 309+ 9E51 10 FC            djnz 1B                                                         ; (B) contiene las columnas que tiene la imagen.
 310+ 9E53
 311+ 9E53 C1               pop bc
 312+ 9E54
 313+ 9E54 0D               dec c                                                           ; Decrementa Filas. RET si (Filas)="0".
 314+ 9E55 C8               ret z
 315+ 9E56
 316+ 9E56              ; Next attrs. file.
 317+ 9E56
 318+ 9E56 08               ex af,af
 319+ 9E57
 320+ 9E57 7D               ld a,l
 321+ 9E58 90               sub b
 322+ 9E59 6F               ld l,a
 323+ 9E5A
 324+ 9E5A C5               push bc
 325+ 9E5B
 326+ 9E5B              ;   Sumamos con adc por si la imagen se encuentra situada entre dos tercios de pantalla.
 327+ 9E5B
 328+ 9E5B 01 20 00         ld bc,$20
 329+ 9E5E A7               and a
 330+ 9E5F ED 4A            adc hl,bc                                                       ; HL situado en la siguiente Fila.
 331+ 9E61
 332+ 9E61 C1               pop bc
 333+ 9E62
 334+ 9E62 08               ex af,af
 335+ 9E63
 336+ 9E63 18 E9            jr Fija_attrs
 337+ 9E65
 338+ 9E65              ; ----------------------------------------------------------------
 339+ 9E65              ;
 340+ 9E65              ;   16/9/26
 341+ 9E65              ;
 342+ 9E65              ;   Pinta cualquier imagen en pantalla, (XOR). Esta rutina se utiliza para imágenes estáticas, (NO SPRITES).
 343+ 9E65              ;
 344+ 9E65              ;   INPUTS: HL contiene la dirección de memoria depantalla donde queremos imprimir la imagen, (esquina superior izquierda).
 345+ 9E65              ;           DE contiene la dirección del 1er .db que conforman los datos de la imagen.
 346+ 9E65              ;            A contiene los Attr.
 347+ 9E65              ;            B contiene el nº de Columnas.
 348+ 9E65              ;            C contiene el nº de Filas.
 349+ 9E65              ;
 350+ 9E65              ;   MODIFICA: A,HL,DE y BC.
 351+ 9E65
 352+ 9E65              ;   Notas:  Utiliza esta rutina para ir borrando vidas. Por eso utilizamos la función XOR.
 353+ 9E65
 354+ 9E65              Imprime_imagen:
 355+ 9E65
 356+ 9E65 3E 08            ld a,8
 357+ 9E67 08               ex af,af                                                         ; (A´) contendrá el contador de scanlines que tiene un char.
 358+ 9E68
 359+ 9E68 E5           1 push hl
 360+ 9E69 C5               push bc
 361+ 9E6A
 362+ 9E6A              ;   Generamos scanlines.
 363+ 9E6A
 364+ 9E6A              ;   La secuencia es la siguiente:
 365+ 9E6A              ;
 366+ 9E6A              ;   Byte (XOR) del 1er char. de la imagen.
 367+ 9E6A              ;   Byte (XOR) del 2º char. de la imagen.
 368+ 9E6A              ;   Byte (XOR) del 3er char. de la imagen., etc.
 369+ 9E6A
 370+ 9E6A              ;   Decrementa el contador de scanlines, (A´).
 371+ 9E6A
 372+ 9E6A              ;   Nos situamos en el siguiente scan, (call NextScan).
 373+ 9E6A
 374+ 9E6A              ;   Byte (XOR) del 1er char. de la imagen.
 375+ 9E6A              ;   Byte (XOR) del 2º char. de la imagen.
 376+ 9E6A              ;   Byte (XOR) del 3er char. de la imagen., etc.
 377+ 9E6A
 378+ 9E6A              ;   Decrementa el contador de scanlines, (A´).
 379+ 9E6A
 380+ 9E6A
 381+ 9E6A 1A           2 ld a,(de)
 382+ 9E6B AE               xor (hl)
 383+ 9E6C 77               ld (hl),a
 384+ 9E6D
 385+ 9E6D 2C               inc l
 386+ 9E6E 13               inc de
 387+ 9E6F
 388+ 9E6F 10 F9            djnz 2B
 389+ 9E71
 390+ 9E71 08               ex af,af
 391+ 9E72 3D               dec a
 392+ 9E73 28 08            jr z,Next_file
 393+ 9E75
 394+ 9E75 08               ex af,af
 395+ 9E76
 396+ 9E76 C1               pop bc
 397+ 9E77 E1               pop hl
 398+ 9E78
 399+ 9E78 CD F4 9D         call NextScan
 400+ 9E7B
 401+ 9E7B 18 EB            jr 1B
 402+ 9E7D
 403+ 9E7D              Next_file:
 404+ 9E7D
 405+ 9E7D C1               pop bc
 406+ 9E7E E1               pop hl
 407+ 9E7F
 408+ 9E7F 0D               dec c
 409+ 9E80 C8               ret z
 410+ 9E81
 411+ 9E81 CD F4 9D         call NextScan
 412+ 9E84
 413+ 9E84 18 DF            jr Imprime_imagen
 414+ 9E86
 415+ 9E86              ; ----------------------------------------------------------
 416+ 9E86              ;
 417+ 9E86              ;   16/9/26
 418+ 9E86              ;
 419+ 9E86              ;   Imprime TEXTO usando el CHARSET de la ROM.
 420+ 9E86              ;
 421+ 9E86              ;   Si el registro (B) es distinto de "0", la rutina usará ese valor para TEMPORIZAR la impresión de caracteres,_
 422+ 9E86              ;   _como si fuera una máquina de escribir.
 423+ 9E86
 424+ 9E86              ;   INPUTS: HL apunta al mensage a imprimir, (msg).
 425+ 9E86              ;           DE indica la fila de pantalla donde queremos imprimir el msg.
 426+ 9E86              ;            A contiene los attrs. del msg.
 427+ 9E86              ;            B Actúa como temporizador, ralentiza la impresión de caracteres, (simula una máquina de escribir).
 428+ 9E86              ;              No actua cuando su valor es "0".
 429+ 9E86              ;
 430+ 9E86              ;   MODIFY: HL y DE.
 431+ 9E86
 432+ 9E86              Print_text_msg:
 433+ 9E86
 434+ 9E86 C5               push bc                                 ;   PUSH temporizador.
 435+ 9E87
 436+ 9E87 08               ex af,af                                ;   Attr. en A´.
 437+ 9E88
 438+ 9E88 E5               push hl
 439+ 9E89 D5               push de
 440+ 9E8A
 441+ 9E8A CD C3 9E         call Find_address
 442+ 9E8D
 443+ 9E8D EB               ex de,hl                                ;   BIN en DE - Fila en HL.
 444+ 9E8E
 445+ 9E8E CD CE 9E         call Print_BIN                          ;   Imprime caracter.
 446+ 9E91
 447+ 9E91 CD D2 9D         call Calcula_direccion_atributos
 448+ 9E94
 449+ 9E94 08               ex af,af
 450+ 9E95 77               ld (hl),a                               ;   Asigna attrs. al caracter impreso.
 451+ 9E96
 452+ 9E96 D1               pop de                                  ;   Fila de pantalla.
 453+ 9E97 E1               pop hl                                  ;   Mensaje de texto.
 454+ 9E98
 455+ 9E98              ;   Suiguiente char.
 456+ 9E98
 457+ 9E98 23               inc hl                                  ;   Siguiente caracter a imprimir.
 458+ 9E99
 459+ 9E99 34               inc (hl)
 460+ 9E9A 35               dec (hl)
 461+ 9E9B
 462+ 9E9B 28 24            jr z,Exit_01                            ;   RET, fin de msg.
 463+ 9E9D
 464+ 9E9D 1C               inc e                                   ;   Siguiente columna de pantalla.
 465+ 9E9E
 466+ 9E9E C1               pop bc                                  ;   Carga el temporizador en B.
 467+ 9E9F
 468+ 9E9F 04               inc b
 469+ 9EA0 05               dec b
 470+ 9EA1
 471+ 9EA1 28 E3            jr z,Print_text_msg                     ;   Mensaje NO TEMPORIZADO. Siguiente char.
 472+ 9EA3
 473+ 9EA3              ;  Temporización del caracter.
 474+ 9EA3
 475+ 9EA3 08               ex af,af                                ;   attrs. del msg en AF´.
 476+ 9EA4
 477+ 9EA4 ED 5F            ld a,r
 478+ 9EA6 CB 3F            srl a
 479+ 9EA8
 480+ 9EA8 CB 47            bit 0,a
 481+ 9EAA 28 04            jr z,3F
 482+ 9EAC
 483+ 9EAC 06 5A            ld b,90
 484+ 9EAE 18 02            jr 1F
 485+ 9EB0
 486+ 9EB0 06 82        3 ld b,130
 487+ 9EB2
 488+ 9EB2 0E FF        1 ld c,$ff
 489+ 9EB4
 490+ 9EB4 0D           2 dec c
 491+ 9EB5 20 FD            jr nz,2B
 492+ 9EB7
 493+ 9EB7 10 F9            djnz 1B                                 ;   Aplica temporización.
 494+ 9EB9
 495+ 9EB9 CD F2 C0         call BEEP
 496+ 9EBC
 497+ 9EBC 06 01            ld b,1                                  ;   Activa retardo RND en el próximo char. a imprimir.
 498+ 9EBE
 499+ 9EBE 08               ex af,af                                ;   Recupera attrs. en A.
 500+ 9EBF
 501+ 9EBF 18 C5            jr Print_text_msg
 502+ 9EC1
 503+ 9EC1
 504+ 9EC1              Exit_01:
 505+ 9EC1
 506+ 9EC1 C1               pop bc
 507+ 9EC2
 508+ 9EC2 C9               ret
 509+ 9EC3
 510+ 9EC3              ; -----------------------------------------------------
 511+ 9EC3
 512+ 9EC3              ;   Find char. data.
 513+ 9EC3              ;
 514+ 9EC3              ;   INPUT: (HL) contiene el código ASCII del char. a imprimir.
 515+ 9EC3              ;
 516+ 9EC3              ;   MODIFY: HL y BC.
 517+ 9EC3
 518+ 9EC3              ;   OUTPUT: HL contendrá la dirección de memoria ROM donde se encuentran los 8 bytes que forman el caracter.
 519+ 9EC3
 520+ 9EC3
 521+ 9EC3              Find_address:
 522+ 9EC3
 523+ 9EC3 01 00 3C         ld bc,ROM_ASCII
 524+ 9EC6
 525+ 9EC6 6E               ld l,(hl)
 526+ 9EC7 26 00            ld h,0                                  ;   Código ASCII del caracter a imprimir en HL.
 527+ 9EC9
 528+ 9EC9 29               add hl,hl
 529+ 9ECA 29               add hl,hl
 530+ 9ECB 29               add hl,hl                               ;   ASCII * 8
 531+ 9ECC
 532+ 9ECC 09               add hl,bc
 533+ 9ECD
 534+ 9ECD C9               ret
 535+ 9ECE
 536+ 9ECE              Print_BIN:
 537+ 9ECE
 538+ 9ECE 06 08            ld b,8                                  ;   Nº de lineas que forman el caracter.
 539+ 9ED0
 540+ 9ED0 E5               push hl
 541+ 9ED1
 542+ 9ED1 1A           1 ld a,(de)
 543+ 9ED2 77               ld (hl),a                               ;   Print
 544+ 9ED3
 545+ 9ED3 24               inc h                                   ;   INC scanline.
 546+ 9ED4 1C               inc e                                   ;   INC data address
 547+ 9ED5
 548+ 9ED5 10 FA            djnz 1B
 549+ 9ED7
 550+ 9ED7 E1               pop hl
 551+ 9ED8
 552+ 9ED8 C9               ret
 553+ 9ED9
 554+ 9ED9              ; ----------------------------------------------------------------------------------------------
 555+ 9ED9              ;
 556+ 9ED9              ;   17/9/26
 557+ 9ED9              ;
 558+ 9ED9              ;   Herramienta para construir melodías y ruido con el SPEAKER.
 559+ 9ED9
 560+ 9ED9              Sound_Generator:
 561+ 9ED9
 562+ 9ED9              ;   INPUTS: C contiene el nº de veces que vamos a generar la onda del sonido.
 563+ 9ED9              ;           D Indica si el sonido es ascendente, "1" o descendente, "0".
 564+ 9ED9              ;           E Indica el nº de incrementos/decrementos que sumeremos/restaremos al delay inicial.
 565+ 9ED9              ;           B = "1". Indica que vamos a generar un efecto de ruido, (pseudo RND).
 566+ 9ED9              ;        (HL) = Contiene el sonido, (duración del semiciclo), NOTA.
 567+ 9ED9              ;
 568+ 9ED9
 569+ 9ED9              ;   MODIFY: A,HL,BC y DE.
 570+ 9ED9
 571+ 9ED9              ;   Exclusión:
 572+ 9ED9
 573+ 9ED9 2A 78 94         ld hl,(Sound)
 574+ 9EDC 7C               ld a,h
 575+ 9EDD B5               or l
 576+ 9EDE C8               ret z                   ; Salimos de la rutina si no hay sonido a ejecutar.
 577+ 9EDF
 578+ 9EDF 04               inc b
 579+ 9EE0 05               dec b
 580+ 9EE1 20 2F            jr nz,Noise_efect       ; Salta al módulo de ruido.
 581+ 9EE3
 582+ 9EE3              Loop_2:
 583+ 9EE3
 584+ 9EE3              ;   %xxxabccc
 585+ 9EE3
 586+ 9EE3              ;   %a ... Salida SPEAKER.
 587+ 9EE3              ;   %b ... MIC/EAR.
 588+ 9EE3              ;   %c ... BORDER Colour.
 589+ 9EE3
 590+ 9EE3
 591+ 9EE3 3E 10            ld a,%00010000          ; Borde negro.
 592+ 9EE5 D3 FE            out ($fe),a             ; Semiciclo POSITIVO de la onda, BEEPER ON.
 593+ 9EE7
 594+ 9EE7              Delay_5:
 595+ 9EE7
 596+ 9EE7 2B               dec hl                  ; 26 tstates mide el bucle Delay_5
 597+ 9EE8
 598+ 9EE8 7C               ld a,h
 599+ 9EE9 B5               or l
 600+ 9EEA 20 FB            jr nz,Delay_5
 601+ 9EEC
 602+ 9EEC 2A 78 94         ld hl,(Sound)           ; Recupera duración del semiciclo, 16 tstates.
 603+ 9EEF
 604+ 9EEF AF               xor a                   ; Borde negro.    ---     4 tstates
 605+ 9EF0 D3 FE            out ($fe),a             ; Semiciclo NEGATIVO de la onda, BEEPER OFF.
 606+ 9EF2
 607+ 9EF2              Delay_6:
 608+ 9EF2
 609+ 9EF2 2B               dec hl
 610+ 9EF3
 611+ 9EF3 7C               ld a,h
 612+ 9EF4 B5               or l
 613+ 9EF5 20 FB            jr nz,Delay_6
 614+ 9EF7
 615+ 9EF7              ; Hemos generado una onda sonora.
 616+ 9EF7              ; Averiguamos si existe incremento/decremento del delay; (variación del tono).
 617+ 9EF7
 618+ 9EF7 2A 78 94         ld hl,(Sound)
 619+ 9EFA
 620+ 9EFA 1C               inc e
 621+ 9EFB 1D               dec e
 622+ 9EFC 28 0D            jr z,1F                 ; E Indica el nº de incrementos/decrementos que sumeremos/restaremos al delay inicial.
 623+ 9EFE              ;                           ; (E)="0" indica que no hay variación en el tono.
 624+ 9EFE
 625+ 9EFE 43               ld b,e                  ; (B) contiene ahora el nº de incrementos/decrementos.
 626+ 9EFF 7A               ld a,d                  ; (A) contiene ahora "1", si el sonido es ascendente y "0" si es descendente.
 627+ 9F00
 628+ 9F00              ; Rayo de entrada o de salida ???
 629+ 9F00
 630+ 9F00 A7               and a
 631+ 9F01 20 05            jr nz,Incrementa_delay
 632+ 9F03
 633+ 9F03              Decrementa_delay:
 634+ 9F03
 635+ 9F03 2B               dec hl
 636+ 9F04 10 FD            djnz Decrementa_delay
 637+ 9F06
 638+ 9F06 18 03            jr 1F
 639+ 9F08
 640+ 9F08              Incrementa_delay:
 641+ 9F08
 642+ 9F08 23               inc hl
 643+ 9F09 10 FD            djnz Incrementa_delay
 644+ 9F0B
 645+ 9F0B              ; Descontamos la onda generada del total de ondas que tiene el efecto, (Sound).
 646+ 9F0B
 647+ 9F0B 0D           1 dec c                     ; Decrementa nº de ondas.
 648+ 9F0C
 649+ 9F0C 22 78 94         ld (Sound),hl
 650+ 9F0F
 651+ 9F0F 20 D2            jr nz,Loop_2
 652+ 9F11
 653+ 9F11 C9               ret
 654+ 9F12
 655+ 9F12              ;   Efecto de ruido, se puede utilizar, (entre otras cosas) para generar explosiones, disparos, etc.
 656+ 9F12              ;   Este tipo de onda NO ES SIMÉTRICA, el semiciclo positivo y el negativo tienen una duración distinta.
 657+ 9F12              ;   Cada onda completa que compone el sonido es distinta a la anterior siendo el registro (C) el que contiene el_
 658+ 9F12              ;   _nº de ondas que vamos a ejecutar.
 659+ 9F12              ;   El registro R proporciona el nº pseudo aleatorio que construye los dos semiciclos de la onda.
 660+ 9F12
 661+ 9F12              Noise_efect:
 662+ 9F12
 663+ 9F12              Loop:
 664+ 9F12
 665+ 9F12 ED 5F            ld a,r
 666+ 9F14 47               ld b,a                  ; (B) contiene un nº pseudo aleatorio ($00 - $ff).
 667+ 9F15
 668+ 9F15 3E 10            ld a,%00010000          ; Borde negro.
 669+ 9F17 D3 FE            out ($fe),a             ; Semiciclo POSITIVO de la onda, BEEPER ON.
 670+ 9F19
 671+ 9F19 10 FE        Delay_1 djnz Delay_1        ; Aplica Delay.
 672+ 9F1B
 673+ 9F1B AF               xor a
 674+ 9F1C D3 FE            out ($fe),a             ; Semiciclo NEGATIVO de la onda, BEEPER OFF.
 675+ 9F1E
 676+ 9F1E ED 5F            ld a,r
 677+ 9F20 47               ld b,a                  ; (B) contiene un nº pseudo aleatorio ($00 - $ff).
 678+ 9F21
 679+ 9F21 10 FE        Delay_2 djnz Delay_2        ; Aplica Delay.
 680+ 9F23
 681+ 9F23 25               dec h
 682+ 9F24
 683+ 9F24 0D               dec c                   ; Decrementa ondas completas generadas.
 684+ 9F25
 685+ 9F25 20 EB            jr nz,Loop
 686+ 9F27
 687+ 9F27 22 78 94         ld (Sound),hl
 688+ 9F2A
 689+ 9F2A C9               ret
 690+ 9F2B
# file closed: Funciones_genericas.asm
3116  9F2B              	include "Rutinas_de_teclado.asm"
# file opened: Rutinas_de_teclado.asm
   1+ 9F2B
   2+ 9F2B              ; ------------------------------------------------------------------------
   3+ 9F2B              ;
   4+ 9F2B              ;	18/05/26
   5+ 9F2B              ;
   6+ 9F2B
   7+ 9F2B              ; Nombre_del_campeon ds 6
   8+ 9F2B              ; Puntero_del_nombre_del_campeon defw
   9+ 9F2B              ; Contador_de_caracteres_del_nombre_del_campeon db 5 										; El nombre del ganador tiene 5 caracteres.
  10+ 9F2B
  11+ 9F2B              ; Non_authorized_KEY_CODES db $27,$18,$23,$24,$1c,$14,$0c,$04,$03,$0b,$13,$1b
  12+ 9F2B
  13+ 9F2B              Enter_name:
  14+ 9F2B
  15+ 9F2B C5           	push bc
  16+ 9F2C E5               push hl
  17+ 9F2D D5               push de
  18+ 9F2E
  19+ 9F2E CD 8E 02      	call KEY_SCAN 											  ; ROM, KEY-SCAN
  20+ 9F31
  21+ 9F31              ;	Si pulsamos 2 teclas el registro D y E contendrán el Key CODE de las teclas plsadas respectivamente.
  22+ 9F31              ;	Si sólo pulsamos una tecla el registro D contemdrá "$ff" y el registro E contendrá el KEY CODE de la tecla pulsada.
  23+ 9F31              ;	Sólo admitimos la pulsación de dos teclas para BORRAR, ($27 en D y $23 en E).
  24+ 9F31
  25+ 9F31 3E 27        	ld a,$27
  26+ 9F33 BA           	cp d
  27+ 9F34 28 55        	jr z,CAPS_SHIFT
  28+ 9F36
  29+ 9F36              ;	No hemos pulsado CAPS_SHIFT. RET si hay más de una tecla pulsada.
  30+ 9F36
  31+ 9F36 14           	inc d
  32+ 9F37 C2 C9 9F     	jp nz,1F
  33+ 9F3A
  34+ 9F3A              ;   NO ESTAMOS BORRANDO. TECLA PULSADA ?????
  35+ 9F3A
  36+ 9F3A              Tecla_pulsada
  37+ 9F3A
  38+ 9F3A 1C           	inc e
  39+ 9F3B CA C9 9F     	jp z,1F 												  ; RET. No pressed key.
  40+ 9F3E 1D           	dec e
  41+ 9F3F
  42+ 9F3F              ;	ENTER. !!!!!!!!!!!!!!!!!!!!!!!!!!!!!!!!!!!!!!!!!!!!!!!!!!!!!!!!!!!!!!!
  43+ 9F3F
  44+ 9F3F 3E 21        	ld a,$21
  45+ 9F41 BB           	cp e
  46+ 9F42 28 70        	jr z,2F
  47+ 9F44
  48+ 9F44              ;	KEY. !!!!!!!!!!!!!!!!!!!!!!!!!!!!!!!!!!!!!!!!!!!!!!!!!!!!!!!!!!!!!!!!!
  49+ 9F44
  50+ 9F44              ;	key valida?
  51+ 9F44              ;	No accept: SYMBOL SHIFT, CAPS SHIFT neither NUMBERS.
  52+ 9F44
  53+ 9F44              ;	No Special KEYS & numbers in winner´s name.
  54+ 9F44
  55+ 9F44              Validando_pressed_key
  56+ 9F44
  57+ 9F44 7B           	ld a,e 														; KEYCODE de la tecla pulsada en A y E.
  58+ 9F45
  59+ 9F45 21 BD 94     	ld hl,Non_authorized_KEY_CODES-1
  60+ 9F48 06 0C        	ld b,12
  61+ 9F4A
  62+ 9F4A 23           3 inc hl
  63+ 9F4B BE           	cp (hl)
  64+ 9F4C 28 7B        	jr z,1F
  65+ 9F4E
  66+ 9F4E 10 FA        	djnz 3B
  67+ 9F50
  68+ 9F50 CD D8 9F     	call No_repeat_key
  69+ 9F53 20 74        	jr nz,1F
  70+ 9F55
  71+ 9F55 7B           	ld a,e 														; Recupera KeyCode en A.
  72+ 9F56
  73+ 9F56              ;	Tecla autorizada, recuperamos posicionamiento.
  74+ 9F56
  75+ 9F56 21 BD 94     	ld hl,Contador_de_caracteres_del_nombre_del_campeon
  76+ 9F59 4E           	ld c,(hl)
  77+ 9F5A
  78+ 9F5A 0C           	inc c
  79+ 9F5B 0D           	dec c
  80+ 9F5C 28 6B        	jr z,1F 													; Name completed. 5 chars. max.
  81+ 9F5E
  82+ 9F5E 2A BB 94     	ld hl,(Puntero_del_nombre_del_campeon)
  83+ 9F61 11 8E 50     5 ld de,Inicio_de_msg_de_nombre
  84+ 9F64
  85+ 9F64 F5           	push af 													; KEYCODE
  86+ 9F65
  87+ 9F65 3E 05        	ld a,5
  88+ 9F67 91           	sub c
  89+ 9F68 28 04        	jr z,Obtiene_ASCII
  90+ 9F6A
  91+ 9F6A              ;	Posiciona carro de impresión.
  92+ 9F6A
  93+ 9F6A 47           	ld b,a
  94+ 9F6B 1C           4 inc e
  95+ 9F6C 10 FD        	djnz 4B
  96+ 9F6E
  97+ 9F6E              ;	KEY_KODE en A
  98+ 9F6E
  99+ 9F6E              ;	KEY_CODE válido. Obtenemos su código ASCII y lo guardamos en el msg.
 100+ 9F6E
 101+ 9F6E              Obtiene_ASCII
 102+ 9F6E
 103+ 9F6E F1           	pop af 													; KEYCODE en A.
 104+ 9F6F
 105+ 9F6F EB           	ex de,hl
 106+ 9F70 CD 6B C2     	call ASCII_CODE_de_KEYCODE
 107+ 9F73 EB           	ex de,hl
 108+ 9F74
 109+ 9F74              ;	Imprimimos caracter:
 110+ 9F74
 111+ 9F74 3E 47            ld a,%01000111                                          ; attrs. Yellow ink.
 112+ 9F76 06 00            ld b,0
 113+ 9F78 CD 86 9E         call Print_text_msg
 114+ 9F7B
 115+ 9F7B              ;	Avanzamos carro de impresión y msg.
 116+ 9F7B
 117+ 9F7B 22 BB 94     	ld (Puntero_del_nombre_del_campeon),hl 					; Actualizamos puntero.
 118+ 9F7E
 119+ 9F7E              ;	Ahora el cursor parpadeando se encuentra en este char.
 120+ 9F7E
 121+ 9F7E 1C           	inc e
 122+ 9F7F
 123+ 9F7F EB           	ex de,hl
 124+ 9F80 CD 25 C2         call Flash
 125+ 9F83 EB           	ex de,hl
 126+ 9F84
 127+ 9F84              ;	Decrementa contador de chars.
 128+ 9F84
 129+ 9F84 0D               dec c
 130+ 9F85
 131+ 9F85 79               ld a,c
 132+ 9F86 32 BD 94     	ld (Contador_de_caracteres_del_nombre_del_campeon),a
 133+ 9F89
 134+ 9F89 18 3E        	jr 1F
 135+ 9F8B
 136+ 9F8B              CAPS_SHIFT
 137+ 9F8B
 138+ 9F8B              ;	Tecla CAPS_SHIFT pulsada. Para borrar tenemos que tener el KEY_CODE de "0" en E, RET si NO es así.
 139+ 9F8B
 140+ 9F8B 3E 23        	ld a,$23
 141+ 9F8D BB           	cp e
 142+ 9F8E 20 39        	jr nz,1F 												; RET. 2 key pressed and it's not DELETE.
 143+ 9F90
 144+ 9F90              ;	DELETE. !!!!!!!!!!!!!!!!!!!!!!!!!!!!!!!!!!!!!!!!!!!!!!!!!!!!!!!!!!!!!!
 145+ 9F90
 146+ 9F90 CD D8 9F     	call No_repeat_key
 147+ 9F93 20 34        	jr nz,1F
 148+ 9F95
 149+ 9F95              ;	Estamos en el 1er char. del nombre ???.
 150+ 9F95
 151+ 9F95 3E 05        	ld a,5
 152+ 9F97 21 BD 94     	ld hl,Contador_de_caracteres_del_nombre_del_campeon
 153+ 9F9A BE           	cp (hl)
 154+ 9F9B 28 2C        	jr z,1F
 155+ 9F9D
 156+ 9F9D              ;	DEL char.
 157+ 9F9D
 158+ 9F9D CD F2 C0     	call BEEP
 159+ 9FA0
 160+ 9FA0 34           	inc (hl)
 161+ 9FA1 4E           	ld c,(hl) 												; INC counter.
 162+ 9FA2
 163+ 9FA2 21 4F 94     	ld hl,Ctrl_6
 164+ 9FA5 CB E6        	set 4,(hl) 												; FLAG. Indica DELETE a subrutina FLASH.
 165+ 9FA7
 166+ 9FA7 2A BB 94     	ld hl,(Puntero_del_nombre_del_campeon)
 167+ 9FAA 2B           	dec hl
 168+ 9FAB 22 BB 94     	ld (Puntero_del_nombre_del_campeon),hl 					; Retrocedemos de caracter.
 169+ 9FAE
 170+ 9FAE 11 20 FF     	ld de,$ff20 											; Cambio el KEYCODE "DELETE" por "SPACE" para borrar el char.
 171+ 9FB1 7B           	ld a,e
 172+ 9FB2
 173+ 9FB2 18 AD        	jr 5B
 174+ 9FB4
 175+ 9FB4              ; Name is done.
 176+ 9FB4
 177+ 9FB4 21 AC 94     2 ld hl,Ctrl_7
 178+ 9FB7 CB C6        	set 0,(hl) 												; Hay que imprimir puntuación máxima en el menú principal. También indica que hemos terminado de introducir nobre.
 179+ 9FB9
 180+ 9FB9              ;	Inicializa (Puntero_del_nombre_del_campeon) y (Contador_de_caracteres_del_nombre_del_campeon).
 181+ 9FB9
 182+ 9FB9 21 B5 94     	ld hl,Nombre_del_campeon
 183+ 9FBC 22 BB 94     	ld (Puntero_del_nombre_del_campeon),hl
 184+ 9FBF
 185+ 9FBF 3E 05        	ld a,5
 186+ 9FC1 32 BD 94     	ld (Contador_de_caracteres_del_nombre_del_campeon),a
 187+ 9FC4
 188+ 9FC4 3E 45        	ld a,%01000101											; Fondo NEGRO, tinta Cyan + bright.
 189+ 9FC6 CD DF 9D     	call Cls
 190+ 9FC9
 191+ 9FC9 D1           1 pop de
 192+ 9FCA E1               pop hl
 193+ 9FCB C1               pop bc
 194+ 9FCC
 195+ 9FCC C9               ret
 196+ 9FCD
 197+ 9FCD              Clean_champions_name:
 198+ 9FCD
 199+ 9FCD 21 B4 94         ld hl,Nombre_del_campeon-1
 200+ 9FD0 06 06            ld b,6
 201+ 9FD2 AF               xor a
 202+ 9FD3
 203+ 9FD3 23           1 inc hl
 204+ 9FD4 77               ld (hl),a
 205+ 9FD5 10 FC            djnz 1B
 206+ 9FD7
 207+ 9FD7 C9               ret
 208+ 9FD8
 209+ 9FD8              ; --------------------------------------------
 210+ 9FD8              ;
 211+ 9FD8              ;	21/6/26
 212+ 9FD8              ;
 213+ 9FD8              ;	Memoriza el KeyCode de la tecla pulsada. Evita el rebote, (o repetición) de una pulsación.
 214+ 9FD8              ;	Necesitamos mantener la pulsación de una tecla 5 x 20ms para que no se considere rebote.
 215+ 9FD8
 216+ 9FD8              ; 	INPUT: A contiene el KEYCODE de la pulsación anterior.
 217+ 9FD8
 218+ 9FD8              ;	OUTPUT: Z Pulsación admitida. Almacena KeyCode em (Coordenada_X) e inicializa el temporizador: (Coordenada_y).
 219+ 9FD8              ;		   NZ Pulsación NO ADMITIDA, decrementa el temporizador (Coordenada_y).
 220+ 9FD8
 221+ 9FD8              ;	MODIFY HL.
 222+ 9FD8
 223+ 9FD8              No_repeat_key:
 224+ 9FD8
 225+ 9FD8 21 E9 93     	ld hl,Coordenada_X
 226+ 9FDB BE           	cp (hl)
 227+ 9FDC 20 04        	jr nz,1F
 228+ 9FDE
 229+ 9FDE              ;	Key's pressed yet.
 230+ 9FDE
 231+ 9FDE 23           	inc hl
 232+ 9FDF 35           	dec (hl)
 233+ 9FE0 C0           	ret nz 													; NZ, pulsación no admitida.
 234+ 9FE1
 235+ 9FE1 2B           	dec hl
 236+ 9FE2
 237+ 9FE2              ;	Store_KeyCode in (Coordenada_X) and init. (Coordenada_y).
 238+ 9FE2
 239+ 9FE2 77           1 ld (hl),a
 240+ 9FE3 23           	inc hl
 241+ 9FE4 36 08        	ld (hl),8
 242+ 9FE6
 243+ 9FE6 AF           	xor a 													; Z, pulsación admitida.
 244+ 9FE7
 245+ 9FE7 C9           	ret
 246+ 9FE8
 247+ 9FE8              ; -----------------------------------------------------------------------------------------------
 248+ 9FE8
 249+ 9FE8              ROM_Key_Scan:
 250+ 9FE8
 251+ 9FE8 CD 8E 02     	call KEY_SCAN 											; ROM, KEY-SCAN
 252+ 9FEB
 253+ 9FEB              ;	Tras ejecutar la rutina de escaneo del teclado:
 254+ 9FEB              ;
 255+ 9FEB              ;	Si pulsamos 2 teclas el registro D y E contendrán el Key CODE de las teclas plsadas respectivamente.
 256+ 9FEB              ;	Si sólo pulsamos una tecla el registro D contemdrá "$ff" y el registro E contendrá el KEY CODE de la tecla pulsada.
 257+ 9FEB              ;
 258+ 9FEB
 259+ 9FEB              ;	Hemos pulsado alguna tecla?
 260+ 9FEB
 261+ 9FEB 13           	inc de
 262+ 9FEC
 263+ 9FEC 7A           	ld a,d
 264+ 9FED B3           	or e
 265+ 9FEE 28 F8        	jr z,ROM_Key_Scan 										; RET No key pressed.
 266+ 9FF0
 267+ 9FF0 1B           	dec de
 268+ 9FF1
 269+ 9FF1 14           	inc d
 270+ 9FF2 20 F4        	jr nz,ROM_Key_Scan                      				; Más de una tecla pulsada.
 271+ 9FF4
 272+ 9FF4 C9           	ret
 273+ 9FF5
 274+ 9FF5              ; --------------------------------------------
 275+ 9FF5              ;
 276+ 9FF5              ;	9/3/26
 277+ 9FF5              ;
 278+ 9FF5              ;	Scan keyboard in Main menu.
 279+ 9FF5
 280+ 9FF5              Main_menu_key:
 281+ 9FF5
 282+ 9FF5 21 4F 94         ld hl,Ctrl_6 											; Inicializa RETURN TO MAIN MENU.
 283+ 9FF8 CB 8E            res 1,(hl)
 284+ 9FFA
 285+ 9FFA CD E8 9F     	call ROM_Key_Scan 										; Scan keyboard.
 286+ 9FFD
 287+ 9FFD              ;	Analize key_code.
 288+ 9FFD
 289+ 9FFD              ;	"K" key was pressed ?
 290+ 9FFD
 291+ 9FFD 7B           	ld a,e
 292+ 9FFE FE 11        	cp $11
 293+ A000 CC F2 C0     	call z,BEEP												; "K" key_code.
 294+ A003 CC 4F C4     	call z,Show_controls_keys
 295+ A006 C8           	ret z
 296+ A007
 297+ A007              ;	"E" key was pressed ?
 298+ A007
 299+ A007 FE 15        	cp $15 													; "E" key_code.
 300+ A009 CC F2 C0     	call z,BEEP
 301+ A00C CC 66 A1     	call z,Active_kempstom_joystick
 302+ A00F C8           	ret z
 303+ A010
 304+ A010              ;	"S" key was pressed ?
 305+ A010
 306+ A010 FE 1E        	cp $1e 													; "S" key_code.
 307+ A012 CC F2 C0     	call z,BEEP
 308+ A015 CC 80 A1     	call z,Active_sinclair_joystick
 309+ A018 C8           	ret z
 310+ A019
 311+ A019              ;	"D" key was pressed ?
 312+ A019
 313+ A019 FE 16        	cp $16
 314+ A01B CC F2 C0     	call z,BEEP
 315+ A01E CC CA C2     	call z,Define_menu 										; "D" key_code.
 316+ A021 C8           	ret z
 317+ A022
 318+ A022 18 D1        	jr Main_menu_key
 319+ A024
 320+ A024 C9           	ret
 321+ A025
 322+ A025              ; --------------------------------------------------------------------------------------------------------------------------------------------------------------------------------
 323+ A025              ;
 324+ A025              ;	17/03/26
 325+ A025              ;
 326+ A025              ;
 327+ A025              ;	Kempston joystick:
 328+ A025              ;
 329+ A025              ;	Bit_0 ..... "1" Indica Move_RIGHT.
 330+ A025              ;	Bit_1 ..... "1"    "     "  LEFT.
 331+ A025              ;	Bit_2 ..... "1"    "     "  DOWN.
 332+ A025              ;	Bit_3 ..... "1"    "     "  UP.
 333+ A025              ;	Bit_4 ..... "1"    "     "  FIRE.
 334+ A025
 335+ A025              Kempston_control:
 336+ A025
 337+ A025 3A AC 94     	ld a,(Ctrl_7)
 338+ A028 CB 4F        	bit 1,a
 339+ A02A C8           	ret z 													; Exit routine. We´re going to play with Keyboard.
 340+ A02B
 341+ A02B              ;	Reading Port:
 342+ A02B
 343+ A02B DB 1F        	in a,(31) 												; Read port, ($1f). (KEMPSTON).
 344+ A02D E6 1F        	and %00011111
 345+ A02F CB 47        	bit 0,a
 346+ A031
 347+ A031 C4 EC B9     	call nz,Amadeus_a_derecha
 348+ A034
 349+ A034 DB 1F        	in a,(31) 												; Read port, ($1f). (KEMPSTON).
 350+ A036 E6 1F        	and %00011111
 351+ A038 CB 4F        	bit 1,a
 352+ A03A
 353+ A03A C4 D4 B9     	call nz,Amadeus_a_izquierda
 354+ A03D
 355+ A03D DB 1F        	in a,(31) 												; Read port, ($1f). (KEMPSTON).
 356+ A03F E6 1F        	and %00011111
 357+ A041 CB 67        	bit 4,a
 358+ A043
 359+ A043 C4 68 BE     	call nz,Genera_disparo_Amadeus
 360+ A046
 361+ A046 DB 1F        	in a,(31) 												; Read port, ($1f). (KEMPSTON).
 362+ A048 E6 1F        	and %00011111
 363+ A04A CB 57        	bit 2,a
 364+ A04C C8           	ret z
 365+ A04D
 366+ A04D              ;	Excepciones:
 367+ A04D
 368+ A04D 3A 8E 94         ld a,(Shields)
 369+ A050 A7           	and a
 370+ A051 C8           	ret z	 												; NO leemos SHIELD, no quedan escudos.
 371+ A052
 372+ A052 3A 75 94     	ld a,(Shield)
 373+ A055 A7           	and a
 374+ A056 C0           	ret nz 													; No leemos SHIELD, estamos ejecutando escudo.
 375+ A057
 376+ A057 CD F0 9A     	call Inicia_Shield
 377+ A05A
 378+ A05A              ; ----- Shield iniciado
 379+ A05A
 380+ A05A 3E 5A        	ld a,90
 381+ A05C 32 75 94     	ld (Shield),a 											; Hemos iniciado SHIELD, inicializamos el temporizador SHIELD.
 382+ A05F
 383+ A05F 21 8E 94     	ld hl,Shields   										; (Shield) -1. Inicialmente 3.
 384+ A062 35           	dec (hl)
 385+ A063
 386+ A063 21 E5 93     	ld hl,Ctrl_2                                            ; Indica que hemos pulsado "SHIELD". "El reloj de juego, (IM2)", borrara un escudo siempre que este FLAG esté a "1".
 387+ A066 CB FE        	set 7,(hl)												; La rutina [Borra_escudo], inicializará el FLAG.
 388+ A068
 389+ A068 C9           	ret
 390+ A069
 391+ A069              ; --------------------------------------------------------------------------------------------------------------------------------------------------------------------------------
 392+ A069              ;
 393+ A069              ;	16/03/26
 394+ A069              ;
 395+ A069              ;
 396+ A069
 397+ A069              Main_keyboard_routine:
 398+ A069
 399+ A069 3A AC 94     	ld a,(Ctrl_7)
 400+ A06C CB 4F        	bit 1,a
 401+ A06E C0           	ret nz 													; Exit routine. We´re going to play with Kempston joystick.
 402+ A06F
 403+ A06F CD 8E 02         call KEY_SCAN
 404+ A072
 405+ A072              ;	Excepciones, (lectura de la tecla SHIELD).
 406+ A072
 407+ A072 3A 8E 94         ld a,(Shields)
 408+ A075 A7           	and a
 409+ A076 28 26        	jr z,1F 												; NO leemos SHIELD, no quedan escudos.
 410+ A078
 411+ A078 3A 75 94     	ld a,(Shield)
 412+ A07B A7           	and a
 413+ A07C 20 20        	jr nz,1F 												; No leemos SHIELD, estamos ejecutando escudo.
 414+ A07E
 415+ A07E              ; 	Reading SHIELD key.
 416+ A07E
 417+ A07E
 418+ A07E 3A 12 96         ld a,(Move_SHIELD)
 419+ A081 BB               cp e
 420+ A082 CC F0 9A     	call z,Inicia_Shield
 421+ A085 28 09        	jr z,2F 												; SHIELD iniciado.
 422+ A087
 423+ A087 3A 12 96     	ld a,(Move_SHIELD)
 424+ A08A BA               cp d
 425+ A08B CC F0 9A     	call z,Inicia_Shield
 426+ A08E 20 0E        	jr nz,1F
 427+ A090
 428+ A090              ; ----- Shield iniciado
 429+ A090
 430+ A090 3E 5A        2 ld a,90
 431+ A092 32 75 94     	ld (Shield),a 											; Hemos iniciado SHIELD, inicializamos el temporizador SHIELD.
 432+ A095
 433+ A095 21 8E 94     	ld hl,Shields   										; (Shield) -1. Inicialmente 3.
 434+ A098 35           	dec (hl)
 435+ A099
 436+ A099 21 E5 93     	ld hl,Ctrl_2                                            ; Indica que hemos pulsado "SHIELD". "El reloj de juego, (IM2)", borrara un escudo siempre que este FLAG esté a "1".
 437+ A09C CB FE        	set 7,(hl)												; La rutina [Borra_escudo], inicializará el FLAG.
 438+ A09E
 439+ A09E              ; 	Disparo.
 440+ A09E
 441+ A09E 3A 11 96     1 ld a,(Move_FIRE)
 442+ A0A1 BB               cp e
 443+ A0A2 CC 68 BE         call z,Genera_disparo_Amadeus
 444+ A0A5 BA               cp d
 445+ A0A6 CC 68 BE         call z,Genera_disparo_Amadeus
 446+ A0A9
 447+ A0A9              ;	Movement.
 448+ A0A9
 449+ A0A9 21 E5 93     3 ld hl,Ctrl_2
 450+ A0AC CB 76        	bit 6,(hl)
 451+ A0AE C0           	ret nz													; NIVEL SUPERADO. Amadeus está desapareciendo, no leemos teclado.
 452+ A0AF
 453+ A0AF 3A 0F 96     	ld a,(Move_LEFT)
 454+ A0B2 BB           	cp e
 455+ A0B3 CC D4 B9     	call z,Amadeus_a_izquierda
 456+ A0B6 BA               cp d
 457+ A0B7 CC D4 B9     	call z,Amadeus_a_izquierda
 458+ A0BA
 459+ A0BA 21 4C 94         ld hl,Ctrl_3
 460+ A0BD CB 6E        	bit 5,(hl)
 461+ A0BF C0               ret nz 													; RET if yoy turned left.
 462+ A0C0
 463+ A0C0 3A 10 96     	ld a,(Move_RIGHT)
 464+ A0C3 BB           	cp e
 465+ A0C4 CC EC B9     	call z,Amadeus_a_derecha
 466+ A0C7 BA           	cp d
 467+ A0C8 CC EC B9     	call z,Amadeus_a_derecha
 468+ A0CB
 469+ A0CB C9           	ret
 470+ A0CC
 471+ A0CC              ; -----------------------------------------------------------
 472+ A0CC              ;
 473+ A0CC              ;	11/3/26
 474+ A0CC              ;
 475+ A0CC              ;	Espera la pulsación "FIRE" cuando seleccionamos la opción KEYBOARD.
 476+ A0CC
 477+ A0CC              Press_START:
 478+ A0CC
 479+ A0CC 2A 68 94     	ld hl,(Start_counter) 									; Temporizador de 16 bits. Tiempo máximo que se muestra en pantalla_
 480+ A0CF              ; 															; _la pantalla de controles. Pasado este tiempo volvemos al menú principal.
 481+ A0CF 2B           	dec hl
 482+ A0D0
 483+ A0D0 7C           	ld a,h
 484+ A0D1 B5           	or l
 485+ A0D2 28 17        	jr z, Leave_menu
 486+ A0D4
 487+ A0D4 22 68 94     	ld (Start_counter),hl
 488+ A0D7
 489+ A0D7 CD 8E 02     	call KEY_SCAN
 490+ A0DA
 491+ A0DA 3A 11 96     	ld a,(Move_FIRE) 										; Esperamos la pulsación del disparo.
 492+ A0DD BB           	cp e
 493+ A0DE 20 EC        	jr nz, Press_START
 494+ A0E0
 495+ A0E0              ;	Order to play.
 496+ A0E0
 497+ A0E0 CD F2 C0     	call BEEP
 498+ A0E3
 499+ A0E3 21 00 00     	ld hl,0
 500+ A0E6 22 68 94     	ld (Start_counter),hl 									; Inicializa temporizador.
 501+ A0E9
 502+ A0E9              ;	Activa START GAME.
 503+ A0E9
 504+ A0E9 AF           	xor a 													; "0" before RET to START GAME.
 505+ A0EA
 506+ A0EA C9           	ret
 507+ A0EB
 508+ A0EB              Leave_menu
 509+ A0EB
 510+ A0EB 22 68 94     	ld (Start_counter),hl
 511+ A0EE
 512+ A0EE CD 47 C5     	call Clean_Show_controls_menu 							; Borra las líneas de la pantalla de CONTROLES.
 513+ A0F1
 514+ A0F1 21 4F 94     	ld hl,Ctrl_6
 515+ A0F4 CB CE        	set 1,(hl) 												; Indica más adelante que volvemos al menú principal.
 516+ A0F6
 517+ A0F6 AF           	xor a
 518+ A0F7
 519+ A0F7 C9           	ret
 520+ A0F8
 521+ A0F8              ; -----------------------------------------------------------
 522+ A0F8              ;
 523+ A0F8              ;	18/3/26
 524+ A0F8              ;
 525+ A0F8              ;	Press_START_KEMPSTON and Press_START_SINCLAIR.
 526+ A0F8
 527+ A0F8              Press_START_KEMPSTON:
 528+ A0F8
 529+ A0F8 CD 52 A1     	call Dec_START_counter
 530+ A0FB
 531+ A0FB              ;	"Z" indica que salimos de la rutina, (out of time).
 532+ A0FB              ;	"NZ" Espera la pulsación "FIRE" para comenzar la partida.
 533+ A0FB
 534+ A0FB 28 1D        	jr z, Leave_menu_2
 535+ A0FD
 536+ A0FD              ;	Esperamos la pulsación del disparo.
 537+ A0FD
 538+ A0FD DB 1F        	in a,(31) 												; Leemos el puerto 31, (KEMPSTON)
 539+ A0FF E6 1F        	and %00011111 											; Limpiamos los bits altos, (no se utilizan y pueden contener ruido eléctrico).
 540+ A101              ;
 541+ A101              ;	Kempston joystick:
 542+ A101              ;
 543+ A101              ;	Bit_0 ..... "1" Indica Move_RIGHT.	(1d).
 544+ A101              ;	Bit_1 ..... "1"    "     "  LEFT.	(2d).
 545+ A101              ;	Bit_2 ..... "1"    "     "  DOWN.	(4d).
 546+ A101              ;	Bit_3 ..... "1"    "     "  UP.		(8d).
 547+ A101              ;	Bit_4 ..... "1"    "     "  FIRE.	(16d).
 548+ A101
 549+ A101 FE 10        	cp 16
 550+ A103
 551+ A103 20 F3        	jr nz,Press_START_KEMPSTON
 552+ A105
 553+ A105              ;	Order to play with a Kempston joystick.
 554+ A105
 555+ A105              Order_to_play
 556+ A105
 557+ A105 CD F2 C0     	call BEEP
 558+ A108
 559+ A108 3E 05        	ld a,$05
 560+ A10A 32 6A 94     	ld (Start_counter_2),a
 561+ A10D 21 00 00     	ld hl,0
 562+ A110 22 68 94     	ld (Start_counter),hl 									; Inicializa temporizador.
 563+ A113
 564+ A113 21 C0 50         ld hl,Line_22
 565+ A116 CD 6C C5         call CLean_file  										; Clean "Press FIRE to START", (Line_22).
 566+ A119
 567+ A119 C9           	ret
 568+ A11A
 569+ A11A              Leave_menu_2
 570+ A11A
 571+ A11A 36 05        	ld (hl),$05
 572+ A11C
 573+ A11C 21 4F 94     	ld hl,Ctrl_6
 574+ A11F CB CE        	set 1,(hl) 												; Indica más adelante que volvemos al menú principal.
 575+ A121
 576+ A121 21 AC 94     	ld hl,Ctrl_7
 577+ A124 CB 8E        	res 1,(hl) 												; Desactiva los controles KEMPSTON.
 578+ A126
 579+ A126              ;	Clean Kempston menu.
 580+ A126
 581+ A126 21 C0 50         ld hl,Line_22
 582+ A129 CD 6C C5         call CLean_file 										; Borra "Press Fire to START".
 583+ A12C
 584+ A12C C9           	ret
 585+ A12D
 586+ A12D
 587+ A12D              Press_START_SINCLAIR:
 588+ A12D
 589+ A12D 2A 68 94     	ld hl,(Start_counter) 									; Temporizador de 16 bits. Tiempo máximo que se muestra en pantalla_
 590+ A130              ; 															; _la pantalla de controles. Pasado este tiempo volvemos al menú principal.
 591+ A130 2B           	dec hl
 592+ A131
 593+ A131 7C           	ld a,h
 594+ A132 B5           	or l
 595+ A133 28 0E        	jr z,Leave_menu_3
 596+ A135
 597+ A135 22 68 94     	ld (Start_counter),hl
 598+ A138
 599+ A138              ;	Esperamos la pulsación del disparo.
 600+ A138
 601+ A138 CD 8E 02     	call KEY_SCAN
 602+ A13B
 603+ A13B 3A 11 96     	ld a,(Move_FIRE) 										; Esperamos la pulsación del disparo.
 604+ A13E BB           	cp e
 605+ A13F 20 EC        	jr nz,Press_START_SINCLAIR
 606+ A141
 607+ A141              ;	Order to play.
 608+ A141
 609+ A141 18 C2        	jr Order_to_play
 610+ A143
 611+ A143              Leave_menu_3
 612+ A143
 613+ A143 22 68 94     	ld (Start_counter),hl
 614+ A146
 615+ A146 21 4F 94     	ld hl,Ctrl_6
 616+ A149 CB CE        	set 1,(hl) 												; Indica más adelante que volvemos al menú principal.
 617+ A14B
 618+ A14B              ;	Clean Kempston menu.
 619+ A14B
 620+ A14B 21 C0 50         ld hl,Line_22
 621+ A14E CD 6C C5         call CLean_file 										; Borra "Press Fire to START".
 622+ A151
 623+ A151              ;	Recuperar key_codes de la caja.
 624+ A151
 625+ A151 C9           	ret
 626+ A152
 627+ A152              ; -----------------------------------------------------------
 628+ A152              ;
 629+ A152              ;	18/3/26
 630+ A152              ;
 631+ A152              ;	DESTROY: HL.
 632+ A152              ;
 633+ A152              ;	OUTPUT: FLAG "Z" Out of time.
 634+ A152              ;				 "NZ" in time.
 635+ A152
 636+ A152              Dec_START_counter:
 637+ A152
 638+ A152 2A 68 94     	ld hl,(Start_counter) 									; Temporizador de 16 bits. Tiempo máximo que se muestra en pantalla_
 639+ A155              ; 															; _el menú KEMPSTON. Pasado este tiempo volvemos al menú principal.
 640+ A155 2B           	dec hl
 641+ A156
 642+ A156 7C           	ld a,h
 643+ A157 B5           	or l
 644+ A158 20 08        	jr nz,1F
 645+ A15A
 646+ A15A 22 68 94     	ld (Start_counter),hl
 647+ A15D
 648+ A15D 21 6A 94     	ld hl,Start_counter_2
 649+ A160 35           	dec (hl)
 650+ A161
 651+ A161 C9           	ret
 652+ A162
 653+ A162 22 68 94     1 ld (Start_counter),hl
 654+ A165
 655+ A165 C9           	ret
 656+ A166
 657+ A166              ; ------------------------------------------------------------------------
 658+ A166
 659+ A166              Active_kempstom_joystick:
 660+ A166
 661+ A166 21 AC 94     	ld hl,Ctrl_7
 662+ A169 CB CE        	set 1,(hl) 												; Indica que activamos el Kempston joystick.
 663+ A16B
 664+ A16B              ;	Fijamos
 665+ A16B
 666+ A16B CD 16 C5     	call Clean_main_menu
 667+ A16E
 668+ A16E 21 7C 95     	ld hl,a6                                                ; "Press FIRE to START"
 669+ A171 11 C7 50         ld de,Line_22 + 7
 670+ A174 06 00        	ld b,0
 671+ A176 3E C5            ld a,%11000101                                          ; attrs.
 672+ A178 CD 86 9E         call Print_text_msg                                     ; Print "Press FIRE to START".
 673+ A17B
 674+ A17B              ;   Scan KEYBOARD to START GAME.
 675+ A17B
 676+ A17B CD F8 A0         call Press_START_KEMPSTON
 677+ A17E
 678+ A17E AF               xor a
 679+ A17F
 680+ A17F C9           	ret
 681+ A180
 682+ A180              Active_sinclair_joystick:
 683+ A180
 684+ A180              ;	"1" Izquierda ..... Key code $24
 685+ A180              ;	"2" Derecha   ..... Key code $1c
 686+ A180              ;	"3" Abajo     ..... Key code $14
 687+ A180              ;	"4" Arriba    ..... Key code $0c
 688+ A180              ;	"5" Disparo   ..... Key code $04
 689+ A180
 690+ A180
 691+ A180 CD 16 C5     	call Clean_main_menu
 692+ A183
 693+ A183 21 7C 95     	ld hl,a6                                                ; "Press FIRE to START"
 694+ A186 11 C7 50         ld de,Line_22 + 7
 695+ A189 3E C5            ld a,%11000101                                          ; attrs.
 696+ A18B CD 86 9E         call Print_text_msg                                     ; Print "Press FIRE to START".
 697+ A18E
 698+ A18E              ;	Guarda los controles KEYBOARD en la caja.
 699+ A18E
 700+ A18E 21 0F 96     	ld hl,Move_LEFT
 701+ A191 11 CA 94     	ld de,Sinclair_db_box
 702+ A194 01 04 00     	ld bc,4
 703+ A197 ED B0        	ldir
 704+ A199
 705+ A199              ;	Introduce Sinclair´s key_code.
 706+ A199
 707+ A199 21 0F 96     	ld hl,Move_LEFT
 708+ A19C 36 24        	ld (hl),$24 											; LEFT.
 709+ A19E 23           	inc hl
 710+ A19F 36 1C        	ld (hl),$1c 											; RIGHT.
 711+ A1A1 23           	inc hl
 712+ A1A2 36 04        	ld (hl),$04 											; FIRE.
 713+ A1A4 23           	inc hl
 714+ A1A5 36 14        	ld (hl),$14 											; SHIELD.
 715+ A1A7
 716+ A1A7 CD 2D A1     	call Press_START_SINCLAIR
 717+ A1AA
 718+ A1AA AF           	xor a
 719+ A1AB
 720+ A1AB C9           	ret
 721+ A1AC
 722+ A1AC
 723+ A1AC
 724+ A1AC              ; FLAG. Indica DELETE a subrutina FLASH.
 725+ A1AC
# file closed: Rutinas_de_teclado.asm
3117  A1AC              	include "RND_Derivando.asm"
# file opened: RND_Derivando.asm
   1+ A1AC              ; ******************************************************************************************************************************************************************************************
   2+ A1AC              ;
   3+ A1AC              ;   3/4/25
   4+ A1AC              ;
   5+ A1AC              ;   Construyo un nº aleatorio. Método: "DERIVANDO."
   6+ A1AC              ;   (XOR) bit a bit.
   7+ A1AC              ;
   8+ A1AC              ;   INPUTS: B contendrá el nº de números aleatorios que queremos generar, (0-$ff).
   9+ A1AC              ;                 HL contendrá la dirección de mem. donde vamos a almacenar los (B) nº RND.
  10+ A1AC
  11+ A1AC              Derivando_RND
  12+ A1AC
  13+ A1AC ED 5F        3 ld a,r      			                ; La semilla inicial de nuestro nº aleatorio la proporciona el registro `R´. Cargamos A con R.
  14+ A1AE C5               push bc
  15+ A1AF              ;                                       ; El registro R, es un registro de 8 bits que actúa como contador de refresco de la memoria dinámica. ($00 - $ff).
  16+ A1AF 01 00 07         ld bc,$0700                         ; C contendrá nuestro nº aleatorio: $0 - $ff. Inicialmente está a "0".
  17+ A1B2              ;                                       ; B actuará como contador de bits. Requerimos de 1 byte, ($ff).
  18+ A1B2
  19+ A1B2 A7           6 and a                                 ; Carry a "0".
  20+ A1B3 CB 3F            srl a                               ; Desplazamiento a la derecha.
  21+ A1B5 30 02            jr nc,1F
  22+ A1B7
  23+ A1B7 CB C1            set 0,c
  24+ A1B9
  25+ A1B9 57           1 ld d,a                                ; D contiene la copia de nuestra semilla después del DESPLAZAMIENTO.
  26+ A1BA E6 01            and %00000001                       ; Extraigo el último bit de A y lo guardamos en E.
  27+ A1BC 5F               ld e,a
  28+ A1BD
  29+ A1BD 7A               ld a,d
  30+ A1BE E6 02            and %00000010                       ; Extraigo el penúltimo bit de A y lo `traslado´ al último bit de A. El objetivo es implementar una función XOR_
  31+ A1C0 28 02            jr z,2F                             ; _con el último y penúltimo bit de nuestra semilla.
  32+ A1C2
  33+ A1C2 CB 3F            srl a
  34+ A1C4
  35+ A1C4 AB           2 xor e                                 ; XOR entre el último y penúltimo bit de A.
  36+ A1C5
  37+ A1C5 7A               ld a,d                              ; A vuelve a contener la copia de nuestra semilla después del DESPLAZAMIENTO.
  38+ A1C6 28 04            jr z,4F
  39+ A1C8
  40+ A1C8 CB FF            set 7,a
  41+ A1CA 18 02            jr 5F
  42+ A1CC
  43+ A1CC CB BF        4 res 7,a
  44+ A1CE
  45+ A1CE CB 21        5 sla c
  46+ A1D0 10 E0            djnz 6B
  47+ A1D2
  48+ A1D2 79               ld a,c                              ; Nº aleatorio (1 Byte) en A.
  49+ A1D3
  50+ A1D3 77               ld (hl),a
  51+ A1D4 23               inc hl
  52+ A1D5 C1               pop bc
  53+ A1D6 10 D4            djnz 3B
  54+ A1D8
  55+ A1D8 C9               ret
  56+ A1D9
  57+ A1D9
  58+ A1D9
# file closed: RND_Derivando.asm
3118  A1D9              	include "Rutinas_de_inicio_y_niveles.asm"
# file opened: Rutinas_de_inicio_y_niveles.asm
   1+ A1D9              ; -----------------------------------------------------------------------
   2+ A1D9              ;
   3+ A1D9              ;	27/06/26
   4+ A1D9              ;
   5+ A1D9
   6+ A1D9              Actualiza_punteros_de_Nivel:
   7+ A1D9
   8+ A1D9
   9+ A1D9 21 88 94     	ld hl,Nivel
  10+ A1DC 34           	inc (hl)
  11+ A1DD
  12+ A1DD 2A 8B 94     	ld hl,(Puntero_de_mensajes_de_niveles)
  13+ A1E0 23           	inc hl
  14+ A1E1 23           	inc hl
  15+ A1E2 22 8B 94     	ld (Puntero_de_mensajes_de_niveles),hl
  16+ A1E5
  17+ A1E5 2A 89 94     	ld hl,(Puntero_indice_NIVELES)
  18+ A1E8 23           	inc hl
  19+ A1E9 23           	inc hl
  20+ A1EA 22 89 94         ld (Puntero_indice_NIVELES),hl
  21+ A1ED
  22+ A1ED 23               inc hl
  23+ A1EE 34               inc (hl)
  24+ A1EF 35           	dec (hl)
  25+ A1F0 C0           	ret nz
  26+ A1F1
  27+ A1F1 21 B1 C6     	ld hl,Indice_de_niveles
  28+ A1F4 22 89 94     	ld (Puntero_indice_NIVELES),hl
  29+ A1F7
  30+ A1F7 21 29 C6     	ld hl,Msg_level_index
  31+ A1FA 22 8B 94     	ld (Puntero_de_mensajes_de_niveles),hl
  32+ A1FD
  33+ A1FD C9           	ret
  34+ A1FE
  35+ A1FE              ; -----------------------------------------------------------------------
  36+ A1FE              ;
  37+ A1FE              ;	27/06/26
  38+ A1FE              ;
  39+ A1FE
  40+ A1FE              Clean_and_initcialize_Draw1:
  41+ A1FE
  42+ A1FE 21 88 94     	ld hl,Variables_DRAW1
  43+ A201 01 23 00     	ld bc,(Variables_DRAW2-Variables_DRAW1)-1
  44+ A204 CD 36 9E     	call Clean_mem
  45+ A207
  46+ A207 CD 60 A2     	call Inicializa_Variables_DRAW1
  47+ A20A
  48+ A20A C9           	ret
  49+ A20B
  50+ A20B              ; -----------------------------------------------------------------------------------------
  51+ A20B              ;
  52+ A20B              ;	27/06/26
  53+ A20B              ;
  54+ A20B              ;	Inicializa las variables DRAW. Nueva partida/nuevo nivel.
  55+ A20B              ;
  56+ A20B
  57+ A20B              Inicializa_Variables_DRAW:
  58+ A20B
  59+ A20B 3E 07        	ld a,7
  60+ A20D 32 3A 94     	ld (Numero_de_disparos_de_entidades),a
  61+ A210
  62+ A210 21 0E 90     	ld hl,Tabla_de_pintado
  63+ A213 22 46 94     	ld (India_SP),hl
  64+ A216 21 2C 90     	ld hl,Tabla_de_borrado
  65+ A219 22 4A 94     	ld (India_3_SP),hl
  66+ A21C
  67+ A21C 21 5F 94     	ld hl,Clock_explosion 									; (Clock_explosion)="4", (Clock_explosion_Amadeus)="5", (Temp_new_live)="100".
  68+ A21F 36 04        	ld (hl),4
  69+ A221 23           	inc hl
  70+ A222 36 05        	ld (hl),5
  71+ A224 23           	inc hl
  72+ A225 36 64        	ld (hl),100
  73+ A227
  74+ A227 21 00 90     	ld hl,Numeros_aleatorios
  75+ A22A 22 62 94     	ld (RND_SP),hl
  76+ A22D              ;	ld (Puntero_num_aleatorios_disparos),hl
  77+ A22D
  78+ A22D 3E A0        	ld a,$a0
  79+ A22F 21 66 94     	ld hl,Repone_CLOCK_disparos 							; (Repone_CLOCK_disparos) y (CLOCK_disparos_de_entidades) con "$a0".
  80+ A232 77           	ld (hl),a
  81+ A233 23           	inc hl
  82+ A234 77           	ld (hl),a
  83+ A235
  84+ A235 23           	inc hl
  85+ A236 23           	inc hl
  86+ A237 23           	inc hl
  87+ A238
  88+ A238 36 05        	ld (hl),5 												; (Start_counter_2) con "$05".
  89+ A23A
  90+ A23A 21 44 90     	ld hl,Almacen_de_movimientos_masticados_1
  91+ A23D 22 6B 94     	ld (Puntero_indice_de_almacenes),hl
  92+ A240
  93+ A240 21 6F 94     	ld hl,Datos_Shield
  94+ A243 36 04        	ld (hl),4
  95+ A245 23           	inc hl
  96+ A246 36 01        	ld (hl),1
  97+ A248 23           	inc hl
  98+ A249 36 04        	ld (hl),4
  99+ A24B 23           	inc hl
 100+ A24C 36 01        	ld (hl),1
 101+ A24E
 102+ A24E 23           	inc hl
 103+ A24F 23           	inc hl
 104+ A250 23           	inc hl
 105+ A251
 106+ A251 36 64        	ld (hl),100
 107+ A253
 108+ A253 21 A0 00     	ld hl,Laser_sound_init_value
 109+ A256 22 7B 94     	ld (Laser_sound),hl
 110+ A259
 111+ A259 3E 50        	ld a,80
 112+ A25B 32 87 94     	ld (Temp_Amadeus_exit),a
 113+ A25E
 114+ A25E AF               xor a
 115+ A25F
 116+ A25F C9               ret
 117+ A260
 118+ A260              ;	Inicializa Variables de nivel DRAW1, (GAME OVER only).
 119+ A260
 120+ A260              Inicializa_Variables_DRAW1:
 121+ A260
 122+ A260 21 88 94     	ld hl,Nivel
 123+ A263 36 01        	ld (hl),1
 124+ A265
 125+ A265 21 B1 C6     	ld hl,Indice_de_niveles
 126+ A268 22 89 94     	ld (Puntero_indice_NIVELES),hl
 127+ A26B
 128+ A26B 21 29 C6     	ld hl,Msg_level_index
 129+ A26E 22 8B 94     	ld (Puntero_de_mensajes_de_niveles),hl
 130+ A271
 131+ A271 21 8D 94     	ld hl,Lives
 132+ A274 36 03        	ld (hl),3
 133+ A276 23           	inc hl
 134+ A277 36 03        	ld (hl),3
 135+ A279
 136+ A279 21 63 C6     	ld hl,Indice_de_escudos
 137+ A27C 22 8F 94     	ld (Puntero_de_escudos),hl
 138+ A27F 21 51 C6     	ld hl,Indice_de_vidas
 139+ A282 22 91 94     	ld (Puntero_de_vidas),hl
 140+ A285
 141+ A285 3E 46        	ld a,%01000110
 142+ A287 32 99 94     	ld (Attr_big_counter),a
 143+ A28A
 144+ A28A 21 80 3D     	ld hl,Cero_Score
 145+ A28D
 146+ A28D 22 A1 94     	ld (Puntero_de_unidades_Score),hl
 147+ A290 22 A3 94     	ld (Puntero_de_decenas_Score),hl
 148+ A293 22 A5 94     	ld (Puntero_de_centenas_Score),hl
 149+ A296 22 A7 94     	ld (Puntero_de_um_Score),hl
 150+ A299 22 A9 94     	ld (Puntero_de_dm_Score),hl
 151+ A29C
 152+ A29C C9           	ret
 153+ A29D
 154+ A29D              ; -----------------------------------------------------------------------------------------
 155+ A29D              ;
 156+ A29D              ;	25/06/26
 157+ A29D              ;
 158+ A29D              ;	Reiniciamos partida.
 159+ A29D              ;
 160+ A29D              ;	Limpia Scanlines albums, cajas de disparos y de entidades, tablas de pintado/borrado y_
 161+ A29D              ;	_nº aleatorios y almacenes de movimientos masticados.
 162+ A29D              ;
 163+ A29D              ;	También limpia la bandeja DRAW.
 164+ A29D
 165+ A29D              Clean_boxes_and_albums:
 166+ A29D
 167+ A29D              ;	En 1er lugar limpiamos ((Scanlines_album)) y ((Scanlines_album_2)).
 168+ A29D
 169+ A29D 21 00 80     	ld hl,Scanlines_album
 170+ A2A0 01 32 02     	ld bc,562
 171+ A2A3 CD 36 9E     	call Clean_mem
 172+ A2A6
 173+ A2A6              ;	Limpiamos el álbum de disparos de las entidades.
 174+ A2A6
 175+ A2A6 21 88 82     	ld hl,Entidades_disparos_scanlines_album
 176+ A2A9 01 64 00     	ld bc,100
 177+ A2AC CD 36 9E     	call Clean_mem
 178+ A2AF
 179+ A2AF              ;	Limpiamos todas las cajas de disparos de las entidades.
 180+ A2AF
 181+ A2AF 21 6A 90     	ld hl,Disparo_7-5
 182+ A2B2 01 29 00     	ld bc,41
 183+ A2B5 CD 36 9E     	call Clean_mem
 184+ A2B8
 185+ A2B8              ;	Cajas 1 y 2 de Entidades.
 186+ A2B8
 187+ A2B8 21 DA 90     	ld hl,Caja_1
 188+ A2BB 01 1B 00     	ld bc,27
 189+ A2BE CD 36 9E     	call Clean_mem
 190+ A2C1
 191+ A2C1              ;	Cajas 3,4 y 5
 192+ A2C1
 193+ A2C1 21 00 91     	ld hl,Caja_3
 194+ A2C4 01 29 00     	ld bc,41
 195+ A2C7 CD 36 9E     	call Clean_mem
 196+ A2CA
 197+ A2CA              ; --------------------------------------------------------------------------------------------
 198+ A2CA
 199+ A2CA              ;	Limpiamos:
 200+ A2CA
 201+ A2CA              ;	Numeros_aleatorios ds 7
 202+ A2CA              ;	Numeros_aleatorios_baile ds 7
 203+ A2CA
 204+ A2CA              ;	Tabla_de_pintado ds 30
 205+ A2CA              ;	Tabla_de_borrado ds 24
 206+ A2CA
 207+ A2CA 21 00 90     	ld hl,Numeros_aleatorios
 208+ A2CD 01 43 00     	ld bc,67
 209+ A2D0 CD 36 9E     	call Clean_mem
 210+ A2D3
 211+ A2D3 21 46 90     	ld hl,Almacen_de_movimientos_masticados_2
 212+ A2D6 01 0B 00     	ld bc,(Contador_general_de_mov_masticados_3-Almacen_de_movimientos_masticados_2)+1
 213+ A2D9 CD 36 9E     	call Clean_mem
 214+ A2DC
 215+ A2DC              ;	Limpiamos las 3 cajas Master.
 216+ A2DC
 217+ A2DC 21 9A 90     	ld hl,Caja_master_1
 218+ A2DF 01 29 00     	ld bc,41
 219+ A2E2 CD 36 9E     	call Clean_mem
 220+ A2E5
 221+ A2E5              ;	Limpiamos la caja de Amadeus.
 222+ A2E5
 223+ A2E5 21 CC 90     	ld hl,Amadeus_BOX
 224+ A2E8 E5           	push hl
 225+ A2E9 01 0D 00     	ld bc,13
 226+ A2EC CD 36 9E     	call Clean_mem
 227+ A2EF E1           	pop hl
 228+ A2F0
 229+ A2F0 23           	inc hl
 230+ A2F1 23           	inc hl
 231+ A2F2 23           	inc hl
 232+ A2F3
 233+ A2F3 36 0F        	ld (hl),15
 234+ A2F5
 235+ A2F5              ;	Limpiamos Almacenes de movimientos masticados, (Amadeus y entidades).
 236+ A2F5
 237+ A2F5 21 00 C8     	ld hl,Almacen_de_movimientos_masticados_Amadeus
 238+ A2F8 01 FE 36     	ld bc,$36fe
 239+ A2FB CD 36 9E     	call Clean_mem
 240+ A2FE
 241+ A2FE 21 34 82     	ld hl,Amadeus_scanlines_album
 242+ A301 CD 2B A3     	call Inicializa_Amadeus_scanline_album
 243+ A304
 244+ A304 21 58 82     	ld hl,Amadeus_scanlines_album_2
 245+ A307 CD 2B A3     	call Inicializa_Amadeus_scanline_album
 246+ A30A
 247+ A30A 21 D9 93     	ld hl,Bandeja_DRAW
 248+ A30D 01 AE 00     	ld bc,(Variables_DRAW1-Bandeja_DRAW)-1
 249+ A310 CD 36 9E     	call Clean_mem
 250+ A313
 251+ A313 C9           	ret
 252+ A314
 253+ A314              ; ------------------------------------
 254+ A314              ;
 255+ A314              ; 	18/11/25
 256+ A314
 257+ A314              ; 	Fija en A un nº aleatorio comprendido entre 0-255 y desplaza el puntero (RND_SP) al siguiente nº.
 258+ A314              ; 	Si el puntero está situado en el último nº, lo volvemos a situar al principio.
 259+ A314
 260+ A314              ;	DESTRUYE: HL,DE,A
 261+ A314              ;	OUTPUTS: A contiene un Nº aleatorio. Actualiza el puntero de nº aleatorios (RND_SP).
 262+ A314
 263+ A314              ;	Variables implicadas: (RND_SP).
 264+ A314
 265+ A314              Extrae_numero_aleatorio_y_avanza:
 266+ A314
 267+ A314 21 07 90     	ld hl,Numeros_aleatorios+7
 268+ A317 EB           	ex de,hl
 269+ A318 2A 62 94     	ld hl,(RND_SP)
 270+ A31B
 271+ A31B 7B           	ld a,e
 272+ A31C 95           	sub l
 273+ A31D 20 06        	jr nz,1F
 274+ A31F
 275+ A31F              ; Sitúa HL al principio de la tabla de nº aleatorios.
 276+ A31F
 277+ A31F 21 00 90     	ld hl,Numeros_aleatorios
 278+ A322 22 62 94     	ld (RND_SP),HL
 279+ A325
 280+ A325              ; Coloca el nº aleatorio en A y mueve el puntero al siguiente nº.
 281+ A325
 282+ A325 7E           1 ld a,(hl)
 283+ A326 23           	inc hl
 284+ A327 22 62 94     	ld (RND_SP),hl
 285+ A32A
 286+ A32A C9           	ret
 287+ A32B
 288+ A32B              Inicializa_Amadeus_scanline_album:
 289+ A32B
 290+ A32B              ;	Nota: No cambia el byte alto.
 291+ A32B
 292+ A32B              ; 	Amadeus_scanlines_album equ $8234	            ;	($8234 - $8256) 	; Inicialmente 34 bytes, $22.
 293+ A32B              ; 	Amadeus_scanlines_album_2 equ $8258	            ;	($8258 - $827a)
 294+ A32B
 295+ A32B              ;	Encabezado:
 296+ A32B
 297+ A32B AF           	xor a
 298+ A32C
 299+ A32C 77           	ld (hl),a
 300+ A32D 2C           	inc l
 301+ A32E 77           	ld (hl),a
 302+ A32F 2C           	inc l
 303+ A330 36 10        	ld (hl),$10
 304+ A332
 305+ A332              ;	Scanlines:
 306+ A332
 307+ A332 3E 02        	ld a,2
 308+ A334
 309+ A334 11 00 50     2 ld de,$5000
 310+ A337 06 08        	ld b,8
 311+ A339
 312+ A339 2C           1 inc l
 313+ A33A 73           	ld (hl),e
 314+ A33B 2C           	inc l
 315+ A33C 72           	ld (hl),d
 316+ A33D
 317+ A33D 14           	inc d
 318+ A33E
 319+ A33E 10 F9        	djnz 1B
 320+ A340
 321+ A340 3D           	dec a
 322+ A341
 323+ A341 20 F1        	jr nz,2B
 324+ A343
 325+ A343 C9           	ret
 326+ A344
 327+ A344              ; ---------------------------------------------------------------------------------------------------------------------
 328+ A344              ;
 329+ A344              ;	13/03/24
 330+ A344              ;
 331+ A344              ;	Inicialización de los álbumes de líneas, (pintado/borrado).
 332+ A344
 333+ A344              Inicia_albumes_de_lineas:
 334+ A344
 335+ A344 21 00 80     	ld hl,Scanlines_album
 336+ A347 22 26 94     	ld (Album_de_pintado),hl
 337+ A34A 22 44 94     	ld (Scanlines_album_SP),hl
 338+ A34D
 339+ A34D 21 1A 81     	ld hl,Scanlines_album_2
 340+ A350 22 28 94     	ld (Album_de_borrado),hl
 341+ A353
 342+ A353 C9           	ret
 343+ A354
 344+ A354              Inicia_albumes_de_lineas_Amadeus:
 345+ A354
 346+ A354 21 34 82     	ld hl,Amadeus_scanlines_album
 347+ A357 22 2A 94     	ld (Album_de_pintado_Amadeus),hl
 348+ A35A 21 58 82     	ld hl,Amadeus_scanlines_album_2
 349+ A35D 22 2C 94     	ld (Album_de_borrado_Amadeus),hl
 350+ A360
 351+ A360 C9           	ret
 352+ A361
 353+ A361              Inicia_albumes_de_disparos:
 354+ A361
 355+ A361 21 7C 82     	ld hl,Amadeus_disparos_scanlines_album
 356+ A364 22 2E 94     	ld (Album_de_pintado_disparos_Amadeus),hl
 357+ A367 21 82 82     	ld hl,Amadeus_disparos_scanlines_album_2
 358+ A36A 22 30 94     	ld (Album_de_borrado_disparos_Amadeus),hl
 359+ A36D
 360+ A36D 21 88 82     	ld hl,Entidades_disparos_scanlines_album
 361+ A370 22 32 94     	ld (Album_de_pintado_disparos_Entidades),hl
 362+ A373 22 36 94     	ld (Nivel_scan_disparos_album_de_pintado),hl
 363+ A376
 364+ A376 21 BB 82     	ld hl,Entidades_disparos_scanlines_album_2
 365+ A379 22 34 94     	ld (Album_de_borrado_disparos_Entidades),hl
 366+ A37C
 367+ A37C C9           	ret
 368+ A37D
 369+ A37D              ;---------------------------------------------------------------------------------------------------------------
 370+ A37D              ;
 371+ A37D              ;   9/9/26
 372+ A37D              ;
 373+ A37D              ;	Prepara las CAJAS MASTER y genera los movimientos masticados de todos los (Tipo)s de entidades que conforman el nivel.
 374+ A37D              ;
 375+ A37D              ;	INPUTS:		B contiene (Numero_de_entidades).
 376+ A37D              ;				C contiene la (Clase) de la 1ª entidad del nivel.
 377+ A37D              ; 				HL contiene (Puntero_de_entidades).
 378+ A37D
 379+ A37D              Prepara_Cajas_Master:
 380+ A37D
 381+ A37D E5           	push hl															; Push (Puntero_de_entidades).
 382+ A37E C5           	push bc															; Push (Numero_de_entidades)/(Clase).
 383+ A37F
 384+ A37F              ;	Preparamos el puntero_master para que apunte al .defw correspondiente del índice según el (Tipo) de entidad.
 385+ A37F
 386+ A37F 79           	ld a,c
 387+ A380 08           	ex af,af
 388+ A381 79           	ld a,c 															; (Clase) de la entidad en A y A´.
 389+ A382
 390+ A382 CD A8 A5     	call Situa_en_Caja_Master										; A="0" Indica que hemos de generar los movimientos masticados de esta (Clase) de entidad.
 391+ A385              ; 																	; A=NZ indica que esta (Clase) de entidad ya tiene generados los mov_masticados.
 392+ A385              ; 																	; Saltaremos a la siguiente entidad del nivel.
 393+ A385 A7           	and a
 394+ A386 20 44        	jr nz, Avanza_siguiente_entidad_del_nivel
 395+ A388
 396+ A388              ; Generamos movimientos masticados.
 397+ A388
 398+ A388              ;	En 1er lugar cargaremos la bandeja DRAW con la definición de esta (Clase) de entidad para poder generar todos los movimientos masticados.
 399+ A388
 400+ A388 79           	ld a,c 															; (A) = (Clase).
 401+ A389 32 D9 93     	ld (Clase),a 													; (Clase) de la entidad en la Bandeja Draw. La definición de la entidad no contiene (Clase).
 402+ A38C
 403+ A38C CD 81 A6     	call Definicion_segun_tipo										; HL apunta al 1er .db que define la entidad.
 404+ A38F CD 13 A7     	call Definicion_de_entidad_a_bandeja_DRAW						; Vuelca los datos de la definición de entidad en DRAW.
 405+ A392
 406+ A392              ;	Antes de fabricar los movimientos masticados de una entidad generaremos un set de 7 nº aleatorios.
 407+ A392              ;	Así nos aseguramos de que dos entidades `del mismo (Tipo)', (que comparten PATRÓN_DE_MOV) tengan_
 408+ A392              ;	coreografías distintas.
 409+ A392
 410+ A392 06 07        	ld b,7
 411+ A394 21 07 90     	ld hl,Numeros_aleatorios_baile
 412+ A397 CD AC A1     	call Derivando_RND 										 		; Generamos 7 nº RND para construir los mov. masticados.
 413+ A39A
 414+ A39A              ;> Comentando las 3 siguientes líneas eliminamos la aleatoriedad de la danza de la entidad.	---------------------------------------------------------------------------------
 415+ A39A
 416+ A39A 3A DA 93     	ld a,(Tipo)
 417+ A39D CD D5 A5     	call Situa_en_Tabla_Random 										; Sitúa HL en el 1er .db de la `Tabla_Random´ del (Tipo) de entidad correspondiente.
 418+ A3A0 CD 27 A5     	call Aplica_rnd_al_baile 										; Esta rutina es la encargada de aplicar aleatoriedad a la danza de esta (Clase) de enemigo.;
 419+ A3A3
 420+ A3A3              ;> --------------------------------------------------------------------------------------------------------------------------------------------------------------------------
 421+ A3A3
 422+ A3A3 C1           	pop bc
 423+ A3A4 E1           	pop hl
 424+ A3A5
 425+ A3A5 E5           	push hl															; Push (Puntero_de_entidades).
 426+ A3A6 C5           	push bc															; Push (Numero_de_entidades)/(Clase).
 427+ A3A7
 428+ A3A7              ; 	Antes de empezar a generar los "movimientos masticados" de esta entidad necesitamos determinar su (Posicion_inicio).
 429+ A3A7
 430+ A3A7 CD E4 A3     	call Determina_posicion_de_inicio 								; $941e ($78),($76),($72)
 431+ A3AA
 432+ A3AA 3A DA 93     	ld a,(Tipo)
 433+ A3AD CD E5 A5     	call Situa_Puntero_indice_mov			 	 					; Sitúa (Puntero_indice_mov) según el (Tipo) de entidad en el 1er .defw del índice de su coreogradía.
 434+ A3B0
 435+ A3B0              ;	Ya disponemos de una (Posicion_inicio) aleatoria y la definición de la entidad en la "Bandeja DRAW".
 436+ A3B0              ;	Generamos "Movimientos masticados" de la entidad.
 437+ A3B0
 438+ A3B0 CD A9 A4     	call Construye_movimientos_masticados_entidad
 439+ A3B3
 440+ A3B3              Movimientos_masticados_construidos:
 441+ A3B3
 442+ A3B3 2A 19 94     	ld hl,(Puntero_indice_master)
 443+ A3B6 CD C2 9D     	call Extrae_address
 444+ A3B9
 445+ A3B9 5D           	ld e,l
 446+ A3BA 54           	ld d,h
 447+ A3BB
 448+ A3BB CD 3D A7     	call Parametros_de_bandeja_DRAW_a_Caja_Master	 				; Caja de entidades Master completa.
 449+ A3BE
 450+ A3BE              ;	Limpiamos la bandeja_DRAW y las variables de movimiento para poder generar los mov. masticados_
 451+ A3BE              ;	_de otro (Tipo) de entidad.
 452+ A3BE              ;
 453+ A3BE              ;	Limpiamos bandeja y variables.
 454+ A3BE
 455+ A3BE AF           	xor a
 456+ A3BF 32 4C 94     	ld (Ctrl_3),a 													; (Ctrl_3) ha de inicializarse pués lo utilizamos para indicar_
 457+ A3C2              ;																	; _, (entre otras cosas) cuando finalizamos de generar los mov. masticados.
 458+ A3C2 21 D9 93     	ld hl,Clase
 459+ A3C5 01 3A 00     	ld bc,Gestion_de_ENTIDADES_y_CAJAS-Bandeja_DRAW
 460+ A3C8
 461+ A3C8 0B           	dec bc
 462+ A3C9
 463+ A3C9 CD 36 9E     	call Clean_mem
 464+ A3CC
 465+ A3CC              ; 	Avanza a la siguiente entidad del nivel.
 466+ A3CC
 467+ A3CC              Avanza_siguiente_entidad_del_nivel:
 468+ A3CC
 469+ A3CC C1           	pop bc															; Pop (Numero_de_entidades)/(Tipo).
 470+ A3CD E1           	pop hl															; Pop (Puntero_de_entidades).
 471+ A3CE
 472+ A3CE 23           	inc hl															; Puntero_de_entidades +1 en HL.
 473+ A3CF 22 6D 94     	ld (Puntero_de_entidades),hl 									; Actualizamos (Puntero_de_entidades).
 474+ A3D2
 475+ A3D2 4E           	ld c,(hl)														; (Tipo) de la siguiente entidad en C.
 476+ A3D3 10 A8        	djnz Prepara_Cajas_Master 										; dec (Numero_de_entidades).
 477+ A3D5
 478+ A3D5              ; Una vez terminados los movimientos masticados de los distintos TIPOS de entidades,
 479+ A3D5              ; _ inicializamos el puntero (Puntero_de_entidades), situándolo en la 1ª entidad.
 480+ A3D5
 481+ A3D5 2A 89 94     	ld hl,(Puntero_indice_NIVELES)
 482+ A3D8 CD C2 9D     	call Extrae_address
 483+ A3DB
 484+ A3DB 23           	inc hl
 485+ A3DC 23           	inc hl
 486+ A3DD 23           	inc hl
 487+ A3DE 23           	inc hl
 488+ A3DF 23           	inc hl
 489+ A3E0
 490+ A3E0 22 6D 94     	ld (Puntero_de_entidades),hl
 491+ A3E3
 492+ A3E3 C9           	ret
 493+ A3E4
 494+ A3E4              ; -----------------------------------------------------------------------------------
 495+ A3E4              ;
 496+ A3E4              ;	20/07/26
 497+ A3E4              ;
 498+ A3E4              ;	Asigna una columna de inicio aleatoria y distinta a cada una de las 3 Clases como máximo que pueden aparecer en un nivel.
 499+ A3E4
 500+ A3E4              Determina_posicion_de_inicio:
 501+ A3E4
 502+ A3E4 21 0A 90     	ld hl,Numeros_aleatorios_baile+3
 503+ A3E7 7E           	ld a,(hl)
 504+ A3E8 E6 1F        	and $1f															; Define el nº de columna por el que va a aparecer la entidad.
 505+ A3EA
 506+ A3EA              ;	Tenemos un nº aleatorio, (Columna de inicio) en A.
 507+ A3EA              ; 	No queremos que se repita la posición de inicio en dos clases distintas de entidades.
 508+ A3EA
 509+ A3EA 57           	ld d,a 															; $08,$12,$0c --- $08,$02,$12 --- $18,$1c,$18 --- $1e,$1c,$18
 510+ A3EB
 511+ A3EB CD 05 A4     	call No_repeat
 512+ A3EE
 513+ A3EE 3A DA 93     	ld a,(Tipo)														; (Tipo) $81 Badsat, $82 Badplate.
 514+ A3F1 E6 02        	and 2
 515+ A3F3 7A           	ld a,d
 516+ A3F4 28 09        	jr z,1F
 517+ A3F6
 518+ A3F6              ; 	Entidad tipo Badplate. Si nuestro nº RND es "<= $0f" aparecerá por la izquierda. Si es superior iniciará por la derecha.
 519+ A3F6
 520+ A3F6 FE 0F        	cp $0f
 521+ A3F8 38 04        	jr c,2F
 522+ A3FA
 523+ A3FA 3E 1F        	ld a,$1f
 524+ A3FC 18 01        	jr 1F
 525+ A3FE
 526+ A3FE AF           2 xor a
 527+ A3FF
 528+ A3FF              ;	Entidad (Tipo)="$81", BadSat. Puede iniciar su baile desde cualquier columna.
 529+ A3FF
 530+ A3FF 21 F8 93     1 ld hl,Posicion_inicio
 531+ A402 86           	add (hl)
 532+ A403 77           	ld (hl),a
 533+ A404
 534+ A404 C9           	ret
 535+ A405
 536+ A405              ; -------------------------------------------------------------------
 537+ A405              ;
 538+ A405              ;	14/07/26
 539+ A405              ;
 540+ A405
 541+ A405              No_repeat:
 542+ A405
 543+ A405 1E 00        	ld e,0 													; Necesitamos retornar con "Z" de la rutina.
 544+ A407
 545+ A407 21 00 C8     1 ld hl, Almacen_de_movimientos_masticados_Amadeus        	; Utilizamos el almacén de mov. de Amadeus pués aún no está inicializado.
 546+ A40A
 547+ A40A CD 33 A4     2 call Comparador
 548+ A40D
 549+ A40D 7A           	ld a,d 													; Recupera el n° rnd en A tras la comparación.
 550+ A40E
 551+ A40E CC 1C A4     	call z, Posicion_rep
 552+ A411 28 F4        	jr z,1B
 553+ A413
 554+ A413 34           	inc (hl)
 555+ A414
 556+ A414 28 04        	jr z, Almacena_pos
 557+ A416
 558+ A416 35           	dec (hl)
 559+ A417
 560+ A417              ;	Siguiente posición almacenada.
 561+ A417
 562+ A417 23           	inc hl
 563+ A418
 564+ A418 18 F0        	jr 2B
 565+ A41A
 566+ A41A              Almacena_pos:
 567+ A41A
 568+ A41A 77           	ld (hl),a
 569+ A41B
 570+ A41B C9           	ret
 571+ A41C
 572+ A41C              ; ------------------------------------------------
 573+ A41C              ;
 574+ A41C              ;	INPUT: A y D contienen un n° aleatorio ($00-$1f).
 575+ A41C              ;
 576+ A41C              ;	MODIFY: A y D
 577+ A41C              ;
 578+ A41C              ;	OUTPUT: A y D contienen un nuevo n° RND ($00-$1f).
 579+ A41C              ;
 580+ A41C              ;	Se generan tres n° aleatorios ($00-$1f) como máximo, (3 clases de entidades diferentes como máximo por nivel).
 581+ A41C              ;
 582+ A41C              ;	(N° RND)-1, (N° RND) y (N° RND)+1 no pueden coincidir con el n° anterior, (2 entidades por nivel) o con los n°s anteriores_
 583+ A41C              ;	_, (3 entidades por nivel).
 584+ A41C
 585+ A41C              Posicion_rep:
 586+ A41C
 587+ A41C FE 10        	cp $10
 588+ A41E 38 04        	jr c,1F
 589+ A420
 590+ A420 3D           	dec a
 591+ A421 3D           	dec a
 592+ A422
 593+ A422 18 02        	jr 2F
 594+ A424
 595+ A424 3C           1 inc a
 596+ A425 3C           	inc a
 597+ A426
 598+ A426 1C           2 inc e
 599+ A427 1D           	dec e
 600+ A428
 601+ A428 57           	ld d,a
 602+ A429
 603+ A429 C9           	ret
 604+ A42A
 605+ A42A              ; -------------------------------------------------------------------------------------------------------y
 606+ A42A              ;
 607+ A42A              ;	16/07/26
 608+ A42A              ;
 609+ A42A              ;	INPUTS: A y D contienen el nº aleatorio ($00 - $1f).
 610+ A42A              ;			HL apunta a Almacen_de_movimientos_masticados_Amadeus
 611+ A42A              ;
 612+ A42A              ;	MODIFY: HL y BC.
 613+ A42A              ;
 614+ A42A              ;			Vamos a sustituir los "0" de los nueve primeros .db del almacén por $ff.
 615+ A42A              ;			Evitamos así que cuando el nº aleatorio sea "0" y el byte del almacén también se detecte como_
 616+ A42A              ;			_repetición y no se almacene la posición "0".
 617+ A42A
 618+ A42A              No_zeros:
 619+ A42A
 620+ A42A 21 02 C8     	ld hl,Almacen_de_movimientos_masticados_Amadeus + 2
 621+ A42D
 622+ A42D 35           	dec (hl)
 623+ A42E 2B           	dec hl
 624+ A42F 35           	dec (hl)
 625+ A430 2B           	dec hl
 626+ A431 35           	dec (hl)
 627+ A432
 628+ A432 C9           	ret
 629+ A433
 630+ A433              ; ----------------------------------------------------------------------------------------------------
 631+ A433
 632+ A433              Comparador:
 633+ A433
 634+ A433 A7           	and a
 635+ A434 28 08        	jr z,1F
 636+ A436
 637+ A436 3D           	dec a
 638+ A437
 639+ A437 FE 1E        	cp $1e
 640+ A439 30 03        	jr nc,1F
 641+ A43B
 642+ A43B BE           	cp (hl)
 643+ A43C C8           	ret z
 644+ A43D
 645+ A43D 3C           	inc a
 646+ A43E
 647+ A43E BE           1 cp (hl)
 648+ A43F C8           	ret z
 649+ A440
 650+ A440 3C           	inc a
 651+ A441
 652+ A441 BE           	cp (hl)
 653+ A442
 654+ A442 C9           	ret
 655+ A443
 656+ A443              ; **********************************************************************************************************************************************************
 657+ A443              ;
 658+ A443              ;   15/06/26
 659+ A443              ;
 660+ A443              ;	Recompone_posicion_inicio
 661+ A443              ;
 662+ A443              ; 	La rutina hace una llamada a [Mov_right] o [Mov_left] según su posición de inicio.
 663+ A443              ;	Así conseguimios que la entidad esté completamente oculta a la hora de aparecer por la izquierda_
 664+ A443              ;	_ o derecha. Tomaremos la columna de (Posicion_inicio) como referencia para hacer la llamada_
 665+ A443              ;	_ a una u otra rutina.
 666+ A443
 667+ A443              Recompone_posicion_inicio:
 668+ A443
 669+ A443 3E 01        	ld a,1
 670+ A445
 671+ A445 21 FE 93     	ld hl,Vel_left
 672+ A448 77           	ld (hl),a
 673+ A449
 674+ A449 23           	inc hl
 675+ A44A
 676+ A44A 77           	ld (hl),a 														; (Vel_left) y (Vel_right) a "1".
 677+ A44B
 678+ A44B              ;	El primer Sprite que se imprime en pantalla en cualquier patrón de movimientos será un "sprite vacío".
 679+ A44B              ;	El objeto "SIEMPRE" ha de aparecer `oculto'. Tanto si aparece de arriba a abajo como si lo hace por los extremos de la pantalla.
 680+ A44B
 681+ A44B 21 E5 93     	ld hl,Ctrl_2
 682+ A44E CB C6        	set 0,(hl)														; Indica que fijamos un "sprite vacío" en (Puntero_objeto).
 683+ A450
 684+ A450 2A F8 93     	ld hl,(Posicion_inicio)
 685+ A453 22 EB 93     	ld (Posicion_actual),hl 										; (Posicion_actual) no puede contener "0" para poder ejecutar (Mov_lef) o (Mov_right).
 686+ A456
 687+ A456 7D           	ld a,l
 688+ A457 E6 1F        	and $1f
 689+ A459 28 1A        	jr z,1F
 690+ A45B
 691+ A45B FE 1F        	cp $1f
 692+ A45D 20 03        	jr nz,2F
 693+ A45F
 694+ A45F              ;	Vamos a aparecer por la parte derecha de la pantalla.
 695+ A45F
 696+ A45F CD 33 B8     	call Mov_left
 697+ A462
 698+ A462              ; No vamos a aparecer por ningún extremo. Cargamos Sprite vacío pues vamos a ir apareciendo por la_
 699+ A462              ; _parte alta de la pantalla.
 700+ A462
 701+ A462 2A ED 93     2 ld hl,(Puntero_objeto)
 702+ A465 22 11 94     	ld (Repone_puntero_objeto),hl
 703+ A468
 704+ A468 21 F0 82     	ld hl,Sprite_vacio
 705+ A46B 22 ED 93     	ld (Puntero_objeto),hl
 706+ A46E
 707+ A46E              ; Colocamos (Posicion_actual) a "$00" para que la rutina DRAW inicialice esta entidad.
 708+ A46E
 709+ A46E 21 00 00     	ld hl,0
 710+ A471 22 EB 93     	ld (Posicion_actual),hl
 711+ A474
 712+ A474 C9           	ret
 713+ A475
 714+ A475              ; Vamos a aparecer por la parte izquierda de la pantalla.
 715+ A475
 716+ A475 CD 29 B7     1 call Mov_right
 717+ A478
 718+ A478 18 E8        	jr 2B
 719+ A47A
 720+ A47A              ; *************************************************************************************************************************************************************
 721+ A47A              ;
 722+ A47A              ;	14/6/26
 723+ A47A              ;
 724+ A47A              ;	Iniciamos (Puntero_DESPLZ_der) y (Puntero_DESPLZ_izq).
 725+ A47A              ;	Sitúa (Puntero_objeto) en el Sprite correspondiente en función de su (Posicion_inicio).
 726+ A47A              ;
 727+ A47A              ;   Destruye HL y BC !!!!!,
 728+ A47A              ;
 729+ A47A              ;	BIT 7 (Ctrl_0). "1" ..... Derecha.
 730+ A47A              ;					"0" ..... Izquierda.
 731+ A47A
 732+ A47A              Inicia_Puntero_objeto:
 733+ A47A
 734+ A47A 3A F8 93     	ld a,(Posicion_inicio)
 735+ A47D E6 1F        	and $1f
 736+ A47F FE 10        	cp $10
 737+ A481 38 13        	jr c,Inicia_puntero_objeto_der
 738+ A483
 739+ A483              ; Arrancamos desde la parte derecha de la pantalla.
 740+ A483              ; Iniciamos (Indice_Sprite_izq).
 741+ A483
 742+ A483              Inicia_puntero_objeto_izq:
 743+ A483
 744+ A483 2A F2 93     	ld hl,(Indice_Sprite_izq) 								; La definición de la entidad asigna .defw a (Indice_Sprite_izq) cuando iniciamos la Bandeja_DRAW.
 745+ A486 22 F6 93     	ld (Puntero_DESPLZ_izq),hl
 746+ A489
 747+ A489 CD C2 9D     	call Extrae_address
 748+ A48C
 749+ A48C 22 ED 93     	ld (Puntero_objeto),hl
 750+ A48F
 751+ A48F 2A F0 93     	ld hl,(Indice_Sprite_der) 								; La definición de la entidad asigna .defw a (Indice_Sprite_der) cuando iniciamos la Bandeja_DRAW.
 752+ A492 22 F4 93     	ld (Puntero_DESPLZ_der),hl
 753+ A495
 754+ A495 C9           	ret
 755+ A496
 756+ A496              ; Arrancamos desde la parte izquierda de la pantalla.
 757+ A496              ; Iniciamos (Indice_Sprite_der).
 758+ A496
 759+ A496              Inicia_puntero_objeto_der:
 760+ A496
 761+ A496 2A F0 93     	ld hl,(Indice_Sprite_der)
 762+ A499 22 F4 93     	ld (Puntero_DESPLZ_der),hl 								; La definición de la entidad asigna .defw a (Indice_Sprite_der) cuando iniciamos la Bandeja_DRAW.
 763+ A49C
 764+ A49C CD C2 9D     	call Extrae_address
 765+ A49F
 766+ A49F 22 ED 93     	ld (Puntero_objeto),hl
 767+ A4A2
 768+ A4A2 2A F2 93     	ld hl,(Indice_Sprite_izq)								; La definición de la entidad asigna .defw a (Indice_Sprite_izq) cuando iniciamos la Bandeja_DRAW.
 769+ A4A5 22 F6 93     	ld (Puntero_DESPLZ_izq),hl
 770+ A4A8
 771+ A4A8 C9           	ret
 772+ A4A9
 773+ A4A9              ; -----------------------------------------------------------------------------------
 774+ A4A9              ;
 775+ A4A9              ;	20/01/24
 776+ A4A9              ;
 777+ A4A9              ;
 778+ A4A9
 779+ A4A9              Construye_movimientos_masticados_entidad:
 780+ A4A9
 781+ A4A9
 782+ A4A9 2A 6B 94     	ld hl,(Puntero_indice_de_almacenes) 							; Inicialmente situado en el 1er .defw del índice, Almacen_de_movimientos_masticados_1.
 783+ A4AC CD C2 9D     	call Extrae_address
 784+ A4AF
 785+ A4AF 22 DF 93     	ld (Puntero_de_almacen_de_mov_masticados),hl 					; $c9e6 es la dirección del 1er almacén de mov. masticados. (Puntero_de_almacen_de_mov_masticados) es el puntero que se irá desplazando por el almacén de movimientos masticados_
 786+ A4B2              ; 																	; _para ir creando la coreografía de este (Tipo) de entidad.
 787+ A4B2 E5           	push hl
 788+ A4B3
 789+ A4B3
 790+ A4B3 CD E5 A4     	call Actualiza_Puntero_de_almacen_de_mov_masticados 			; Actualizamos (Puntero_de_almacen_de_mov_masticados) e incrementa_
 791+ A4B6              ;																	; _ el (Contador_de_mov_masticados).
 792+ A4B6
 793+ A4B6 CD 7A A4     	call Inicia_Puntero_objeto										; Inicializa (Puntero_DESPLZ_der) y (Puntero_DESPLZ_izq).
 794+ A4B9              ;																	; Inicializa (Puntero_objeto) en función de la (Posicion_inicio) de la entidad.
 795+ A4B9
 796+ A4B9 CD 43 A4     	call Recompone_posicion_inicio
 797+ A4BC
 798+ A4BC
 799+ A4BC CD 48 B4     1 call Draw
 800+ A4BF
 801+ A4BF              ; ****************************************************************************
 802+ A4BF              ; ****************************************************************************
 803+ A4BF              ; ****************************************************************************
 804+ A4BF              ; ****************************************************************************
 805+ A4BF              ; ****************************************************************************
 806+ A4BF              ; ****************************************************************************
 807+ A4BF              ; ****************************************************************************
 808+ A4BF              ; ****************************************************************************
 809+ A4BF
 810+ A4BF              ;	Depurador_de_danzas_v01	;	--- macro ---
 811+ A4BF
 812+ A4BF              ; ****************************************************************************
 813+ A4BF              ; ****************************************************************************
 814+ A4BF              ; ****************************************************************************
 815+ A4BF              ; ****************************************************************************
 816+ A4BF              ; ****************************************************************************
 817+ A4BF              ; ****************************************************************************
 818+ A4BF              ; ****************************************************************************
 819+ A4BF              ; ****************************************************************************
 820+ A4BF
 821+ A4BF CD 3B 9A     	call Codifica_Puntero_de_impresion
 822+ A4C2 CD F0 A4     	call Guarda_movimiento_masticado
 823+ A4C5 CD 07 BA     	call Movimiento
 824+ A4C8
 825+ A4C8 3A 4C 94     	ld a,(Ctrl_3)													; El bit1 de (Ctrl_3) a "1" indica que hemos completado todo el patrón de movimiento_
 826+ A4CB CB 4F        	bit 1,a 														; _ que corresponde a esta entidad.
 827+ A4CD 28 ED        	jr z,1B
 828+ A4CF
 829+ A4CF AF           	xor a
 830+ A4D0 32 FC 93     	ld (Sprite_completo),a
 831+ A4D3
 832+ A4D3              ; Hemos completado un ^ Almacén_de_mov_masticados ^.
 833+ A4D3              ; Vamos a asignar una dirección de comienzo al almacén siguiente.
 834+ A4D3
 835+ A4D3 CD 0B A5     	call Prepara_nuevo_almacen 										; DE contiene (Puntero_de_almacen_de_mov_masticados).
 836+ A4D6
 837+ A4D6              ;	Hemos completado el almacén de movimientos masticados de la entidad.
 838+ A4D6              ;	Reinicializamos (Puntero_de_almacen_de_mov_masticados).
 839+ A4D6
 840+ A4D6 E1           	pop hl 															; Recuperamos la dirección inicial de (Puntero_de_almacen_de_mov_masticados).
 841+ A4D7
 842+ A4D7 22 DF 93     	ld (Puntero_de_almacen_de_mov_masticados),hl
 843+ A4DA
 844+ A4DA              ; Guardamos el nº total de movimientos masticados de esta entidad en su (Contador_general_de_mov_masticados).
 845+ A4DA
 846+ A4DA CD 1D A5     	call Situa_en_contador_general_de_mov_masticados
 847+ A4DD
 848+ A4DD              ; HL apunta al 1er byte del 1er (Contador_general_de_mov_masticados) vacío.
 849+ A4DD              ; Guardamos (Contador_de_mov_masticados) en el (Contador_general_de_mov_masticados) de esta entidad.
 850+ A4DD
 851+ A4DD ED 4B E1 93  	ld bc,(Contador_de_mov_masticados)
 852+ A4E1
 853+ A4E1 71           	ld (hl),c
 854+ A4E2 23           	inc hl
 855+ A4E3 70           	ld (hl),b
 856+ A4E4
 857+ A4E4 C9           	ret
 858+ A4E5
 859+ A4E5              ; --------------------------------------------------------------------------------------------------------------
 860+ A4E5              ;
 861+ A4E5              ;	13/9/26
 862+ A4E5              ;
 863+ A4E5              ;	INPUTS: HL a de contener (Puntero_de_almacen_de_mov_masticados).
 864+ A4E5
 865+ A4E5              Actualiza_Puntero_de_almacen_de_mov_masticados:
 866+ A4E5
 867+ A4E5 2A DF 93     	ld hl,(Puntero_de_almacen_de_mov_masticados)
 868+ A4E8
 869+ A4E8 23           	inc hl
 870+ A4E9 23           	inc hl
 871+ A4EA 23           	inc hl
 872+ A4EB 23           	inc hl
 873+ A4EC
 874+ A4EC 22 DF 93     	ld (Puntero_de_almacen_de_mov_masticados),hl
 875+ A4EF
 876+ A4EF C9           	ret
 877+ A4F0
 878+ A4F0              ; -----------------------------------------------------------------------------------
 879+ A4F0              ;
 880+ A4F0              ;	2/9/26
 881+ A4F0              ;
 882+ A4F0              ;	Guarda el "movimiento_masticado" en el {Almacen_de_movimientos_masticados} de la entidad.
 883+ A4F0              ;	Actualiza el (Puntero_de_almacen_de_mov_masticados) tras el guardado.
 884+ A4F0
 885+ A4F0              Guarda_movimiento_masticado:
 886+ A4F0
 887+ A4F0 ED 73 22 94  	ld (Stack),sp
 888+ A4F4 ED 7B DF 93  	ld sp,(Puntero_de_almacen_de_mov_masticados)					; Guardamos el movimiento masticado en el almacén.
 889+ A4F8
 890+ A4F8 DD E5        	push ix 														; Pushea el Puntero_de_impresión, (1er scanline).
 891+ A4FA FD E5        	push iy 														; Pushea Puntero_objeto.
 892+ A4FC
 893+ A4FC ED 7B 22 94  	ld sp,(Stack)
 894+ A500
 895+ A500 2A E1 93     	ld hl,(Contador_de_mov_masticados)								; Incrementa en una unidad el (Contador_de_mov_masticados).
 896+ A503 23           	inc hl
 897+ A504 22 E1 93     	ld (Contador_de_mov_masticados),hl
 898+ A507
 899+ A507 CD E5 A4     	call Actualiza_Puntero_de_almacen_de_mov_masticados 			; Actualizamos (Puntero_de_almacen_de_mov_masticados) e incrementa_
 900+ A50A              ;																	; _ el (Contador_de_mov_masticados).
 901+ A50A C9           	ret
 902+ A50B
 903+ A50B              ; ---------------------------------------------------------------------
 904+ A50B              ;
 905+ A50B              ;	15/4/25
 906+ A50B
 907+ A50B              Prepara_nuevo_almacen:
 908+ A50B
 909+ A50B 2A DF 93     	ld hl,(Puntero_de_almacen_de_mov_masticados)
 910+ A50E
 911+ A50E 2B           	dec hl
 912+ A50F 2B           	dec hl
 913+ A510
 914+ A510 EB           	ex de,hl
 915+ A511
 916+ A511 2A 6B 94     	ld hl,(Puntero_indice_de_almacenes)
 917+ A514 23           	inc hl
 918+ A515 23           	inc hl
 919+ A516 22 6B 94     	ld (Puntero_indice_de_almacenes),hl
 920+ A519
 921+ A519 73           	ld (hl),e
 922+ A51A 23           	inc hl
 923+ A51B 72           	ld (hl),d
 924+ A51C
 925+ A51C C9           	ret
 926+ A51D
 927+ A51D              ; ----------------------------------------------------------------------
 928+ A51D              ;
 929+ A51D              ;   14/4/25
 930+ A51D              ;
 931+ A51D              ;   Sitúa HL en el .defw del 1er (Contador_general_de_mov_masticados) vacío.
 932+ A51D              ;
 933+ A51D
 934+ A51D              Situa_en_contador_general_de_mov_masticados:
 935+ A51D
 936+ A51D              ;   Sitúa en la 1ª de las tres variables.
 937+ A51D
 938+ A51D 21 4C 90     	ld hl,Contador_general_de_mov_masticados_1
 939+ A520
 940+ A520 7E           1 ld a,(hl)
 941+ A521 A7           	and a
 942+ A522 C8           	ret z
 943+ A523
 944+ A523              ;	Avanzamos a la siguiente si esta ya contiene una cantidad.
 945+ A523
 946+ A523 23           	inc hl
 947+ A524 23           	inc hl
 948+ A525
 949+ A525 18 F9        	jr 1B
 950+ A527
 951+ A527              ; --------------------------------------------------------------------------------------------------------------
 952+ A527              ;
 953+ A527              ;	2/7/26
 954+ A527              ;
 955+ A527              ;	En 1er lugar identificamos si existe .db de CTRL, ($00).
 956+ A527              ;	Al .db de CTRL $00 le seguirá otro .db indicando el nº de .defw que compartirán nº aleatorio.
 957+ A527              ;
 958+ A527              ;	El siguiente .defw indica:
 959+ A527              ;
 960+ A527              ;	Byte alto: Límite superior que puede tener como máximo nuestro nº rnd.
 961+ A527              ;	Byte bajo: Límite inferior que puede tener como mínimo nuestro nº rnd.
 962+ A527              ;
 963+ A527              ;	Los sucesivos .defw indican la dirección o direcciones de memoria correspondientes donde se almacenará el nº aleatorio.
 964+ A527              ;
 965+ A527              ;	Tabla_Random_Entidad_tipo_1
 966+ A527
 967+ A527              ;	defw $0f01
 968+ A527              ;	defw Random_2_1_15
 969+ A527
 970+ A527              ;	db 0,1
 971+ A527              ;	defw $0f01
 972+ A527              ;	defw Random_3_1_15	;	Igual
 973+ A527              ;	defw Random_4_1_15	;	Igual
 974+ A527
 975+ A527              ;	defw 0
 976+ A527
 977+ A527              Aplica_rnd_al_baile:
 978+ A527
 979+ A527 CD 4E A5     	call RND_ini
 980+ A52A
 981+ A52A AF           	xor a
 982+ A52B
 983+ A52B 08           2 ex af,af 															; Digito de control en A'. Inicialmente "0".
 984+ A52C
 985+ A52C              ; 	digit ctrl ??
 986+ A52C              ;   Yes if "$00".
 987+ A52C              ;	HL se encuentra en el 1er .db de la Tabla_Random de la entidad correspondiente.
 988+ A52C
 989+ A52C 7E           	ld a,(hl)
 990+ A52D A7           	and a
 991+ A52E 20 07        	jr nz,1F 														; NZ indica que este .defw contiene límites. El próximo nº RND que vamos a obtener sólo se introducirá en una unica dirección de memoria.
 992+ A530
 993+ A530              ; Almacenamos en A' el nº de direcciones que compartiran nº RND y sitúamos HL en el .defw que indica los límites.
 994+ A530
 995+ A530 23           	inc hl
 996+ A531
 997+ A531 7E           	ld a,(hl)
 998+ A532 A7           	and a
 999+ A533 C8           	ret z
1000+ A534
1001+ A534 08           	ex af,af
1002+ A535
1003+ A535 23           	inc hl 															; Sitúa HL en el defw que define los límites.
1004+ A536 7E           	ld a,(hl)
1005+ A537
1006+ A537 CD 73 A5     1 call Load_limits_and_place_registers
1007+ A53A CD 56 A5     	call Get_RND
1008+ A53D CD 62 A5     	call Filtra_RND
1009+ A540
1010+ A540              ;	Introducimos nº rnd filtrado.
1011+ A540
1012+ A540 77           3 ld (hl),a
1013+ A541
1014+ A541 EB           	ex de,hl 														; Siguiente .defw de la Tabla_Random en HL.
1015+ A542
1016+ A542              ;	Consulta dígito de control. Z pasamos a otro nº y otra dirección de memoria.
1017+ A542
1018+ A542 08           	ex af,af
1019+ A543 28 E6        	jr z,2B
1020+ A545
1021+ A545              ;	Siguiente dirección con el mismo nº RND.
1022+ A545
1023+ A545 3D           	dec a
1024+ A546 08           	ex af,af
1025+ A547
1026+ A547 CD C2 9D     	call Extrae_address
1027+ A54A
1028+ A54A 13           	inc de
1029+ A54B 13           	inc de
1030+ A54C
1031+ A54C 18 F2        	jr 3B
1032+ A54E
1033+ A54E              ; ----- ----- -----
1034+ A54E              ;
1035+ A54E              ;	HL' será el puntero que se irá desplazando por los distintos nº aleatorios.
1036+ A54E              ;	Comenzamos por el último, (Numeros_aleatorios+6).
1037+ A54E              ;	B actúa como contador, (7 nº aleatorios).
1038+ A54E
1039+ A54E              RND_ini:
1040+ A54E
1041+ A54E D9           	exx
1042+ A54F
1043+ A54F 21 0D 90     	ld hl,Numeros_aleatorios_baile+6                        		; HL apunta al 7° n° aleatorio de baile.
1044+ A552 06 07        	ld b,7
1045+ A554
1046+ A554 D9           	exx
1047+ A555
1048+ A555 C9           	ret
1049+ A556
1050+ A556              ; ----- ----- -----
1051+ A556              ;
1052+ A556              ;	Extrae el nº aleatorio, decrementa el contador de nº RND, (B) y actualiza el puntero HL' situándolo en el siguiente nº.
1053+ A556              ;	Inicializamos HL y B cuando hemos terminado de introducir todos los nº., (call RND_ini).
1054+ A556              ;
1055+ A556
1056+ A556              Get_RND:
1057+ A556
1058+ A556 D9           	exx
1059+ A557
1060+ A557 7E           	ld a,(hl)
1061+ A558 10 05        	djnz 1F
1062+ A55A
1063+ A55A D9           	exx
1064+ A55B
1065+ A55B CD 4E A5     	call RND_ini
1066+ A55E
1067+ A55E C9           	ret
1068+ A55F
1069+ A55F 2B           1 dec hl
1070+ A560
1071+ A560 D9           	exx
1072+ A561
1073+ A561 C9           	ret
1074+ A562
1075+ A562              Filtra_RND:
1076+ A562
1077+ A562 E6 3C        	and %00111100													; Convertimos el byte, (RND), en Nibble, valores comprendidos entre (0-15).
1078+ A564
1079+ A564 CB 3F        	srl a
1080+ A566 CB 3F        	srl a  															; % 00001111, nº RND (0-15).
1081+ A568
1082+ A568 B8           	cp b
1083+ A569 C8           	ret z 															; RET, nºrnd = Límite sup.
1084+ A56A
1085+ A56A 38 02        	jr c,1F 														; Estamos por debajo del límite sup. Hemos de comprobar el límite inf.
1086+ A56C
1087+ A56C              ;	El n° aleatorio está por encima del límite superior. El n° RND adoptará el valor del límite sup.
1088+ A56C
1089+ A56C 78           	ld a,b 															; RET, nº rnd = Límite sup.
1090+ A56D
1091+ A56D C9           	ret
1092+ A56E
1093+ A56E              ;	Comprobamos el límite inferior.
1094+ A56E
1095+ A56E B9           1 cp c
1096+ A56F C8           	ret z 															; RET, nº rnd = Límite inf.
1097+ A570
1098+ A570 D0           	ret nc 															; RET, nº rnd dentro de los límites.
1099+ A571
1100+ A571 79           	ld a,c 															; RET, nº rnd = Límite inf.
1101+ A572
1102+ A572 C9           	ret
1103+ A573
1104+ A573              ; ----- ----- -----
1105+ A573              ;
1106+ A573              ;	2/7/26
1107+ A573              ;
1108+ A573              ;	OUTPUT:
1109+ A573              ;
1110+ A573              ;	Límites que tendrá este nº RND en BC.
1111+ A573              ;	B contiene lím.sup. y C contiene límite inf.
1112+ A573              ;
1113+ A573              ;	Sitúa HL en la dirección de memoria donde introduciremos el nº aleatorio, (que estará acotado por los límites).
1114+ A573              ;	DE apunta al siguiente .defw de la Tabla_RANDOM del tipo de entidad correspondiente.
1115+ A573
1116+ A573              Load_limits_and_place_registers:
1117+ A573
1118+ A573 4F           	ld c,a
1119+ A574
1120+ A574 23           	inc hl
1121+ A575 46           	ld b,(hl)
1122+ A576
1123+ A576 23           	inc hl
1124+ A577
1125+ A577 CD C2 9D     	call Extrae_address
1126+ A57A
1127+ A57A 13           	inc de
1128+ A57B 13           	inc de
1129+ A57C
1130+ A57C C9           	ret
1131+ A57D
1132+ A57D              ;---------------------------------------------------------------------------------------------------------------
1133+ A57D              ;
1134+ A57D              ;   4/4/26
1135+ A57D              ;
1136+ A57D              ;	Inicializa Nivel del juego.
1137+ A57D              ;
1138+ A57D              ;	OUTPUT:	Inicializa: (Puntero_indice_NIVELES) ... Situado en el 1er Nivel del Índice de Niveles, (.defw).
1139+ A57D              ;									(Numero_de_entidades) ... Contiene el nº de entidades del nivel, (.db).
1140+ A57D              ;									(Puntero_de_entidades) ... Puntero,  (.defw). Define el (Tipo) de las distintas entidades que componen el nivel.
1141+ A57D              ; 									(Puntero_indice_master)	... Se sitúa en la 1ª de las 3 Cajas_Master.
1142+ A57D              ;
1143+ A57D              ;					B contiene (Numero_de_entidades).
1144+ A57D              ;					C contiene el (Tipo) de la 1ª entidad del nivel.
1145+ A57D              ;
1146+ A57D              ;	MODIFY: A,HL,BC y DE.
1147+ A57D
1148+ A57D              Inicializa_Nivel:
1149+ A57D
1150+ A57D              ; Actualiza (Puntero_indice_NIVELES).
1151+ A57D
1152+ A57D 2A 89 94     	ld hl,(Puntero_indice_NIVELES) 									; Inicialmente situado en el 1er nivel del índice.
1153+ A580 CD C2 9D     	call Extrae_address   						 					; Sitúa HL en el 1er byte que define: (Max_time_to_appear_entities).
1154+ A583
1155+ A583 7E           	ld a,(hl)
1156+ A584 32 84 94     	ld (Max_time_to_appear_entities),a
1157+ A587
1158+ A587 23           	inc hl
1159+ A588
1160+ A588 7E           	ld a,(hl)
1161+ A589 32 85 94     	ld (Decrease_top_time_entities),a
1162+ A58C
1163+ A58C 23           	inc hl
1164+ A58D
1165+ A58D 7E           	ld a,(hl)
1166+ A58E 32 86 94     	ld (Min_time_to_appear_entities),a
1167+ A591
1168+ A591 23           	inc hl
1169+ A592
1170+ A592 7E           	ld a,(hl)
1171+ A593 32 67 94     	ld (CLOCK_disparos_de_entidades),a
1172+ A596 32 66 94     	ld (Repone_CLOCK_disparos),a
1173+ A599
1174+ A599 23           	inc hl
1175+ A59A
1176+ A59A 7E           	ld a,(hl)
1177+ A59B 32 1B 94     	ld (Numero_de_entidades),a					 					; Inicializa (Numero_de_entidades).
1178+ A59E
1179+ A59E 47           	ld b,a
1180+ A59F
1181+ A59F              ;	Codificamos (Numero_de_entidades) en BCD para poder pintar en cada FRAME el marcador de entidades.
1182+ A59F
1183+ A59F CD 64 A7     	call M_entidades_a_BCD											; Inicializa:	Entidades_BCD_unidades db 0
1184+ A5A2              ;																					Entidades_BCD_decenas db 0
1185+ A5A2 23           	inc hl
1186+ A5A3
1187+ A5A3 22 6D 94     	ld (Puntero_de_entidades),hl									; Inicializa (Puntero_de_entidades), .defw que define el (Tipo) de la 1ª entidad del Nivel_1
1188+ A5A6 4E           	ld c,(hl)
1189+ A5A7
1190+ A5A7 C9           	ret
1191+ A5A8
1192+ A5A8              ; ----------------------
1193+ A5A8              ;
1194+ A5A8              ;	7/7/26
1195+ A5A8              ;
1196+ A5A8              ;	INPUT: A, A' y C contienen la (Clase) de la entidad.
1197+ A5A8              ;		   (B) contiene el nº de entidades que tiene el nivel.
1198+ A5A8              ;    	   (C) contiene la clase de la entidad en curso.
1199+ A5A8
1200+ A5A8              ;	OUTPUT: Flag Z activo:
1201+ A5A8              ;				   (A) = "0"     .....   Indica que tenemos que generar los movimientos masticados de esta (Clase) de entidad.
1202+ A5A8              ;	 			   (A) = "1,2,3, ..... " Indica que esta Caja_Master ya está iniciada con esta (Clase) de entidad.
1203+ A5A8
1204+ A5A8              Situa_en_Caja_Master:
1205+ A5A8
1206+ A5A8 21 94 90     	ld hl,Indice_de_cajas_master
1207+ A5AB 22 19 94     	ld (Puntero_indice_master),hl 									; Sitúa (Puntero_indice_master) en la 1ª caja del índice.
1208+ A5AE
1209+ A5AE CD C2 9D     1 call Extrae_address
1210+ A5B1 BE           	cp (hl)
1211+ A5B2 C8           	ret z 															; RET Z. Indica que esta Caja_Master ya está iniciada con una entidad de esta (Clase).
1212+ A5B3
1213+ A5B3              ; 	Esta Caja_Master no contiene una entidad de esta misma (Clase). RET si está vacía.
1214+ A5B3
1215+ A5B3 AF           	xor a
1216+ A5B4
1217+ A5B4 34           	inc (hl)
1218+ A5B5 35           	dec (hl)
1219+ A5B6
1220+ A5B6 C8           	ret z 															; RET. Flag Z y A="$00". Indica que esta Caja_Master está vacía. Hay que generar los movimientos_
1221+ A5B7              ; 																	; _masticados de esta (Clase) de entidad.
1222+ A5B7
1223+ A5B7              ; Caja_Master iniciada con otra (Clase) de entidad.
1224+ A5B7              ; Saltamos a la siguiente:
1225+ A5B7
1226+ A5B7 79           	ld a,c
1227+ A5B8
1228+ A5B8 13           	inc de
1229+ A5B9 13           	inc de
1230+ A5BA
1231+ A5BA ED 53 19 94  	ld (Puntero_indice_master),de
1232+ A5BE
1233+ A5BE EB           	ex de,hl 														; Esta caja está iniciada con otra (Clase) de entidad.
1234+ A5BF
1235+ A5BF 18 ED        	jr 1B
1236+ A5C1
1237+ A5C1              ; -------------------------------------------------------------------------------------------------
1238+ A5C1              ;
1239+ A5C1              ;	10/9/26
1240+ A5C1              ;
1241+ A5C1              ;	Busca en las tres Cajas_Master una entidad de la (Clase) que contiene el registro A_
1242+ A5C1              ;	_para completar las Cajas_de_entidades.
1243+ A5C1              ;
1244+ A5C1              ;	INPUT: A contiene la (Clase) de entidad.
1245+ A5C1
1246+ A5C1              Obtiene_datos_de_Caja_Master:
1247+ A5C1
1248+ A5C1 21 94 90     	ld hl,Indice_de_cajas_master
1249+ A5C4 22 19 94     	ld (Puntero_indice_master),hl
1250+ A5C7
1251+ A5C7 CD C2 9D     1 call Extrae_address
1252+ A5CA BE           	cp (hl)
1253+ A5CB C8           	ret z 															; RET pues esta Caja_Master es de la (Clase) que necesitamos.
1254+ A5CC
1255+ A5CC 13           	inc de
1256+ A5CD 13           	inc de
1257+ A5CE
1258+ A5CE ED 53 19 94  	ld (Puntero_indice_master),de
1259+ A5D2 EB           	ex de,hl
1260+ A5D3
1261+ A5D3 18 F2        	jr 1B
1262+ A5D5
1263+ A5D5              ; -----------------------------------------------------------
1264+ A5D5              ;
1265+ A5D5              ;	7/3/25
1266+ A5D5
1267+ A5D5              ;	INPUTS: A contiene el (Tipo) de la entidad que estamos iniciando.
1268+ A5D5
1269+ A5D5              Situa_en_Tabla_Random:
1270+ A5D5
1271+ A5D5 CD FE A6     	call Calcula_salto_en_BC
1272+ A5D8
1273+ A5D8 21 75 C6     	ld hl,Indice_de_tablas_Random
1274+ A5DB A7           	and a
1275+ A5DC ED 4A        	adc hl,bc
1276+ A5DE 22 02 94     	ld (Puntero_tabla_Random),hl
1277+ A5E1
1278+ A5E1 CD C2 9D     	call Extrae_address
1279+ A5E4
1280+ A5E4 C9           	ret
1281+ A5E5
1282+ A5E5              ; -----------------------------------------------------------
1283+ A5E5              ;
1284+ A5E5              ;	7/7/26
1285+ A5E5
1286+ A5E5              Situa_Puntero_indice_mov:
1287+ A5E5
1288+ A5E5 CD FE A6     	call Calcula_salto_en_BC
1289+ A5E8 21 52 90     	ld hl,Indice_de_mov_segun_tipo_de_entidad
1290+ A5EB A7           	and a
1291+ A5EC ED 4A        	adc hl,bc
1292+ A5EE CD C2 9D     	call Extrae_address
1293+ A5F1
1294+ A5F1              ; 	Hay que seleccionar una "danza izq. o derecha", dependiendo del lado de la pantalla desde el que se inicia la entidad.
1295+ A5F1
1296+ A5F1              ; 	Seleccionamos Danza.
1297+ A5F1
1298+ A5F1 3A F8 93     	ld a,(Posicion_inicio)
1299+ A5F4 E6 1F        	and $1f
1300+ A5F6 FE 10        	cp $10
1301+ A5F8 38 02        	jr c,1F
1302+ A5FA
1303+ A5FA 23           	inc hl
1304+ A5FB 23           	inc hl
1305+ A5FC
1306+ A5FC CD C2 9D     1 call Extrae_address
1307+ A5FF 22 04 94     	ld (Puntero_indice_mov),hl
1308+ A602
1309+ A602 C9           	ret
1310+ A603
1311+ A603              ;---------------------------------------------------------------------------------------------------------------
1312+ A603              ;
1313+ A603              ;   13/9/26
1314+ A603              ;
1315+ A603              ;	Esta rutina se encarga de prepara todas las cajas de entidades. Cuando comienza un nivel han de estar todas completas.
1316+ A603
1317+ A603
1318+ A603              Prepara_Cajas_de_Entidades:
1319+ A603
1320+ A603              ; Preparamos los punteros de las cajas de entidades:
1321+ A603
1322+ A603 CD B0 9A     	call Inicia_punteros_de_cajas									; Situa (Puntero_store_caja) en el 1er .db de la 1ª caja del índice de entidades.
1323+ A606              ;																	; Situa (Puntero_restore_caja) en el 1er .db de la 2ª caja del índice de cajas de entidades.
1324+ A606 CD 46 A7     	call Inicializa_Numero_parcial_de_entidades						; Actualiza (Numero_de_entidades) y (Numero_parcial_de_entidades).
1325+ A609
1326+ A609 2A 6D 94     	ld hl,(Puntero_de_entidades)									; (Puntero_de_entidades) contiene la dirección de mem. donde se encuentra la (Clase) de la 1ª entidad del nivel.
1327+ A60C
1328+ A60C              ; En este punto:
1329+ A60C
1330+ A60C              ;
1331+ A60C              ; HL está situado en el 1er .db del Nivel que indica la `Clase´ de entidad a volcar en la 1ª caja de entidades.
1332+ A60C              ; B contiene (Numero_parcial_de_entidades).
1333+ A60C
1334+ A60C C5           1 push bc 															; Push (Numero_parcial_de_entidades).
1335+ A60D
1336+ A60D 7E           	ld a,(hl)
1337+ A60E
1338+ A60E CD C1 A5     	call Obtiene_datos_de_Caja_Master								; HL apunta al 1er .db, (Tipo) de la "Caja Master" correspondiente al (Tipo) de entidad.
1339+ A611
1340+ A611 ED 5B 13 94  	ld de,(Puntero_store_caja)										; DE apunta al 1er .db de la "Caja de entidades" en curso.
1341+ A615
1342+ A615 D5           	push de
1343+ A616 DD E1        	pop ix 															; ! A partir de ahora IX apunta al 1er .db (Tipo) de la entidad, (caja de entidades correspondiente).
1344+ A618
1345+ A618 01 0C 00     	ld bc,12
1346+ A61B ED B0        	ldir															; Caja de entidades completa. HL apuntará ahora al 1er .db de la siguiente caja "Master".
1347+ A61D
1348+ A61D              ;																	; DE apunta ahora al 1er .db de la siguiente caja de entidades.
1349+ A61D
1350+ A61D CD AB AA     	call Scanlines_generator
1351+ A620
1352+ A620              ;	Borramos las variables DRAW que hemos utilizado para preparar la Tabla_de_pintado y los scanlines_
1353+ A620              ;	_en el álbum_de_pintado.
1354+ A620
1355+ A620              ; Variables DRAW utilizadas:
1356+ A620
1357+ A620              ;	(Columnas).
1358+ A620              ;	(Puntero_de_impresion).
1359+ A620              ;	(Coordenada_X).
1360+ A620              ;	(Coordenada_Y).
1361+ A620
1362+ A620 21 00 00     	ld hl,0
1363+ A623 22 E9 93     	ld (Coordenada_X),hl
1364+ A626 22 DD 93     	ld (Puntero_de_impresion),hl
1365+ A629 22 FB 93     	ld (Columnas),hl 												; También limpia (Sprite_completo).
1366+ A62C
1367+ A62C CD D5 9A     	call Incrementa_punteros_de_cajas
1368+ A62F
1369+ A62F              ; Siguiente entidad del Nivel.
1370+ A62F
1371+ A62F 2A 6D 94     	ld hl,(Puntero_de_entidades)									; (Clase) de la siguiente entidad del nivel.
1372+ A632 23           	inc hl
1373+ A633 22 6D 94     	ld (Puntero_de_entidades),hl
1374+ A636
1375+ A636 C1           	pop bc 															; Recuperamos (Numero_parcial_de_entidades), (nº de cajas que vamos a rellenar)
1376+ A637
1377+ A637 10 D3        	djnz 1B
1378+ A639
1379+ A639 C9           	ret
1380+ A63A
1381+ A63A              ; -------------------------------------------------------------------------------------------------------------------
1382+ A63A              ;
1383+ A63A              ;	27/5/24
1384+ A63A              ;
1385+ A63A              ;	Inicia,genera mov. masticados y sitúa en el centro de la pantalla a Amadeus.
1386+ A63A              ;
1387+ A63A
1388+ A63A              ; 	Cargamos la definición de Amadeus en DRAW.
1389+ A63A              ;	Nos situamos en el 1er .db, (Tipo), de la definición de Amadeus.
1390+ A63A
1391+ A63A              Inicia_Amadeus:
1392+ A63A
1393+ A63A 21 4C 91     	ld hl,Definicion_Amadeus
1394+ A63D CD 13 A7     	call Definicion_de_entidad_a_bandeja_DRAW						; Vuelca los datos de la definición de Amadeus en DRAW.
1395+ A640
1396+ A640 21 00 C8     	ld hl,Almacen_de_movimientos_masticados_Amadeus
1397+ A643 22 DF 93     	ld (Puntero_de_almacen_de_mov_masticados),hl
1398+ A646
1399+ A646              ;	Inicializamos los perfiles de velocidad antes de crear la danza de Amadeus.
1400+ A646              ;	(Vel_left), (Vel_right), (Vel_up) y (Vel_down) a "1".
1401+ A646
1402+ A646 21 01 01     	ld hl,257
1403+ A649 22 FE 93     	ld (Vel_left),hl
1404+ A64C 22 00 94     	ld (Vel_up),hl
1405+ A64F
1406+ A64F              Construye_movimientos_masticados_Amadeus
1407+ A64F
1408+ A64F 2A DF 93     	ld hl,(Puntero_de_almacen_de_mov_masticados)					; Guardamos en la pila la dirección inicial del puntero, (para reiniciarlo más tarde).
1409+ A652 CD E5 A4     	call Actualiza_Puntero_de_almacen_de_mov_masticados 			; Actualizamos (Puntero_de_almacen_de_mov_masticados) e incrementa_
1410+ A655              ;																	; _ el (Contador_de_mov_masticados).
1411+ A655 CD 7A A4     	call Inicia_Puntero_objeto										; Inicializa (Puntero_DESPLZ_der) y (Puntero_DESPLZ_izq).
1412+ A658              ;																	; Inicializa (Puntero_objeto) en función de la (Posicion_inicio) de la entidad.
1413+ A658
1414+ A658              ; Generamos movimientos masticados de Amadeus.
1415+ A658
1416+ A658 21 E6 93     	ld hl,Ctrl_0
1417+ A65B CB F6        	set 6,(hl) 														; Indica a Mov_right que se están generando los movimientos masticados de Amadeus.
1418+ A65D
1419+ A65D 06 79        	ld b,121														; $0079, 121d.
1420+ A65F
1421+ A65F C5           1 push bc
1422+ A660 CD 48 B4     	call Draw
1423+ A663
1424+ A663              ;	Posicion_actual ..... Puntero_de_impresion
1425+ A663
1426+ A663              ;	$50c1					$50c0
1427+ A663
1428+ A663 CD F0 A4     	call Guarda_movimiento_masticado 								; PUSH IX, (Puntero_de_impresion) / PUSH IY, (Puntero_objeto).
1429+ A666
1430+ A666 CD 29 B7     	call Mov_right
1431+ A669 CD 29 B7     	call Mov_right													; Amadeus se mueve x2 pixel.
1432+ A66C
1433+ A66C C1           	pop bc
1434+ A66D 10 F0        	djnz 1B
1435+ A66F
1436+ A66F 21 E6 93     	ld hl,Ctrl_0
1437+ A672 CB B6        	res 6,(hl)
1438+ A674
1439+ A674              ; Todos los movimientos masticados de Amadeus se han creado.
1440+ A674
1441+ A674              ;	(Contador_de_mov_masticados) de Amadeus ="$0079", 121d movimientos en total. Amadeus se encuentra ahora en el extremo derecho de la pantalla.
1442+ A674              ;	Ahora hay que modificar la posición del (Puntero_de_almacen_de_mov_masticados), (está 4 posiciones de memoria adelantado para seguir creando desplazamientos).
1443+ A674
1444+ A674 2A DF 93     	ld hl,(Puntero_de_almacen_de_mov_masticados)
1445+ A677 01 08 00     	ld bc,8
1446+ A67A A7           	and a
1447+ A67B ED 42        	sbc hl,bc
1448+ A67D 22 DF 93     	ld (Puntero_de_almacen_de_mov_masticados),hl
1449+ A680
1450+ A680 C9           	ret
1451+ A681
1452+ A681              ; ---------------------------------------------------------------------
1453+ A681              ;
1454+ A681              ;	10/02/24
1455+ A681              ;
1456+ A681              ;	Nos situamos en el 1er .db de datos de la definición de este tipo de entidad.
1457+ A681              ;
1458+ A681              ;	INPUT: A contiene el TIPO de ENTIDAD que almacenaremos en la caja.
1459+ A681
1460+ A681              Definicion_segun_tipo:
1461+ A681
1462+ A681 CD FE A6     	call Calcula_salto_en_BC										; Calcula el salto para situarnos en la definición de entidad correcta de indice de [Indice_de_definiciones_de_entidades].
1463+ A684
1464+ A684 21 2A 91     	ld hl,Indice_de_definiciones_de_entidades
1465+ A687
1466+ A687 CD 09 A7     	call Situa_en_datos_de_definicion								; Sitúa HL en el 1er .db de la definición de entidad tipo que tenemos que volcar en DRAW.
1467+ A68A
1468+ A68A C9           	ret
1469+ A68B
1470+ A68B              ; ---------------------------------------------------------------------
1471+ A68B              ;
1472+ A68B              ;	13/9/26
1473+ A68B              ;
1474+ A68B              ;	Actualiza el (Contador_de_mov_masticados) de la entidad.
1475+ A68B
1476+ A68B              Decrementa_Contador_de_mov_masticados:
1477+ A68B
1478+ A68B DD 6E 08     	ld l,(ix+8)
1479+ A68E DD 66 09     	ld h,(ix+9)
1480+ A691
1481+ A691 2B           	dec hl
1482+ A692
1483+ A692 DD 75 08     	ld (ix+8),l
1484+ A695 DD 74 09     	ld (ix+9),h
1485+ A698
1486+ A698 C9           	ret
1487+ A699
1488+ A699              ; ---------------------------------------------------------------------
1489+ A699              ;
1490+ A699              ;	10/9/26
1491+ A699
1492+ A699              Reinicia_entidad_maliciosa:
1493+ A699
1494+ A699 DD 7E 00     	ld a,(ix+00)
1495+ A69C
1496+ A69C              ;	(Clase) de la entidad en A.
1497+ A69C              ;	Hemos completado todos los movimientos masticados de la entidad.
1498+ A69C              ;	Inicializamos el contador de mov_masticados de la Caja_Master correspondiente.
1499+ A69C
1500+ A69C CD C1 A5     	call Obtiene_datos_de_Caja_Master
1501+ A69F
1502+ A69F              ;	En este punto:
1503+ A69F              ;
1504+ A69F              ;	HL apunta al 1er .db de la CAJA MASTER correspondiente.
1505+ A69F              ;	IX apunta al 1er .db de la CAJA DE ENTIDADES correspondiente.
1506+ A69F
1507+ A69F              ;	Inicializamos (Puntero_de_almacen_de_mov_masticados) y (Contador_de_mov_masticados).
1508+ A69F
1509+ A69F 01 06 00     	ld bc,6
1510+ A6A2
1511+ A6A2 A7           	and a
1512+ A6A3 ED 4A        	adc hl,bc
1513+ A6A5
1514+ A6A5 CD C2 9D     	call Extrae_address
1515+ A6A8
1516+ A6A8 DD 75 06     	ld (ix+6),l
1517+ A6AB DD 74 07     	ld (ix+7),h 								; (Puntero_de_almacen_de_mov_masticados) inicializado en la caja correspondiente.
1518+ A6AE
1519+ A6AE 13           	inc de
1520+ A6AF 13           	inc de
1521+ A6B0
1522+ A6B0 EB           	ex de,hl
1523+ A6B1
1524+ A6B1 CD C2 9D     	call Extrae_address
1525+ A6B4
1526+ A6B4 23           	inc hl 																		;	(Contador_de_mov_masticados)+1. Cuando regresemos, [Take_movement] le restará una unidad.
1527+ A6B5
1528+ A6B5 DD 75 08     	ld (ix+8),l
1529+ A6B8 DD 74 09     	ld (ix+9),h
1530+ A6BB
1531+ A6BB              ;	El formato: FBPPPIII (Flash, Brillo, Papel, Tinta).
1532+ A6BB              ;
1533+ A6BB              ;	COLORES: 0 ..... NEGRO
1534+ A6BB              ;    		 1 ..... AZUL
1535+ A6BB              ; 			 2 ..... ROJO  ..... "20".
1536+ A6BB              ;			 3 ..... MAGENTA .... "10".
1537+ A6BB              ; 			 4 ..... VERDE .....
1538+ A6BB              ; 			 5 ..... CIAN ..... "8".
1539+ A6BB              ;			 6 ..... AMARILLO ..... "4".
1540+ A6BB              ; 			 7 ..... BLANCO
1541+ A6BB              ;
1542+ A6BB
1543+ A6BB              ; Incrementa (Contador_de_vueltas)x2.
1544+ A6BB              ; (Velocidad) de la entidad será: (Contador_de_vueltas)/4.
1545+ A6BB
1546+ A6BB              ;	1ª vuelta: (Contador_de_vueltas)="$02" --- (Velocidad)="0".
1547+ A6BB              ;	2ª vuelta: 	""	""	""	""	""  ="$04" ---   ""	 ""	  ="1".
1548+ A6BB              ;	3ª vuelta: 	""	""	""	""	""  ="$08" ---   ""	 ""	  ="2".
1549+ A6BB              ;	4ª vuelta: 	""	""	""	""	""  ="$10" ---   ""	 ""	  ="4".
1550+ A6BB              ;	5ª vuelta: 	""	""	""	""	""  ="$20" ---   ""	 ""	  ="8".
1551+ A6BB
1552+ A6BB DD CB 02 26  	sla (ix+2)														; sla x2 (Contador_de_vueltas). Inicialmente es "1".
1553+ A6BF
1554+ A6BF DD 7E 02     	ld a,(ix+2)   													; ld a,(Contador_de_vueltas)
1555+ A6C2 CB 2F        	sra a
1556+ A6C4 CB 2F        	sra a
1557+ A6C6
1558+ A6C6 DD 77 0A     	ld (ix+10),a 													; ld (Velocidad),a
1559+ A6C9 A7           	and a
1560+ A6CA
1561+ A6CA              ; Attr.
1562+ A6CA
1563+ A6CA              ; A contiene (Velocidad).
1564+ A6CA
1565+ A6CA C4 E0 A6     	call nz, Define_attr 											; No modificamos attr. si no hay cambio de velocidad.
1566+ A6CD
1567+ A6CD              ; Límitador.
1568+ A6CD
1569+ A6CD 3E 40        	ld a,$40
1570+ A6CF DD BE 02     	cp (ix+2)
1571+ A6D2 28 02        	jr z,1F
1572+ A6D4
1573+ A6D4 AF           	xor a															; Siempre salimos de esta rutina con un "Z".
1574+ A6D5
1575+ A6D5 C9           	ret
1576+ A6D6
1577+ A6D6
1578+ A6D6              ;	Limita el valor de (Contador_de_vueltas) a "$40" y de (Velocidad) a "$08".
1579+ A6D6
1580+ A6D6 DD CB 02 2E  1 sra (ix+2)
1581+ A6DA DD CB 0A 2E  	sra (ix+10)
1582+ A6DE
1583+ A6DE AF           	xor a															; Siempre salimos de esta rutina con un "Z".
1584+ A6DF
1585+ A6DF C9           	ret
1586+ A6E0
1587+ A6E0              ; ----- ----- ----- ----- -----
1588+ A6E0              ;
1589+ A6E0              ;	10/9/26
1590+ A6E0              ;
1591+ A6E0              ;	Define (Attr) en función de la (Velocidad).
1592+ A6E0              ;
1593+ A6E0
1594+ A6E0              Define_attr:
1595+ A6E0
1596+ A6E0 3D           	dec a
1597+ A6E1 28 15        	jr z,Amarillo
1598+ A6E3 3C           	inc a
1599+ A6E4
1600+ A6E4 FE 02        	cp 2
1601+ A6E6 28 0C        	jr z,Blanco
1602+ A6E8
1603+ A6E8 FE 04        	cp 4
1604+ A6EA 28 04        	jr z,Magenta
1605+ A6EC
1606+ A6EC 3E 42        Rojo ld a,%01000010
1607+ A6EE 18 0A        	jr 2F
1608+ A6F0
1609+ A6F0 3E 43        Magenta ld a,%01000011
1610+ A6F2 18 06        	jr 2F
1611+ A6F4
1612+ A6F4 3E 47        Blanco ld a,%01000111
1613+ A6F6 18 02        	jr 2F
1614+ A6F8
1615+ A6F8 3E 46        Amarillo ld a,%01000110
1616+ A6FA
1617+ A6FA DD 77 0B     2 ld (ix+11),a
1618+ A6FD
1619+ A6FD C9           	ret
1620+ A6FE
1621+ A6FE              ;	------------------------------------------------------------------------------------
1622+ A6FE              ;
1623+ A6FE              ;	14/06/26
1624+ A6FE              ;
1625+ A6FE              ;	INPUTS:	A contiene el (Tipo) de entidad.
1626+ A6FE              ;
1627+ A6FE              ;	Esta pequeña sub-rutina carga BC con 0,2,4,6,8 ... en función del tipo de entidad: (1,2,3,4,...).
1628+ A6FE              ;	Calcula "el salto" para situarnos en los DATOS de la ENTIDAD correcta del índice de entidades según el tipo de entidad.
1629+ A6FE
1630+ A6FE              Calcula_salto_en_BC:
1631+ A6FE
1632+ A6FE A7           	and a
1633+ A6FF 28 04        	jr z,1F
1634+ A701
1635+ A701 CB 27        	sla a
1636+ A703 D6 02        	sub 2															; ("Tipo_de_entidad")*2-2.
1637+ A705
1638+ A705 4F           1 ld c,a
1639+ A706 06 00        	ld b,0
1640+ A708
1641+ A708 C9           	ret
1642+ A709
1643+ A709              ; ------------------------------------------------------------------
1644+ A709              ;
1645+ A709              ;	12/06/26
1646+ A709              ;
1647+ A709              ;	Sitúa HL en el 1er .db de la definición de la entidad que tenemos que volcar en la bandeja DRAW.
1648+ A709              ;	Actualiza (Datos_de_entidad) con esa dirección.
1649+ A709
1650+ A709              Situa_en_datos_de_definicion:
1651+ A709
1652+ A709 A7           	and a
1653+ A70A ED 4A        	adc hl,bc
1654+ A70C CD C2 9D     	call Extrae_address
1655+ A70F 22 20 94     	ld (Datos_de_entidad),hl
1656+ A712
1657+ A712 C9           	ret
1658+ A713
1659+ A713              ; ----------------------------------------------------------------------------------------------------------
1660+ A713              ;
1661+ A713              ;	10/9/26
1662+ A713              ;
1663+ A713              ;	Introduce una definición de entidad en la bandeja DRAW para generar sus "movimientos masticados".
1664+ A713              ;
1665+ A713              ;	INPUTS: HL apunta al 1er .db de datos de la definición de la entidad.
1666+ A713              ;
1667+ A713              ;
1668+ A713              ;	MODIFICA: HL,DE y BC
1669+ A713
1670+ A713
1671+ A713              Definicion_de_entidad_a_bandeja_DRAW:
1672+ A713
1673+ A713 11 DA 93     	ld de,Tipo   	 												; DE apunta al 2° .db de la bandeja_DRAW, (Tipo).
1674+ A716 7E           	ld a,(hl)
1675+ A717 12           	ld (de),a 														; Volcamos (Tipo).
1676+ A718
1677+ A718 23           	inc hl
1678+ A719
1679+ A719 11 E7 93     	ld de,Filas
1680+ A71C 01 02 00     	ld bc,2
1681+ A71F ED B0        	ldir							 								; Volcamos (Filas) y (Columns).
1682+ A721
1683+ A721 11 DB 93     	ld de,Contador_de_vueltas
1684+ A724 7E           	ld a,(hl)
1685+ A725 12           	ld (de),a 														; (Contador_de_vueltas).
1686+ A726
1687+ A726 23           	inc hl
1688+ A727
1689+ A727 11 F0 93     	ld de,Indice_Sprite_der
1690+ A72A 01 04 00     	ld bc,4
1691+ A72D ED B0        	ldir 															; Volcamos (Indice_Sprite_der) y (Indice_Sprite_izq).
1692+ A72F
1693+ A72F 11 F8 93     	ld de,Posicion_inicio
1694+ A732 01 02 00     	ld bc,2
1695+ A735 ED B0        	ldir 															; (Posicion_inicio).
1696+ A737
1697+ A737 11 E4 93     	ld de,Attr
1698+ A73A 7E           	ld a,(hl)
1699+ A73B 12           	ld (de),a 														; Volcamos (Attr).
1700+ A73C
1701+ A73C C9           	ret
1702+ A73D
1703+ A73D              ; ----------------------------------------------------------------------------------------------------------
1704+ A73D              ;
1705+ A73D              ;	7/7/26
1706+ A73D              ;
1707+ A73D
1708+ A73D              Parametros_de_bandeja_DRAW_a_Caja_Master:
1709+ A73D
1710+ A73D 21 D9 93     	ld hl,Bandeja_DRAW
1711+ A740 01 0C 00     	ld bc,12
1712+ A743 ED B0        	ldir
1713+ A745
1714+ A745 C9           	ret
1715+ A746
1716+ A746              ;---------------------------------------------------------------------------------------------------------------
1717+ A746              ;
1718+ A746              ;	13/9/26
1719+ A746              ;
1720+ A746              ;	INICIALIZA (Numero_parcial_de_entidades).
1721+ A746              ;
1722+ A746              ;	Si el nº total de entidades del nivel, (Numero_de_entidades) > 6, (Numero_parcial_de_entidades)="6".
1723+ A746              ;	Si el nº total de entidades del nivel, (Numero_de_entidades) < 6, (Numero_parcial_de_entidades)=(Numero_de_entidades).
1724+ A746
1725+ A746              ;	OUTPUT: B contiene (Numero_parcial_de_entidades). Nº de cajas que vamos a preparar o rellenar.
1726+ A746              ;			- Actualiza (Numero_de_entidades).
1727+ A746
1728+ A746              ;	MODIFICA: A y B.
1729+ A746
1730+ A746              ;> Aumentaremos el nº de entidades en pantalla !!!!!!!!!!!!!!!!!!!!!!!!!!
1731+ A746              ;> !!!!!!!!!!!!!!!!!!!!!!!!!!!!!!!!!!!!!!!!!!!!!!!!!!!!!!!!!!!!!!!!!!!!!!
1732+ A746
1733+ A746              Inicializa_Numero_parcial_de_entidades
1734+ A746
1735+ A746 3A 1B 94     	ld a,(Numero_de_entidades)										; Nº TOTAL de las entidades del NIVEL.
1736+ A749 FE 04        	cp 4												 			; "5" es el nº total de cajas de entidades de las que disponemos.
1737+ A74B 38 0E        	jr c,1F
1738+ A74D 28 0C        	jr z,1F
1739+ A74F
1740+ A74F              ; El nº de entidades es superior al que cabe en las cajas DRAW.
1741+ A74F              ; Actualizamos variables.
1742+ A74F
1743+ A74F D6 04        	sub 4
1744+ A751 32 1B 94     	ld (Numero_de_entidades),a
1745+ A754
1746+ A754 3E 04        	ld a,4
1747+ A756 32 1C 94     	ld (Numero_parcial_de_entidades),a
1748+ A759
1749+ A759 47           	ld b,a
1750+ A75A
1751+ A75A C9           	ret
1752+ A75B
1753+ A75B              ; El nº total de entidades no supera el nº de cajas de entidades.
1754+ A75B              ; (Numero_de_entidades)="0".
1755+ A75B
1756+ A75B 32 1C 94     1 ld (Numero_parcial_de_entidades),a
1757+ A75E 47           	ld b,a
1758+ A75F
1759+ A75F AF           	xor a
1760+ A760 32 1B 94     	ld (Numero_de_entidades),a
1761+ A763
1762+ A763 C9           	ret
1763+ A764
1764+ A764              ;---------------------------------------------------------------------------------------------------------------
1765+ A764              ;
1766+ A764              ;	04/10/25
1767+ A764              ;
1768+ A764              ;	Convierte el valor hexadecimal de (Numero_de_entidades) a dos valores BCD que guardarán las variables:
1769+ A764              ;
1770+ A764              ;   Entidades_BCD_unidades
1771+ A764              ;	Entidades_BCD_decenas
1772+ A764              ;
1773+ A764              ;	Utilizaremos estas variables para construir el marcador de dos dígitos digital que muestra el nº de entidades del nivel.
1774+ A764
1775+ A764              M_entidades_a_BCD:
1776+ A764
1777+ A764 E5           	push hl
1778+ A765 C5           	push bc
1779+ A766
1780+ A766 21 93 94     	ld hl,Entidades_BCD_unidades
1781+ A769 06 09        	ld b,9
1782+ A76B 0E 00        	ld c,0
1783+ A76D
1784+ A76D B8           2 cp b
1785+ A76E
1786+ A76E 28 07        	jr z,1F
1787+ A770 38 05        	jr c,1F
1788+ A772
1789+ A772 D6 0A        	sub 10
1790+ A774
1791+ A774 0C           	inc c
1792+ A775
1793+ A775 18 F6        	jr 2B
1794+ A777
1795+ A777 77           1 ld (hl),a
1796+ A778 23           	inc hl
1797+ A779 71           	ld (hl),c
1798+ A77A
1799+ A77A              ;	Inicializa los punteros de dígitos.
1800+ A77A
1801+ A77A              ;	Unidades:
1802+ A77A
1803+ A77A 3A 93 94     	ld a,(Entidades_BCD_unidades)
1804+ A77D CD 95 A7     	call Situa_en_indice_de_digitos_grandes
1805+ A780 CD C2 9D     	call Extrae_address
1806+ A783 22 95 94     	ld (Puntero_unidades_grandes),hl
1807+ A786
1808+ A786              ;	Decenas:
1809+ A786
1810+ A786 3A 94 94     	ld a,(Entidades_BCD_decenas)
1811+ A789 CD 95 A7     	call Situa_en_indice_de_digitos_grandes
1812+ A78C CD C2 9D     	call Extrae_address
1813+ A78F 22 97 94     	ld (Puntero_decenas_grandes),hl
1814+ A792
1815+ A792 C1           	pop bc
1816+ A793 E1           	pop hl
1817+ A794
1818+ A794 C9           	ret
1819+ A795
1820+ A795              ; -----------------------------------------------
1821+ A795
1822+ A795              Situa_en_indice_de_digitos_grandes:
1823+ A795
1824+ A795 A7           	and a 												; Identifica si el dígito BCD es "0".
1825+ A796
1826+ A796 47           	ld b,a
1827+ A797
1828+ A797 21 90 8C     	ld hl,Index_big_numbers
1829+ A79A
1830+ A79A C8           	ret z
1831+ A79B
1832+ A79B 23           1 inc hl
1833+ A79C 23           	inc hl
1834+ A79D
1835+ A79D 10 FC        	djnz 1B
1836+ A79F
1837+ A79F C9           	ret
1838+ A7A0
1839+ A7A0              ;---------------------------------------------------------------------------------------------------------------
1840+ A7A0              ;
1841+ A7A0              ;	25/06/26
1842+ A7A0              ;
1843+ A7A0              ;	Convierte el valor hexadecimal de (Score_hex) a 5 valores BCD que guardarán las variables:
1844+ A7A0              ;
1845+ A7A0              ;	Score_BCD_unidades
1846+ A7A0              ;	Score_BCD_decenas
1847+ A7A0              ;	Score_BCD_centenas
1848+ A7A0              ;	Score_BCD_unidades_de_millar
1849+ A7A0              ;	Score_BCD_decenas_de_millar
1850+ A7A0              ;
1851+ A7A0              ;	10000d ..... $2710 ..... set (4) (Score_Ctrl)
1852+ A7A0              ;	 1000d ..... $03e8 .....  "  (3)
1853+ A7A0              ;	  100d ..... $0064 .....     (2)
1854+ A7A0              ;	   10d ..... $000a .....     (1)
1855+ A7A0              ;
1856+ A7A0              ;	Utilizaremos estas variables para construir el marcador de 5 dígitos digital que muestra nuestra puntuación.
1857+ A7A0              ;
1858+ A7A0
1859+ A7A0              Score_a_BCD:
1860+ A7A0
1861+ A7A0              ; En 1er lugar inicializamos la variable de Ctrl, (Score_hex) y todos los dígitos BCD del marcador SCORE.
1862+ A7A0
1863+ A7A0 AF           	xor a
1864+ A7A1
1865+ A7A1 32 9C 94     	ld (Score_BCD_unidades),a
1866+ A7A4 32 9D 94     	ld (Score_BCD_decenas),a
1867+ A7A7 32 9E 94     	ld (Score_BCD_centenas),a
1868+ A7AA 32 9F 94     	ld (Score_BCD_unidades_de_millar),a
1869+ A7AD 32 A0 94     	ld (Score_BCD_decenas_de_millar),a
1870+ A7B0
1871+ A7B0 2A 9A 94     	ld hl,(Score_hex)
1872+ A7B3 11 AB 94     	ld de,Score_Ctrl 								; DE apunta al byte de control de Score, (Score_Ctrl).
1873+ A7B6
1874+ A7B6 01 10 27     	ld bc,$2710 									; 10000d.
1875+ A7B9
1876+ A7B9              ;	Averigua cuantas decenas de millar contiene (Score_hex).
1877+ A7B9
1878+ A7B9 A7           	and a
1879+ A7BA ED 42        1 sbc hl,bc
1880+ A7BC
1881+ A7BC 38 0C        	jr c, No_decenas_de_millar
1882+ A7BE
1883+ A7BE E5           	push hl
1884+ A7BF
1885+ A7BF 21 A0 94     	ld hl, Score_BCD_decenas_de_millar
1886+ A7C2 34           	inc (hl)
1887+ A7C3
1888+ A7C3 E1           	pop hl
1889+ A7C4
1890+ A7C4              ; Activamos FLAG. Permiso para imprimir todos los dígitos BCD de Score.
1891+ A7C4
1892+ A7C4 EB           	ex de,hl
1893+ A7C5 CB E6        	set 4,(hl)
1894+ A7C7 EB           	ex de,hl
1895+ A7C8
1896+ A7C8 18 F0        	jr 1B
1897+ A7CA
1898+ A7CA              No_decenas_de_millar
1899+ A7CA
1900+ A7CA A7           	and a                                           ; Elimina la suma del Carry a ADC.
1901+ A7CB ED 4A        	adc hl,bc 										; Recupera valor de HL.
1902+ A7CD
1903+ A7CD 01 E8 03     	ld bc,$03e8 									; 1000d
1904+ A7D0
1905+ A7D0 A7           	and a
1906+ A7D1 ED 42        2 sbc hl,bc
1907+ A7D3
1908+ A7D3 38 0C        	jr c, No_unidades_de_millar
1909+ A7D5
1910+ A7D5 E5           	push hl
1911+ A7D6
1912+ A7D6 21 9F 94     	ld hl, Score_BCD_unidades_de_millar
1913+ A7D9 34           	inc (hl)
1914+ A7DA
1915+ A7DA E1           	pop hl
1916+ A7DB
1917+ A7DB              ; Activamos FLAG. Permiso para imprimir los 4 últimos dígitos BCD de Score.
1918+ A7DB
1919+ A7DB EB           	ex de,hl
1920+ A7DC CB DE        	set 3,(hl)
1921+ A7DE EB           	ex de,hl
1922+ A7DF
1923+ A7DF 18 F0        	jr 2B
1924+ A7E1
1925+ A7E1              No_unidades_de_millar
1926+ A7E1
1927+ A7E1 A7           	and a
1928+ A7E2 ED 4A        	adc hl,bc
1929+ A7E4
1930+ A7E4 01 64 00     	ld bc,$0064 									; 100d
1931+ A7E7
1932+ A7E7 A7           	and a
1933+ A7E8 ED 42        3 sbc hl,bc
1934+ A7EA
1935+ A7EA 38 0C        	jr c, No_centenas
1936+ A7EC
1937+ A7EC E5           	push hl
1938+ A7ED
1939+ A7ED 21 9E 94     	ld hl, Score_BCD_centenas
1940+ A7F0 34           	inc (hl)
1941+ A7F1
1942+ A7F1 E1           	pop hl
1943+ A7F2
1944+ A7F2              ; Activamos FLAG. Permiso para imprimir los 3 últimos dígitos BCD de Score.
1945+ A7F2
1946+ A7F2 EB           	ex de,hl
1947+ A7F3 CB D6        	set 2,(hl)
1948+ A7F5 EB           	ex de,hl
1949+ A7F6
1950+ A7F6 18 F0        	jr 3B
1951+ A7F8
1952+ A7F8              No_centenas
1953+ A7F8
1954+ A7F8 A7           	and a
1955+ A7F9 ED 4A        	adc hl,bc
1956+ A7FB
1957+ A7FB 01 0A 00     	ld bc,$000a										; 10d
1958+ A7FE
1959+ A7FE A7           	and a
1960+ A7FF ED 42        4 sbc hl,bc
1961+ A801
1962+ A801 38 0C        	jr c, No_decenas
1963+ A803
1964+ A803 E5           	push hl
1965+ A804
1966+ A804 21 9D 94     	ld hl, Score_BCD_decenas
1967+ A807 34           	inc (hl)
1968+ A808
1969+ A808 E1           	pop hl
1970+ A809
1971+ A809              ; Activamos FLAG. Permiso para imprimir los 2 últimos dígitos BCD de Score.
1972+ A809
1973+ A809 EB           	ex de,hl
1974+ A80A CB CE        	set 1,(hl)
1975+ A80C EB           	ex de,hl
1976+ A80D
1977+ A80D 18 F0        	jr 4B
1978+ A80F
1979+ A80F              No_decenas
1980+ A80F
1981+ A80F A7           	and a
1982+ A810 ED 4A        	adc hl,bc 										; Recupera valor de HL.
1983+ A812
1984+ A812 7D           	ld a,l
1985+ A813 32 9C 94     	ld (Score_BCD_unidades),a
1986+ A816
1987+ A816 EB           	ex de,hl
1988+ A817 CB C6        	set 0,(hl)
1989+ A819 EB           	ex de,hl
1990+ A81A
1991+ A81A C9           	ret
1992+ A81B
1993+ A81B              ; -------------------------------------------------------------------
1994+ A81B              ;
1995+ A81B              ;	25/06/26
1996+ A81B              ;
1997+ A81B
1998+ A81B              Actualiza_Punteros_Score:
1999+ A81B
2000+ A81B              ;	Exclusiones:
2001+ A81B
2002+ A81B 3A AB 94     	ld a,(Score_Ctrl)
2003+ A81E A7           	and a
2004+ A81F C8           	ret z 														; RET si no hay incremento en el marcador.
2005+ A820
2006+ A820 CD 4F A8     	call Init_Score_Pointers 									; Inicializa los Punteros_Score.
2007+ A823
2008+ A823 11 9C 94     	ld de,Score_BCD_unidades
2009+ A826 06 05        	ld b,5
2010+ A828
2011+ A828              ; ---------------------
2012+ A828
2013+ A828 1A           1 ld a,(de)
2014+ A829
2015+ A829 D9           	exx
2016+ A82A
2017+ A82A 21 E0 8E     	ld hl, Indice_de_digitos_score
2018+ A82D
2019+ A82D A7           	and a
2020+ A82E C4 39 A8     	call nz, Actualiza_puntero_score
2021+ A831
2022+ A831              ; ---------------------
2023+ A831
2024+ A831              Next_Pointer
2025+ A831
2026+ A831 D9           	exx
2027+ A832
2028+ A832 13           	inc de 														; Siguiente byte BCD de Score.
2029+ A833
2030+ A833 23           	inc hl
2031+ A834 23           	inc hl 														; Siguiente puntero.
2032+ A835
2033+ A835 10 F1        	djnz 1B
2034+ A837
2035+ A837 D9           	exx
2036+ A838
2037+ A838 C9           	ret
2038+ A839
2039+ A839              ; ---------------------
2040+ A839
2041+ A839              Actualiza_puntero_score
2042+ A839
2043+ A839 47           	ld b,a
2044+ A83A
2045+ A83A 23           1 inc hl
2046+ A83B 23           	inc hl
2047+ A83C
2048+ A83C 10 FC        	djnz 1B
2049+ A83E
2050+ A83E CD C2 9D     	call Extrae_address
2051+ A841
2052+ A841 E5           	push hl
2053+ A842 FD E1        	pop iy
2054+ A844
2055+ A844 D9           	exx
2056+ A845
2057+ A845 FD 7D        	ld a,iyl
2058+ A847 77           	ld (hl),a	                                            	; Actualiza la dirección hacia la que debe apuntar el puntero correspondiente.
2059+ A848
2060+ A848 23           	inc hl
2061+ A849
2062+ A849 FD 7C        	ld a,iyh
2063+ A84B 77           	ld (hl),a
2064+ A84C
2065+ A84C 2B           	dec hl
2066+ A84D
2067+ A84D D9           	exx
2068+ A84E
2069+ A84E C9           	ret
2070+ A84F
2071+ A84F              ; ----------------------------------------------------
2072+ A84F              ;
2073+ A84F              ;	25/06/26
2074+ A84F              ;
2075+ A84F              ;	Inicializa los cinco (Punteros_Score) con "Cero_Score", ($3d80).
2076+ A84F              ;
2077+ A84F              ;	MODIFY: A, HL
2078+ A84F              ;
2079+ A84F              ;	OUTPUT: (A)="0".
2080+ A84F              ;			HL = Puntero_de_unidades_Score
2081+ A84F
2082+ A84F              Init_Score_Pointers:
2083+ A84F
2084+ A84F 21 80 3D     	ld hl,Cero_Score
2085+ A852 ED 73 22 94  	ld (Stack),sp
2086+ A856 31 AB 94     	ld sp,Score_Ctrl
2087+ A859
2088+ A859 E5           	push hl
2089+ A85A E5           	push hl
2090+ A85B E5           	push hl
2091+ A85C E5           	push hl
2092+ A85D E5           	push hl
2093+ A85E
2094+ A85E AF           	xor a
2095+ A85F 6F           	ld l,a
2096+ A860 65           	ld h,l
2097+ A861
2098+ A861 39           	add hl,sp
2099+ A862
2100+ A862 ED 7B 22 94  	ld sp,(Stack)
2101+ A866
2102+ A866 C9           	ret
2103+ A867
2104+ A867
2105+ A867
2106+ A867
# file closed: Rutinas_de_inicio_y_niveles.asm
3119  A867              	include "Transiciones_y_efectos.asm"
# file opened: Transiciones_y_efectos.asm
   1+ A867              ; ----------------------------------------------------------
   2+ A867              ;
   3+ A867              ;   16/9/26
   4+ A867              ;
   5+ A867              ;   Limpia la pantalla fijando el negro y pinta el logo de Amadeus.
   6+ A867              ;
   7+ A867              ;	MODIFY: AF,BC,DE y HL.
   8+ A867
   9+ A867              Clean_and_logo:
  10+ A867
  11+ A867 AF               xor a
  12+ A868 D3 FE            out ($fe),a                                             ; BORDER NEGRO.
  13+ A86A
  14+ A86A              ;   El formato: FBPPPIII (Flash, Brillo, Papel, Tinta).
  15+ A86A              ;
  16+ A86A              ;   COLORES: 0 ..... NEGRO
  17+ A86A              ;            1 ..... AZUL
  18+ A86A              ;            2 ..... ROJO
  19+ A86A              ;            3 ..... MAGENTA
  20+ A86A              ;            4 ..... VERDE
  21+ A86A              ;            5 ..... CIAN
  22+ A86A              ;            6 ..... AMARILLO
  23+ A86A              ;            7 ..... BLANCO
  24+ A86A
  25+ A86A 3E 45            ld a,%01000101                                          ; Fondo NEGRO, tinta Cyan + bright.
  26+ A86C CD DF 9D         call Cls
  27+ A86F
  28+ A86F              ;   Imprime en pantalla el logo principal.
  29+ A86F
  30+ A86F CD 47 A9         call Imprime_Logo_principal
  31+ A872
  32+ A872 C9               ret
  33+ A873
  34+ A873              ; -----------------------------------------------------------------------
  35+ A873
  36+ A873              Enable_Print_DONE:
  37+ A873
  38+ A873 3A 10 94     	ld a,(Ctrl_1)
  39+ A876 CB C7        	set 0,a
  40+ A878 32 10 94     	ld (Ctrl_1),a
  41+ A87B
  42+ A87B C9           	ret
  43+ A87C
  44+ A87C              ; ------------------------------------------------------------------------
  45+ A87C              ;
  46+ A87C              ;	30/4/26
  47+ A87C              ;
  48+ A87C              ;	Pantalla de nueva "Max. puntuación", si la puntuación máxima ha sido superada nos pedirá nombre, en caso_
  49+ A87C              ;	_contrario volvemos al menú principal como un pardillo.
  50+ A87C
  51+ A87C              Enter_name_screen:
  52+ A87C
  53+ A87C F3           	di
  54+ A87D
  55+ A87D              ;	En primer lugar comparamos la máxima puntuación almacenada con la puntuación actual.
  56+ A87D
  57+ A87D 2A AD 94     	ld hl, (Score_hex_max)
  58+ A880 ED 5B 9A 94  	ld de, (Score_hex)
  59+ A884
  60+ A884 A7           	and a
  61+ A885 ED 52        	sbc hl,de
  62+ A887
  63+ A887 DC 94 A8     	call c, New_max_score
  64+ A88A
  65+ A88A              ;	Inicializamos nueva partida:
  66+ A88A
  67+ A88A              Init_New_Game:
  68+ A88A
  69+ A88A CD 9D A2     	call Clean_boxes_and_albums
  70+ A88D CD 0B A2     	call Inicializa_Variables_DRAW
  71+ A890 CD FE A1     	call Clean_and_initcialize_Draw1
  72+ A893
  73+ A893 C9           	ret
  74+ A894
  75+ A894              New_max_score:
  76+ A894
  77+ A894 EB           	ex de,hl
  78+ A895
  79+ A895 22 AD 94     	ld (Score_hex_max),hl 						; we´ve a new max.score.
  80+ A898
  81+ A898 CD 67 A8     	call Clean_and_logo
  82+ A89B CD 02 C2     	call New_best_msg
  83+ A89E
  84+ A89E              ; 	Reutilizamos variables para evitar la repetición de teclas.
  85+ A89E              ;
  86+ A89E              ;	Coordenada_X
  87+ A89E              ;	Coordenada_y
  88+ A89E
  89+ A89E 21 E9 93     	ld hl,Coordenada_X
  90+ A8A1 77           	ld (hl),a
  91+ A8A2 23           	inc hl
  92+ A8A3 36 08        	ld (hl),8
  93+ A8A5
  94+ A8A5 21 AC 94     	ld hl,Ctrl_7
  95+ A8A8 CB 86        	res 0,(hl) 									; Restoring the bit is necessary to avoid being returned by the routine [Carrusell].
  96+ A8AA
  97+ A8AA 21 4F 94     	ld hl,Ctrl_6
  98+ A8AD CB DE        	set 3,(hl) 									; Activamos este bit para asegurarnos de SALIR de la rutina de interrupciones en cuanto entremos.
  99+ A8AF
 100+ A8AF CD CD 9F     	call Clean_champions_name
 101+ A8B2
 102+ A8B2 E5           	push hl
 103+ A8B3 CD C0 A8     	call Carrusell
 104+ A8B6 E1           	pop hl
 105+ A8B7
 106+ A8B7 CB 9E        	res 3,(hl)
 107+ A8B9
 108+ A8B9 01 FF FF     	ld bc,$ffff
 109+ A8BC CD EA 9A     	call DELAY
 110+ A8BF
 111+ A8BF C9           	ret
 112+ A8C0
 113+ A8C0              ; ------------------------------------------------------------------------
 114+ A8C0              ;
 115+ A8C0              ;	19/6/26
 116+ A8C0              ;
 117+ A8C0              ;	Imprime la pantalla de felicitaciones con la puntuación máxima. Recoge e imprime el nombre del nuevo champion.
 118+ A8C0
 119+ A8C0              Carrusell:
 120+ A8C0
 121+ A8C0              ;	El formato: FBPPPIII (Flash, Brillo, Papel, Tinta).
 122+ A8C0              ;
 123+ A8C0              ;	COLORES: 0 ..... NEGRO
 124+ A8C0              ;    		 1 ..... AZUL
 125+ A8C0              ; 			 2 ..... ROJO
 126+ A8C0              ;			 3 ..... MAGENTA
 127+ A8C0              ; 			 4 ..... VERDE
 128+ A8C0              ; 			 5 ..... CIAN
 129+ A8C0              ;			 6 ..... AMARILLO
 130+ A8C0              ; 			 7 ..... BLANCO
 131+ A8C0              ;
 132+ A8C0              ;			$4049 - $4057
 133+ A8C0
 134+ A8C0
 135+ A8C0 0E 41        	ld c,$41 								; attrs. Arrancamos con: - BRIGHT, PAPER BLACK, INK BLUE -.
 136+ A8C2 21 29 58     3 ld hl,$5829                             	; Dirección inicial de atributos de pantalla, (esquina superior izquierda de la nave).
 137+ A8C5 06 0F        	ld b,$0f								; N° de columnas que tiene el logo.
 138+ A8C7
 139+ A8C7 FB           2 ei
 140+ A8C8 76           	halt
 141+ A8C9
 142+ A8C9 F3           	di
 143+ A8CA
 144+ A8CA CD E0 A8     	call Colorea_columna_logo
 145+ A8CD
 146+ A8CD 2C           	inc l 									; Sitúa en siguiente columna.
 147+ A8CE
 148+ A8CE              ;	Temporización:
 149+ A8CE
 150+ A8CE              ;	Tiempo que tardamos en modificar los attrs. de la siguiente columna.
 151+ A8CE
 152+ A8CE CD 2B 9F     	call Enter_name
 153+ A8D1
 154+ A8D1 3A AC 94     	ld a,(Ctrl_7)
 155+ A8D4 CB 47        	bit 0,a
 156+ A8D6 C0           	ret nz
 157+ A8D7
 158+ A8D7 10 EE        	djnz 2B 								; Siguiente columna.
 159+ A8D9
 160+ A8D9              ;	Todo el logo pintado con los attrs., (c).
 161+ A8D9
 162+ A8D9 0C           	inc c 									; New color.
 163+ A8DA
 164+ A8DA CB 59        	bit 3,c 								; Ya hemos pintado de blanco ???, si es así repetimos la secuencia.
 165+ A8DC 28 E4        	jr z,3B
 166+ A8DE
 167+ A8DE 18 E0        	jr Carrusell
 168+ A8E0
 169+ A8E0              ; ------------------------------------------------------------------------
 170+ A8E0              ;
 171+ A8E0              ;	19/6/26
 172+ A8E0              ;
 173+ A8E0              ;	Colorea una de las 15 columnas que tiene el logo "Amadeus".
 174+ A8E0
 175+ A8E0              Colorea_columna_logo:
 176+ A8E0
 177+ A8E0 E5           	push hl
 178+ A8E1 C5           	push bc
 179+ A8E2
 180+ A8E2 06 03        	ld b,3 									; 3 Files.
 181+ A8E4
 182+ A8E4 7D           1 ld a,l
 183+ A8E5 C6 20        	add 32
 184+ A8E7 6F           	ld l,a 									; Situamos HL en la siguiente fila, (dirección de atributos de pantalla).
 185+ A8E8
 186+ A8E8 71           	ld (hl),c
 187+ A8E9 10 F9        	djnz 1B
 188+ A8EB
 189+ A8EB C1           	pop bc
 190+ A8EC E1           	pop hl
 191+ A8ED
 192+ A8ED C9           	ret
 193+ A8EE
 194+ A8EE              ; ------------------------------------------------------------------------
 195+ A8EE              ;
 196+ A8EE              ;	30/11/25
 197+ A8EE              ;
 198+ A8EE              ;	Repone attrs. de las dos últimas líneas de pantalla.
 199+ A8EE
 200+ A8EE              Replace_Amadeus_attr_zone:
 201+ A8EE
 202+ A8EE 3E 45        	ld a,%01000101 											; ($45). Bright, Black paper, Cyan ink.
 203+ A8F0 06 40        	ld b,64
 204+ A8F2 21 C0 5A     	ld hl,$5ac0
 205+ A8F5
 206+ A8F5 77           1 ld (hl),a
 207+ A8F6 2C           	inc l
 208+ A8F7 10 FC        	djnz 1B
 209+ A8F9
 210+ A8F9 C9           	ret
 211+ A8FA
 212+ A8FA              ; ------------------------------------------------------------------------
 213+ A8FA              ;
 214+ A8FA              ;	30/11/25
 215+ A8FA              ;
 216+ A8FA              ;	Genera estrellas en pantalla.
 217+ A8FA
 218+ A8FA              make_stars:
 219+ A8FA
 220+ A8FA              ;	Genera 7 nº aleatorios.
 221+ A8FA
 222+ A8FA 01 05 07     	ld bc,$0705										 		; Generamos 7 nº aleatorios.
 223+ A8FD
 224+ A8FD C5           3 push bc
 225+ A8FE
 226+ A8FE 21 00 90     	ld hl,Numeros_aleatorios 								; Dirección de mem. donde almacenamos los nº RND.
 227+ A901 CD AC A1     	call Derivando_RND 										; Rutina de generación de nº aleatorios.
 228+ A904
 229+ A904              ;	Datos iniciales.
 230+ A904
 231+ A904 06 06        2 ld b,6 													; nº de estrellas.
 232+ A906 21 00 90     	ld hl,Numeros_aleatorios
 233+ A909 11 80 40     	ld de,$4080												; A partir de esta dirección se pueden generar estrellas.
 234+ A90C
 235+ A90C C5           1 push bc
 236+ A90D E5           	push hl
 237+ A90E
 238+ A90E              ;	Extraemos nº de 16 bits, ($0000 - $1fff).
 239+ A90E
 240+ A90E 4E           	ld c,(hl)
 241+ A90F 2C           	inc l
 242+ A910 7E           	ld a,(hl)
 243+ A911 E6 1F        	and $1f
 244+ A913 47           	ld b,a
 245+ A914
 246+ A914              ;	Construimos dirección aleatoria de pantalla:
 247+ A914
 248+ A914 69           	ld l,c
 249+ A915 60           	ld h,b
 250+ A916
 251+ A916 ED 5A        	adc hl,de 												; Dirección aleatoria de pantalla en HL.
 252+ A918
 253+ A918              ;	Está dentro de los límites??
 254+ A918
 255+ A918 3E 57        	ld a,$57
 256+ A91A 94           	sub h
 257+ A91B 30 0D        	jr nc,4F
 258+ A91D
 259+ A91D              ;	La dirección de pantalla supera los límites.
 260+ A91D
 261+ A91D 62           	ld h,d
 262+ A91E
 263+ A91E F5           	push af
 264+ A91F
 265+ A91F 7D           	ld a,l
 266+ A920 BB           	cp e
 267+ A921 30 02        	jr nc,5F
 268+ A923
 269+ A923 26 48        	ld h,$48
 270+ A925
 271+ A925 F1           5 pop af
 272+ A926
 273+ A926 24           6 inc h
 274+ A927 3C           	inc a
 275+ A928 20 FC        	jr nz,6B
 276+ A92A
 277+ A92A              ;		Las estrellas se pintarán a partir de la 4ª fila del 1er tercio de pantalla, ($4080).
 278+ A92A              ;		$4080 + $177f = $57ff
 279+ A92A
 280+ A92A 3E 10        4 ld a,$10
 281+ A92C 77           	ld (hl),a
 282+ A92D
 283+ A92D E1           	pop hl
 284+ A92E 2C           	inc l
 285+ A92F C1           	pop bc
 286+ A930 10 DA        	djnz 1B
 287+ A932
 288+ A932 C1           	pop bc
 289+ A933 0D           	dec c
 290+ A934 C8           	ret z
 291+ A935
 292+ A935 18 C6        	jr 3B
 293+ A937
 294+ A937              ; ------------------------------------------------------------------------
 295+ A937              ;
 296+ A937              ;	27/11/25
 297+ A937              ;
 298+ A937              ;	Imprime en pantalla la Luna lunera.
 299+ A937
 300+ A937              Print_Moon:
 301+ A937
 302+ A937 21 1A 40     	ld hl,$401a
 303+ A93A 11 F4 8E     	ld de,$8ef4
 304+ A93D 3E 47        	ld a,%01000111
 305+ A93F 06 06        	ld b,6
 306+ A941 0E 05        	ld c,5
 307+ A943
 308+ A943 CD 3E 9E     	call Pinta_imagen
 309+ A946
 310+ A946 C9           	ret
 311+ A947
 312+ A947              ; ------------------------------------------------------------------------
 313+ A947              ;
 314+ A947              ;	16/09/26
 315+ A947              ;
 316+ A947              ;	Imprime en pantalla la imagen del logo principal.
 317+ A947              ;
 318+ A947              ;	Nota: El logo principal está compuesto por varios fragmentos.
 319+ A947              ;
 320+ A947              ;	MODIFY: BC, DE y HL.
 321+ A947
 322+ A947
 323+ A947              Imprime_Logo_principal:
 324+ A947
 325+ A947              ;	Datos de entrada.
 326+ A947
 327+ A947 21 49 40     	ld hl,Direccion_Logo_principal 									; $4049,$404a,$404b ..... $5849,$584a,$584b
 328+ A94A              ;																	; $4069,$406a,$406b
 329+ A94A              ; 																	; $4089,$408a,$408b
 330+ A94A
 331+ A94A 11 00 84     	ld de,Logo_nave													; (3x24)
 332+ A94D 3E 45        	ld a,%01000101													; Attr. en A. --- Bright, black paper, ink cyan.
 333+ A94F 01 03 03     	ld bc,$0303 													; Nº de Columnas en B y nº de Filas en C.
 334+ A952
 335+ A952 E5           	push hl
 336+ A953 CD 3E 9E     	call Pinta_imagen												; Pinta la nave.
 337+ A956 E1           	pop hl
 338+ A957
 339+ A957              ;	Calculamos la dirección de pantalla de la siguiente imagen que forma el logo. ""ma"".
 340+ A957
 341+ A957 CD 0B 9E     	call Down_File 													; Coloca HL en la siguiente Fila.
 342+ A95A
 343+ A95A 2C           	inc l															; Sitúa en la columna correspondiente.
 344+ A95B 2C           	inc l
 345+ A95C 2C           	inc l
 346+ A95D
 347+ A95D              ;	Datos.
 348+ A95D
 349+ A95D 11 48 84     	ld de,Logo_ma													; (3x16)
 350+ A960
 351+ A960              ;																	; $406c, $406d, $406e ..... $586c
 352+ A960              ;																	; $408c, $408d, $408e
 353+ A960
 354+ A960 3E 45        	ld a,%01000101													; Attr. en A. --- Bright, black paper, ink cyan.
 355+ A962 01 02 03     	ld bc,$0302 													; Nº de Columnas en B y nº de Filas en C.
 356+ A965
 357+ A965 E5           	push hl
 358+ A966 CD 3E 9E     	call Pinta_imagen												; Pinta "ma".
 359+ A969 E1           	pop hl
 360+ A96A
 361+ A96A              ;	Calculamos la dirección de pantalla de la siguiente imagen que forma el logo. ""ad"".
 362+ A96A
 363+ A96A CD 2C 9E     	call Up_File 													; Coloca HL en la anterior Fila.
 364+ A96D
 365+ A96D 2C           	inc l
 366+ A96E 2C           	inc l
 367+ A96F 2C           	inc l 															; Sitúa en la columna correspondiente.
 368+ A970
 369+ A970              ;	Datos.
 370+ A970
 371+ A970              ;								 									; $404f,$4050,$4051 ..... $584f,$5850,$5851
 372+ A970              ;																	; $406f,$4070,$4071
 373+ A970              ; 																	; $408f,$4090,$4091
 374+ A970
 375+ A970 11 78 84     	ld de,logo_ad													; (3x24)
 376+ A973
 377+ A973 3E 45        	ld a,%01000101													; Attr. en A. --- Bright, black paper, ink cyan.
 378+ A975 01 03 03     	ld bc,$0303 													; Nº de Columnas en B y nº de Filas en C.
 379+ A978
 380+ A978 E5           	push hl
 381+ A979 CD 3E 9E     	call Pinta_imagen												; Pinta "ad".
 382+ A97C E1           	pop hl
 383+ A97D
 384+ A97D              ;	Calculamos la dirección de pantalla de la siguiente imagen que forma el logo. ""eu"".
 385+ A97D
 386+ A97D CD 0B 9E     	call Down_File 													; Coloca HL en la siguiente Fila.
 387+ A980
 388+ A980 2C           	inc l															; Sitúa en la columna correspondiente.
 389+ A981 2C           	inc l
 390+ A982 2C           	inc l
 391+ A983
 392+ A983              ;	Datos.
 393+ A983
 394+ A983              ;																	; $4072, $4073, $4074 ..... $5872, ...
 395+ A983              ;																	; $4092, $4093, $4094
 396+ A983
 397+ A983 11 C0 84     	ld de,logo_eu													; (3x16)
 398+ A986
 399+ A986 3E 45        	ld a,%01000101													; Attr. en A.
 400+ A988 01 02 03     	ld bc,$0302 													; Nº de Columnas en B y nº de Filas en C.
 401+ A98B
 402+ A98B E5           	push hl
 403+ A98C CD 3E 9E     	call Pinta_imagen												; Pinta "eu".
 404+ A98F E1           	pop hl
 405+ A990
 406+ A990              ;	Calculamos la dirección de pantalla de la siguiente imagen que forma el logo. ""us"".
 407+ A990
 408+ A990 2C           	inc l															; Sitúa en la columna correspondiente.
 409+ A991 2C           	inc l
 410+ A992 2C           	inc l
 411+ A993
 412+ A993              ;	Datos.
 413+ A993
 414+ A993              ;																	; $4075, $4076, $4077 ..... $5875, ...
 415+ A993              ;																	; $4095, $4096, $4097
 416+ A993
 417+ A993 11 00 85     	ld de,logo_us													; (3x16)
 418+ A996
 419+ A996 3E 45        	ld a,%01000101													; Attr. en A.
 420+ A998 01 02 03     	ld bc,$0302                                                     ; Nº de Columnas en B y nº de Filas en C.
 421+ A99B
 422+ A99B E5           	push hl
 423+ A99C CD 3E 9E     	call Pinta_imagen												; Pinta "us".
 424+ A99F E1           	pop hl
 425+ A9A0
 426+ A9A0 C9           	ret
 427+ A9A1
 428+ A9A1              ; ------------------------------------------------------------------------
 429+ A9A1              ;
 430+ A9A1              ;	24/10/25
 431+ A9A1              ;
 432+ A9A1              ;	Nivel superado.
 433+ A9A1              ;
 434+ A9A1              ;	Descripción de la animación:
 435+ A9A1              ;
 436+ A9A1              ;	Amadeus va desapareciendo scan a scan por la parte baja de la pantalla.
 437+ A9A1
 438+ A9A1              ; 	Nota: Cuando se inicia el proceso de desaparición de Amadeus, se imprimirá nuestra nave en pantalla en cada FRAME, (aunque no haya movimiento).
 439+ A9A1              ;	Bit 5 (Ctrl_3) a "1".
 440+ A9A1
 441+ A9A1              ;	INPUTS: IX contiene (Puntero_de_impresion).
 442+ A9A1              ; 			DE contiene (Puntero_objeto).
 443+ A9A1              ;			HL contiene (Album_de_pintado_Amadeus).
 444+ A9A1
 445+ A9A1              ;	Se ha iniciado el proceso de Transición de salida de Amadeus ???.
 446+ A9A1
 447+ A9A1
 448+ A9A1              Transicion_de_salida:
 449+ A9A1
 450+ A9A1              ;	Temporizador
 451+ A9A1
 452+ A9A1 01 01 01     	ld bc,$0101
 453+ A9A4
 454+ A9A4 3A EF 93     	ld a,(CTRL_DESPLZ)
 455+ A9A7 A7           	and a
 456+ A9A8 28 11        	jr z,Inicia_transicion_de_salida
 457+ A9AA
 458+ A9AA              ;	Proceso de transición de salida iniciado.
 459+ A9AA
 460+ A9AA FE 10        	cp $10
 461+ A9AC 20 0B        	jr nz,2F
 462+ A9AE
 463+ A9AE              ;	Hay que borrar el último Scan de Amadeus.
 464+ A9AE
 465+ A9AE 21 4D 94     	ld hl,Ctrl_4
 466+ A9B1 CB EE        	set 5,(hl)														;	Indica FIN de la transición.
 467+ A9B3
 468+ A9B3 3D           	dec a
 469+ A9B4
 470+ A9B4 21 F0 82     	ld hl,Sprite_vacio
 471+ A9B7
 472+ A9B7 E5           	push hl
 473+ A9B8 D1           	pop de
 474+ A9B9
 475+ A9B9 47           2 ld b,a
 476+ A9BA 48           	ld c,b
 477+ A9BB
 478+ A9BB              Inicia_transicion_de_salida
 479+ A9BB
 480+ A9BB DD E5        	push ix
 481+ A9BD E1           	pop hl 															;	(Puntero_de_impresion) en HL.
 482+ A9BE
 483+ A9BE CD F4 9D     1 call NextScan
 484+ A9C1 10 FB        	djnz 1B															;	Inc. scan.
 485+ A9C3
 486+ A9C3 0C           	inc c
 487+ A9C4 79           	ld a,c
 488+ A9C5
 489+ A9C5 32 EF 93     	ld (CTRL_DESPLZ),a												;	Inc. contador. (Incrementos de scanlines).
 490+ A9C8
 491+ A9C8 E5           	push hl
 492+ A9C9 DD E1        	pop ix															;	Nuevo (Puntero_de_impresion) en IX para generar datos de impresión.
 493+ A9CB
 494+ A9CB C9           	ret
 495+ A9CC
 496+ A9CC              ; ------------------------------------------------------------------------
 497+ A9CC              ;
 498+ A9CC              ;	29/4/26
 499+ A9CC              ;
 500+ A9CC              ;	Activa FLAG (GAME OVER), "reutilizamos" el .defw (Entidad_sospechosa_de_colision) como contador de 16 bits.
 501+ A9CC              ;	Lo utilizaremos como temporizador. Determina el tiempo que aparece el msg. "GAME OVER" en pantalla.
 502+ A9CC
 503+ A9CC              game_over:
 504+ A9CC
 505+ A9CC 21 4E 94     	ld hl,Ctrl_5
 506+ A9CF CB F6        	set 6,(hl)
 507+ A9D1
 508+ A9D1 21 50 01     	ld hl,$0150
 509+ A9D4 22 55 94     	ld (Entidad_sospechosa_de_colision),hl
 510+ A9D7
 511+ A9D7 C9           	ret
 512+ A9D8
 513+ A9D8              ; ------------------------------------------------------------------------
 514+ A9D8
 515+ A9D8              Dispara_salida_de_amadeus:
 516+ A9D8
 517+ A9D8
 518+ A9D8              ;	DONE msg, (Print & clear message).
 519+ A9D8
 520+ A9D8 3A E5 93     	ld a,(Ctrl_2)
 521+ A9DB CB 77        	bit 6,a
 522+ A9DD C0           	ret nz															;	RET si ya se ha disparado la salida de Amadeus.
 523+ A9DE
 524+ A9DE 3A 75 94     	ld a,(Shield)
 525+ A9E1 A7           	and a
 526+ A9E2 C0           	ret nz
 527+ A9E3
 528+ A9E3 3E 46        	ld a,70 														; 	Tiempo que queremos que tarde el mensaje DONE en aparecer.
 529+ A9E5
 530+ A9E5 21 87 94     	ld hl,Temp_Amadeus_exit
 531+ A9E8 35           	dec (hl) 														;	Inicialmente 60d
 532+ A9E9
 533+ A9E9 BE           	cp (hl)
 534+ A9EA
 535+ A9EA E5           	push hl
 536+ A9EB CC 73 A8     	call z,Enable_Print_DONE
 537+ A9EE E1           	pop hl
 538+ A9EF
 539+ A9EF 34           	inc (hl)
 540+ A9F0 35           	dec (hl)
 541+ A9F1
 542+ A9F1 C0           	ret nz
 543+ A9F2
 544+ A9F2 21 E5 93     	ld hl,Ctrl_2
 545+ A9F5 CB F6        	set 6,(hl)														;	Bit 6 de Ctrl_2 indica que hemos iniciado la "Transición: nivel superado".
 546+ A9F7
 547+ A9F7 C9           	ret
 548+ A9F8
 549+ A9F8              ; ------------------------------------------------------------------------
 550+ A9F8              ;
 551+ A9F8              ;	28/06/25
 552+ A9F8              ;
 553+ A9F8              ;	Descripción de la animación:
 554+ A9F8              ;
 555+ A9F8              ;	Un rayo que arranca desde el lado izquierdo de la pantalla va dibujando nuestra nave, scan a scan.
 556+ A9F8              ;	El rayo desaparece por la parte derecha de la pantalla.
 557+ A9F8
 558+ A9F8              Transicion_de_entrada:
 559+ A9F8
 560+ A9F8 2A D0 90     	ld hl,(p.imp.amadeus)
 561+ A9FB 2C           	inc l
 562+ A9FC 2C           	inc l
 563+ A9FD
 564+ A9FD 55           	ld d,l															;	(p.imp.amadeus) + 2 en D.
 565+ A9FE
 566+ A9FE 2D           	dec l
 567+ A9FF 2D           	dec l
 568+ AA00
 569+ AA00 1E 02        	ld e,2
 570+ AA02
 571+ AA02              ; 	Nos situamos en la primera columna del 1er scan de Amadeus.
 572+ AA02
 573+ AA02 7D           3 ld a,l
 574+ AA03 E6 F0        	and $f0
 575+ AA05 6F           	ld l,a
 576+ AA06
 577+ AA06              ;	Indicamos "Rayo de entrada".
 578+ AA06
 579+ AA06 3A 4E 94     	ld a,(Ctrl_5)
 580+ AA09 CB FF        	set 7,a
 581+ AA0B 32 4E 94     	ld (Ctrl_5),a
 582+ AA0E
 583+ AA0E              ; 	Pintamos el rayo.
 584+ AA0E
 585+ AA0E CD 82 AA     	call Construye_rayo
 586+ AA11
 587+ AA11 2D           2 dec l
 588+ AA12 2D           	dec l
 589+ AA13
 590+ AA13 55           	ld d,l
 591+ AA14
 592+ AA14 1D           	dec e
 593+ AA15
 594+ AA15 20 EB        	jr nz,3B 														;	Borramos el rayo de inicio.
 595+ AA17
 596+ AA17              ; 	Hemos pintado y borrado el Rayo inicial.
 597+ AA17
 598+ AA17              ;	Cargamos en (Sound) el siguiente efecto a ejecutar:
 599+ AA17
 600+ AA17 2C           	inc l
 601+ AA18 2C           	inc l
 602+ AA19
 603+ AA19              ; 	Borra la pequeña cortina que irá bajando pintando Amadeus.
 604+ AA19
 605+ AA19 CD 76 AA     	call Borra_pinta_scan
 606+ AA1C
 607+ AA1C              ; 	HL e IX contienen (p.imp.amadeus).
 608+ AA1C              ; 	IY contiene (Puntero_objeto) de Amadeus.
 609+ AA1C
 610+ AA1C              ; 	Animación de pintado de Amadeus. ---------------------------------------------
 611+ AA1C              ;
 612+ AA1C              ; 	Comenzamos en el 1er Scan de Amadeus, (No hay cortina, la acabamos de borrar).
 613+ AA1C              ;
 614+ AA1C              ; 	Secuencia:
 615+ AA1C              ;
 616+ AA1C              ; 	1. Pinta scan de Amadeus.
 617+ AA1C              ; 	2. Sitúa en el siguiente Scan.
 618+ AA1C              ; 	3. Pinta cortina.
 619+ AA1C              ; 	4. DELAY.
 620+ AA1C              ; 	5. Borra cortina.
 621+ AA1C
 622+ AA1C FD E5        	push iy
 623+ AA1E D1           	pop de
 624+ AA1F
 625+ AA1F 06 10        	ld b,16
 626+ AA21
 627+ AA21 C5           4 push bc
 628+ AA22
 629+ AA22 E5           	push hl
 630+ AA23
 631+ AA23 06 02        	ld b,2
 632+ AA25
 633+ AA25 1A           5 ld a,(de)
 634+ AA26 77           	ld (hl),a
 635+ AA27 2C           	inc l
 636+ AA28 1C           	inc e
 637+ AA29 10 FA        	djnz 5B
 638+ AA2B
 639+ AA2B 1C           	inc e
 640+ AA2C
 641+ AA2C E1           	pop hl
 642+ AA2D
 643+ AA2D CD F4 9D     	call NextScan
 644+ AA30
 645+ AA30
 646+ AA30 C1           	pop bc
 647+ AA31
 648+ AA31 3E 58        	ld a,$58
 649+ AA33 BC           	cp h
 650+ AA34 28 13        	jr z,6F
 651+ AA36
 652+ AA36 C5           	push bc
 653+ AA37
 654+ AA37              ; 	Pinta scan.
 655+ AA37
 656+ AA37 CD 76 AA     	call Borra_pinta_scan
 657+ AA3A
 658+ AA3A              ; Efecto Soldadura
 659+ AA3A
 660+ AA3A E5           	push hl
 661+ AA3B
 662+ AA3B 06 01        	ld b,1
 663+ AA3D 0E D0        	ld c,Construction_Amadeus_effect ; B="1" efecto ruido. / C contiene el nº de ondas del sonido a ejecutar.
 664+ AA3F
 665+ AA3F CD D9 9E     	call Sound_Generator
 666+ AA42
 667+ AA42 E1           	pop hl
 668+ AA43
 669+ AA43 CD 76 AA     	call Borra_pinta_scan
 670+ AA46
 671+ AA46 C1           	pop bc
 672+ AA47
 673+ AA47 10 D8        	djnz 4B
 674+ AA49
 675+ AA49              ; -----------------------------------------------------------
 676+ AA49
 677+ AA49              ; 	Rayo de salida por la parte derecha de la pantalla.
 678+ AA49
 679+ AA49              ; 	Situamos HL en la VRAM donde vamos a iniciar el rayo.
 680+ AA49
 681+ AA49              ;	Indicamos "Rayo de salida".
 682+ AA49
 683+ AA49 E5           6 push hl
 684+ AA4A
 685+ AA4A E1           	pop hl
 686+ AA4B
 687+ AA4B 3A 4E 94     	ld a,(Ctrl_5)
 688+ AA4E CB BF        	res 7,a
 689+ AA50 32 4E 94     	ld (Ctrl_5),a
 690+ AA53
 691+ AA53 CD 15 9E     	call PreviousScan
 692+ AA56 CD 15 9E     	call PreviousScan
 693+ AA59
 694+ AA59 2C           	inc l
 695+ AA5A 2C           	inc l
 696+ AA5B
 697+ AA5B E5           	push hl
 698+ AA5C
 699+ AA5C 16 00        	ld d,0
 700+ AA5E 7D           	ld a,l
 701+ AA5F
 702+ AA5F CD 82 AA     	call Construye_rayo
 703+ AA62
 704+ AA62 E1           	pop hl
 705+ AA63 7D           	ld a,l
 706+ AA64
 707+ AA64 CD 82 AA     	call Construye_rayo
 708+ AA67
 709+ AA67              ; 	Borra Amadeus para enlazar con el pintado del Nivel.
 710+ AA67
 711+ AA67              ;	Preparamos datos de entrada para hacer llamada a [Pinta_Sprites].
 712+ AA67              ;
 713+ AA67              ;	DE contiene Scanlines_album.
 714+ AA67              ;	HL contiene (Puntero_objeto).
 715+ AA67
 716+ AA67 11 34 82     	ld de,Amadeus_scanlines_album
 717+ AA6A
 718+ AA6A FD E5        	push iy
 719+ AA6C E1           	pop hl 															; (Puntero_objeto) en HL.
 720+ AA6D
 721+ AA6D 0E 45        	ld c,%01000101 													; (Attr).
 722+ AA6F
 723+ AA6F 3A FB 93     	ld a,(Columnas)
 724+ AA72
 725+ AA72 CD 84 B0     	call Pinta_Sprites
 726+ AA75
 727+ AA75 C9           	ret
 728+ AA76
 729+ AA76              ;	 Subrutinas ------------------------------------------------
 730+ AA76
 731+ AA76 06 02        Borra_pinta_scan ld b,2
 732+ AA78
 733+ AA78 3E FF        1 ld a,$ff
 734+ AA7A AE           	xor (hl)
 735+ AA7B 77           	ld (hl),a
 736+ AA7C
 737+ AA7C 2C           	inc l
 738+ AA7D 10 F9        	djnz 1B
 739+ AA7F
 740+ AA7F 2D           	dec l
 741+ AA80 2D           	dec l
 742+ AA81
 743+ AA81 C9           	ret
 744+ AA82
 745+ AA82              ;	-----------------------------
 746+ AA82              ;
 747+ AA82              ;	27/01/26
 748+ AA82
 749+ AA82              ;	INPUT: A contiene (CTRL_5). El bit 7 de A nos indica, (si está a "1" que el sonido es ascendente); "0" descendente.
 750+ AA82
 751+ AA82 BA           Construye_rayo cp d 												; Ha llegado el rayo a (p.imp.amadeus) + 2 ???
 752+ AA83 C8           	ret z
 753+ AA84
 754+ AA84              ;	Prepara INPUTS para generar efecto de sonido del rayo.
 755+ AA84
 756+ AA84 E5           	push hl
 757+ AA85 D5           	push de
 758+ AA86
 759+ AA86              ;	Tipo de efecto y características:
 760+ AA86
 761+ AA86 2A 7B 94     	ld hl,(Laser_sound)
 762+ AA89 22 78 94     	ld (Sound),hl 													; Laser.
 763+ AA8C 01 05 00     	ld bc,5															; Nº de ondas completas a ejecutar.
 764+ AA8F 16 01        	ld d,1 															; Efecto ascendente por defecto.
 765+ AA91 1E 01        	ld e,1 															; Nº de incrementos/decrementos que aplicaremos al delay antes de salir.
 766+ AA93
 767+ AA93 3A 4E 94     	ld a,(Ctrl_5)
 768+ AA96 CB 7F        	bit 7,a
 769+ AA98 20 01        	jr nz,Ejecuta_efecto
 770+ AA9A
 771+ AA9A 15           	dec d 															; El rayo está saliendo de la pantalla. Modificamos a efecto descendente.
 772+ AA9B
 773+ AA9B              Ejecuta_efecto
 774+ AA9B
 775+ AA9B CD D9 9E     	call Sound_Generator
 776+ AA9E
 777+ AA9E 22 7B 94     	ld (Laser_sound),hl
 778+ AAA1
 779+ AAA1 D1           	pop de
 780+ AAA2 E1           	pop hl
 781+ AAA3
 782+ AAA3              Pinta_rayo
 783+ AAA3
 784+ AAA3 7E           	ld a,(hl)
 785+ AAA4 EE FF        	xor $ff
 786+ AAA6 77           	ld (hl),a
 787+ AAA7 2C           	inc l
 788+ AAA8 7D           	ld a,l
 789+ AAA9 18 D7        	jr Construye_rayo
 790+ AAAB
# file closed: Transiciones_y_efectos.asm
3120  AAAB              	include "Genera_datos_de_impresion.asm"
# file opened: Genera_datos_de_impresion.asm
   1+ AAAB              ; ---------------------------------------------------------------------------------------------------------------------------------------
   2+ AAAB              ;
   3+ AAAB              ;	13/9/26
   4+ AAAB              ;
   5+ AAAB              ;	Scanlines_generator.
   6+ AAAB              ;
   7+ AAAB              ;	Obtiene el (Puntero_de_impresion) codificado del álbum de movimientos masticados. Lo decodifica y genera sus coordenadas X e Y.
   8+ AAAB              ;	Tanto el puntero decodificado como las coordenadas son actualizadas en su correspondiente `Caja_de_entidades'.
   9+ AAAB              ;	Se genera la cabecera de impresión y los scanlines correspondientes en el (Album_de_pintado).
  10+ AAAB              ;	En este caso, anotará además la correspondiente línea informativa en la (Tabla_de_pintado).
  11+ AAAB              ;
  12+ AAAB              ;		Estructura de cada línea en la (Tabla_de_pintado):
  13+ AAAB              ;
  14+ AAAB              ;		(Columna_Y), (Attr), (Columnas) y .defw (Album_de_pintado).
  15+ AAAB              ;		.db, .db, .db, .defw
  16+ AAAB              ;
  17+ AAAB              ;	Por último; decrementa el contador (Contador_de_mov_masticados).
  18+ AAAB              ;
  19+ AAAB              ;	INPUTS: IX apunta al 1er .db de la `Caja_de_entidades' correspondiente.
  20+ AAAB              ;
  21+ AAAB              ;	MODIFY: A,BC,DE y HL
  22+ AAAB
  23+ AAAB              Scanlines_generator:
  24+ AAAB
  25+ AAAB CD 6C 9A     	call Take_movement
  26+ AAAE CD FA AA         call Decodifica_Puntero_de_impresion
  27+ AAB1
  28+ AAB1 C5               push bc
  29+ AAB2 E1               pop hl
  30+ AAB3
  31+ AAB3              ;	Nota: En este punto: BC y HL contienen el (Puntero_de_impresion).
  32+ AAB3              ;						 IX contiene (1er_db_caja_de_entidades).
  33+ AAB3              ;						 DE contiene (Puntero_objeto).
  34+ AAB3
  35+ AAB3              Explosion_scanlines_generator:
  36+ AAB3
  37+ AAB3 DD E5            push ix								                            ; Push 1er .db (Clase) de la entidad, (caja de entidades correspondiente).
  38+ AAB5
  39+ AAB5 E5           	push hl
  40+ AAB6 DD E1        	pop ix 															; HL e IX han de contener (Puntero_de_impresion) antes de call [Genera_datos_de_impresion].
  41+ AAB8
  42+ AAB8 D5               push de                                                         ; PUSH (Puntero_objeto).
  43+ AAB9 CD 99 AB         call Genera_datos_de_impresion									; No se generan datos de impresión si el objeto está por detrás del panel marcador del juego.
  44+ AABC CD DE AA     	call Genera_coordenadas
  45+ AABF D1           	pop de                                                          ; POP (Puntero_objeto).
  46+ AAC0
  47+ AAC0 DD E1            pop ix 															; POP 1er .db (Clase) de la entidad, (caja de entidades correspondiente).
  48+ AAC2
  49+ AAC2 ED 4B E9 93  	ld bc,(Coordenada_X)
  50+ AAC6
  51+ AAC6 DD 71 0C     	ld (ix+12),c                                                    ; (Coordenada_X) en (C), Columna.
  52+ AAC9 DD 70 0D     	ld (ix+13),b													; (Coordenada_Y) en (B), Fila.
  53+ AACC
  54+ AACC 3A 4D 94     	ld a,(Ctrl_4)
  55+ AACF F5               push af
  56+ AAD0
  57+ AAD0 CB 7F            bit 7,a
  58+ AAD2 20 03        	jr nz,1F
  59+ AAD4
  60+ AAD4 CD 99 99     	call Entidad_a_Tabla_de_pintado									; Almacena la (Coordenada_Y) y dirección dentro de (Scanlines_album_SP) de la entidad en curso.
  61+ AAD7
  62+ AAD7 F1           1 pop af
  63+ AAD8
  64+ AAD8 CB BF            res 7,a
  65+ AADA 32 4D 94     	ld (Ctrl_4),a
  66+ AADD
  67+ AADD C9           	ret
  68+ AADE
  69+ AADE              ; ------------------------------------------------------------------------
  70+ AADE              ;
  71+ AADE              ;	12/9/26
  72+ AADE              ;
  73+ AADE              ;	Proporciona las coordenadas del objeto a imprimir.
  74+ AADE              ;	Fila superior "0", Columna izquierda "0".
  75+ AADE              ;
  76+ AADE              ;	INPUT:  (Puntero_de_impresion) del Sprite en HL e IX.
  77+ AADE              ;
  78+ AADE              ;           Nota: La rutina no contempla que ninguna entidad se imprima en las TRES PRIMERAS FILAS de la pantalla, (pues es zona de marcador).
  79+ AADE              ;
  80+ AADE              ;	Modifica: A,B y E.
  81+ AADE
  82+ AADE              Genera_coordenadas:
  83+ AADE
  84+ AADE 7D               ld a,l
  85+ AADF E6 1F        	and $1f
  86+ AAE1
  87+ AAE1 32 E9 93     	ld (Coordenada_X),a 								; Coordenada X del sprite, (0-$1f). Columnas.
  88+ AAE4
  89+ AAE4 CD C8 9D     	call calcula_tercio
  90+ AAE7 47           	ld b,a 												; "0", "1" o "1" en función del tercio de pantalla.
  91+ AAE8
  92+ AAE8 04           	inc b
  93+ AAE9
  94+ AAE9 1E 00        	ld e,0                                              ; Contador de Filas, inicialmente "0", (1a Fila del 1er tercio de pantalla).
  95+ AAEB
  96+ AAEB 7D               ld a,l
  97+ AAEC E6 E0        	and $e0                                             ; La máscara "$e0" entrega el valor de la primera columna de la Fila en la que nos encontamos:
  98+ AAEE              ;
  99+ AAEE              ;                                                       : Ejemplo:
 100+ AAEE              ;
 101+ AAEE              ;                                                       Cuando (L) contiene: "$0f", "$1c", "$08", ...etc (A) contiene "$00"
 102+ AAEE              ;                                                       Cuando (L) contiene: "$2f", "$3c", "$28", ...etc (A) contiene "$20"
 103+ AAEE              ;                                                       Cuando (L) contiene: "$4f", "$5c", "$48", ...etc (A) contiene "$40"
 104+ AAEE              ;                                                       Cuando (L) contiene: "$6f", "$7c", "$68", ...etc (A) contiene "$60"
 105+ AAEE              ;
 106+ AAEE              ;                                                       etc.
 107+ AAEE
 108+ AAEE 1C           1 inc e                                                 ; Incrementa Fila.
 109+ AAEF
 110+ AAEF D6 20            sub 32
 111+ AAF1 20 FB            jr nz,1B
 112+ AAF3
 113+ AAF3 10 F9            djnz 1B
 114+ AAF5
 115+ AAF5 7B               ld a,e
 116+ AAF6 32 EA 93     	ld (Coordenada_y),a
 117+ AAF9
 118+ AAF9 C9               ret
 119+ AAFA
 120+ AAFA              ; ----- ----- ----- ----- ----- ----- ----- ----- ----- ----- ----- ----- ----- ----- ----- -----
 121+ AAFA              ;
 122+ AAFA              ;	11/9/26
 123+ AAFA              ;
 124+ AAFA              ;
 125+ AAFA              ;	INPUTS: IX apunta al .db de la caja de entidades correspondiente.
 126+ AAFA              ;			BC contiene (Puntero_de_impresion) codificado.
 127+ AAFA              ;
 128+ AAFA              ;	OUTPUT: BC contiene el (Puntero_de_impresion) decodificdo.
 129+ AAFA              ;
 130+ AAFA              ;			Se actualizan las variables: (Puntero_de_impresion) y (Columnas) de la bandeja DRAW.
 131+ AAFA
 132+ AAFA              Decodifica_Puntero_de_impresion:
 133+ AAFA
 134+ AAFA              ;	Inicialmente suponemos que la entidad está apareciendo por el lado izquierdo o derecho de la pantalla, (1 Columna).
 135+ AAFA
 136+ AAFA 3E 01        	ld a,1
 137+ AAFC 32 FB 93     	ld (Columnas),a
 138+ AAFF
 139+ AAFF CB 68        	bit 5,b
 140+ AB01 28 04        	jr z,1F
 141+ AB03
 142+ AB03 CB A8        	res 5,b
 143+ AB05 18 0F        	jr 2F
 144+ AB07
 145+ AB07              ;	Dos Columnas ???
 146+ AB07
 147+ AB07 3E 03        1 ld a,3
 148+ AB09 32 FB 93     	ld (Columnas),a
 149+ AB0C
 150+ AB0C CB 78        	bit 7,b
 151+ AB0E 28 06        	jr z,2F
 152+ AB10
 153+ AB10 CB B8        	res 7,b
 154+ AB12
 155+ AB12 3D           	dec a
 156+ AB13 32 FB 93     	ld (Columnas),a
 157+ AB16
 158+ AB16 DD 71 04     2 ld (ix+4),c
 159+ AB19 DD 70 05     	ld (ix+5),b												; Actualiza el (Puntero_de_impresion) decodificado en la caja de entidades.
 160+ AB1C
 161+ AB1C ED 43 DD 93  	ld (Puntero_de_impresion),bc
 162+ AB20
 163+ AB20 C9           	ret
 164+ AB21
 165+ AB21              ; ---------------------------------------------------------------------------------------------------------------------
 166+ AB21              ;
 167+ AB21              ;   14/9/26
 168+ AB21              ;
 169+ AB21              ;   Genera la coordenada X de Amadeus y los datos de impresión de la nave en su (Album_de_pintado_Amadeus).
 170+ AB21
 171+ AB21              Genera_datos_de_impresion_Amadeus:
 172+ AB21
 173+ AB21 3A CF 90         ld a,(Impacto_Amadeus)
 174+ AB24 A7               and a
 175+ AB25 20 0A            jr nz,1F
 176+ AB27
 177+ AB27              ; Si existe impacto en Amadeus ya tendremos modificados los registros DE con (Puntero_objeto)_
 178+ AB27              ; _apuntando a la correspondiente explosión.
 179+ AB27
 180+ AB27 3A 4C 94         ld a,(Ctrl_3)
 181+ AB2A CB 77            bit 6,a
 182+ AB2C 20 03            jr nz,1F                                                ; Amadeus ha sido eliminado. Borramos el último FRAME.
 183+ AB2E              ;                                                           ; _No es necesario volver a cargar los registros.
 184+ AB2E CD 6F AB         call Cargamos_registros_con_mov_masticado_Amadeus
 185+ AB31
 186+ AB31              ;   DE contiene (Puntero_objeto) de Amadeus.
 187+ AB31              ;   IX contiene (Puntero-de_impresion).
 188+ AB31
 189+ AB31 DD 7D        1 ld a,ixl
 190+ AB33 E6 1F            and $1f
 191+ AB35 32 D8 90         ld (CX_Amadeus),a                                       ; Coordenada X del Amadeus, (0-$1f). Columnas.
 192+ AB38
 193+ AB38 3A E5 93         ld a,(Ctrl_2)
 194+ AB3B CB 77            bit 6,a
 195+ AB3D 28 15            jr z,3F
 196+ AB3F
 197+ AB3F              ; ---------------------------------------------
 198+ AB3F
 199+ AB3F              ;   Genera Scanlines (TRANSICION_DE_SALIDA).
 200+ AB3F
 201+ AB3F 2A 44 94         ld hl,(Scanlines_album_SP)
 202+ AB42 E5               push hl
 203+ AB43
 204+ AB43              ;   Posicionamos (Scanlines_album_SP) en el álbum de líneas de Amadeus.
 205+ AB43
 206+ AB43 2A 2A 94         ld hl,(Album_de_pintado_Amadeus)
 207+ AB46 22 44 94         ld (Scanlines_album_SP),hl
 208+ AB49
 209+ AB49 DD E5            push ix
 210+ AB4B E1               pop hl                                                  ; HL e IX han de contener (Puntero_de_impresion) antes de call [Genera_datos_de_impresion].
 211+ AB4C
 212+ AB4C CD 99 AB         call Genera_datos_de_impresion
 213+ AB4F
 214+ AB4F E1               pop hl
 215+ AB50 22 44 94         ld (Scanlines_album_SP),hl
 216+ AB53
 217+ AB53 C9               ret
 218+ AB54
 219+ AB54              ;   Genera Scanlines:
 220+ AB54
 221+ AB54 2A 2A 94     3 ld hl,(Album_de_pintado_Amadeus)
 222+ AB57
 223+ AB57 DD 7D            ld a,ixl
 224+ AB59 0E 02            ld c,2
 225+ AB5B 06 08            ld b,8
 226+ AB5D
 227+ AB5D 73               ld (hl),e
 228+ AB5E 23               inc hl
 229+ AB5F 72               ld (hl),d
 230+ AB60
 231+ AB60 23               inc hl
 232+ AB61 23               inc hl
 233+ AB62
 234+ AB62 77           2 ld (hl),a
 235+ AB63 23               inc hl
 236+ AB64 23               inc hl
 237+ AB65 10 FB            djnz 2B
 238+ AB67
 239+ AB67 06 08            ld b,8
 240+ AB69 C6 20            add $20
 241+ AB6B 0D               dec c
 242+ AB6C 20 F4            jr nz,2B
 243+ AB6E
 244+ AB6E C9               ret
 245+ AB6F
 246+ AB6F              ; --------------------------------------------------------------------------------------------------------------
 247+ AB6F              ;
 248+ AB6F              ;   14/9/26
 249+ AB6F              ;
 250+ AB6F              ;   Cargamos los registros DE e IX, (Puntero_de_almacen_de_mov_masticados) de Amadeus.
 251+ AB6F              ;
 252+ AB6F              ;   IX contiene el puntero de impresión.
 253+ AB6F              ;   DE contiene (Puntero_objeto).
 254+ AB6F
 255+ AB6F
 256+ AB6F              Cargamos_registros_con_mov_masticado_Amadeus:
 257+ AB6F
 258+ AB6F ED 73 22 94      ld (Stack),sp
 259+ AB73 ED 7B D2 90      ld sp,(Pamm_Amadeus)                                    ; (Puntero_de_almacen_de_mov_masticados_Amadeus) en su correspondiente caja.
 260+ AB77 D1               pop de                                                  ; DE contiene Puntero_objeto
 261+ AB78 DD E1            pop ix                                                  ; IX contiene Puntero_de_impresion
 262+ AB7A DD 22 D0 90      ld (p.imp.amadeus),ix                                   ; (Puntero_de_impresion_Amadeus) en su correspondiente caja.
 263+ AB7E
 264+ AB7E ED 7B 22 94      ld sp,(Stack)
 265+ AB82
 266+ AB82              ;   Estamos desapareciendo ???
 267+ AB82
 268+ AB82 3A E5 93         ld a,(Ctrl_2)
 269+ AB85 CB 77            bit 6,a
 270+ AB87 C8               ret z                                                   ; RET, Amadeus no hemos terminado el NIVEL.
 271+ AB88
 272+ AB88 CD A1 A9         call Transicion_de_salida
 273+ AB8B
 274+ AB8B C9               ret
 275+ AB8C
 276+ AB8C              ; ------------------------------------------------------
 277+ AB8C              ;
 278+ AB8C              ;   12/8/25
 279+ AB8C              ;
 280+ AB8C              ;   MODIFY: HL,DE e IX.
 281+ AB8C              ;
 282+ AB8C              ;   OUTPUT: HL y DE contienen (Puntero_objeto) de la explosión de Amadeus.
 283+ AB8C              ;           IX contiene el (Puntero_de_impresion) de Amadeus.
 284+ AB8C
 285+ AB8C
 286+ AB8C              Cargamos_registros_con_explosion_Amadeus:
 287+ AB8C
 288+ AB8C 2A D2 90         ld hl,(Pamm_Amadeus)
 289+ AB8F CD C2 9D         call Extrae_address
 290+ AB92
 291+ AB92 5D               ld e,l
 292+ AB93 54               ld d,h
 293+ AB94
 294+ AB94 DD 2A D0 90      ld ix,(p.imp.amadeus)
 295+ AB98
 296+ AB98 C9               ret
 297+ AB99
 298+ AB99              ; ----------------------------------------------------------------------------------------------------------------------------------------------------------------------------------------------
 299+ AB99              ;
 300+ AB99              ;	11/9/26
 301+ AB99              ;
 302+ AB99              ;   INPUTS:
 303+ AB99              ;
 304+ AB99              ;   DE contiene (Puntero_objeto).
 305+ AB99              ;   HL, IX y BC contienen (Puntero_de_impresion).
 306+ AB99              ;
 307+ AB99              ;   MODIFY: A,IX,HL,BC y DE.
 308+ AB99
 309+ AB99              Genera_datos_de_impresion:
 310+ AB99
 311+ AB99              ;   En 1er lugar analizamos la posición del (Puntero_de_impresion).
 312+ AB99              ;   No se han de generar scanlines cuando la entidad se imprima en zona de ROM o completamente en zona de MARCADOR de pantalla, (3 primeras líneas).
 313+ AB99              ;   Cuando el (Puntero_de_imprersion) se genera en la 2ª o 3ª línea de pantalla hay que calcular el nº de scanlines que pintamos del Sprite. Como el Sprite está apareciendo_
 314+ AB99              ;   _ por la parte alta de la pantalla hay que sitúar (Puntero_objeto) en la línea de datos correspondiente.
 315+ AB99
 316+ AB99 CD C8 9D         call calcula_tercio                             ; HL contiene (Puntero_de_impresion).
 317+ AB9C A7               and a
 318+ AB9D 20 47            jr nz,Completo_o_desapareciendo
 319+ AB9F
 320+ AB9F              ;   1er Tercio de pantalla !!!!!!!!!!!!!!!!!!!!!!!!!!!!!!!!!!!!!!!!!!!!!!!!!!!!!!!!!!!!!!!!
 321+ AB9F
 322+ AB9F 7D               ld a,l
 323+ ABA0 FE 20            cp $20
 324+ ABA2 38 39            jr c,No_scanlines                               ; Empezamos a generar scanlines a partir del segundo scanline de la 2ª fila de pantalla. (En la dirección $4120 se generaría 1 scan.).
 325+ ABA4
 326+ ABA4 7D               ld a,l
 327+ ABA5 FE 60            cp $60
 328+ ABA7 30 3D            jr nc,Completo_o_desapareciendo
 329+ ABA9
 330+ ABA9              ;   La entidad no se imprimirá entera. Va a ir apareciendo por la parte baja del marcador.
 331+ ABA9              ;   Calculamos el nº de scanlines que vamos a imprimir.
 332+ ABA9              ;   (Puntero_de_impresion) se encuentra en la 2ª o 3ª Fila de la pantalla.
 333+ ABA9
 334+ ABA9 7C               ld a,h
 335+ ABAA D6 40            sub $40
 336+ ABAC 47               ld b,a                                          ; Nº de scanlines en B. Si el 1er scanline es $40XX, siendo XX la segunda fila de pantalla: [No_scanlines].
 337+ ABAD 20 05            jr nz,2F
 338+ ABAF
 339+ ABAF              ;   Estamos en una línea $40 y apareciendo.
 340+ ABAF
 341+ ABAF 7D               ld a,l
 342+ ABB0 FE 40            cp $40
 343+ ABB2 38 29            jr c,No_scanlines                               ; Si estamos en la 2ª Fila la entidad quedaría oculta, jr [No_scanlines].
 344+ ABB4
 345+ ABB4 7D           2 ld a,l
 346+ ABB5 C6 40            add $40
 347+ ABB7 6F               ld l,a
 348+ ABB8
 349+ ABB8 FE 80            cp $80
 350+ ABBA 38 08            jr c,Modifica_puntero_objeto
 351+ ABBC
 352+ ABBC 7D               ld a,l
 353+ ABBD D6 20            sub $20
 354+ ABBF 6F               ld l,a
 355+ ABC0
 356+ ABC0 3E 08            ld a,8
 357+ ABC2 80               add b
 358+ ABC3 47               ld b,a
 359+ ABC4
 360+ ABC4              Modifica_puntero_objeto
 361+ ABC4
 362+ ABC4 26 40            ld h,$40
 363+ ABC6
 364+ ABC6 E5               push hl
 365+ ABC7 DD E1            pop ix
 366+ ABC9
 367+ ABC9 48               ld c,b                                          ; Posiciona HL en el 1er scan.
 368+ ABCA
 369+ ABCA              ;   Modificamos ahora (Puntero_objeto).
 370+ ABCA
 371+ ABCA 3E 10            ld a,16
 372+ ABCC 90               sub b
 373+ ABCD 47               ld b,a
 374+ ABCE
 375+ ABCE 7B               ld a,e
 376+ ABCF
 377+ ABCF 80               add b
 378+ ABD0 80               add b
 379+ ABD1 80               add b
 380+ ABD2
 381+ ABD2 5F               ld e,a
 382+ ABD3
 383+ ABD3 41               ld b,c
 384+ ABD4 0E 00            ld c,0
 385+ ABD6
 386+ ABD6              ;   En este punto DE contiene (Puntero_objeto)
 387+ ABD6              ;   HL y IX contienen (Puntero_de_impresion)
 388+ ABD6              ;   BC contiene Nº de scanlines a generar.
 389+ ABD6
 390+ ABD6 CD 0C AC         call Genera_cabecera
 391+ ABD9 CD F0 AB         call Genera_scanlines
 392+ ABDC
 393+ ABDC C9               ret
 394+ ABDD
 395+ ABDD              ; -------------------------------------------------------------------
 396+ ABDD
 397+ ABDD              No_scanlines:
 398+ ABDD
 399+ ABDD 21 4D 94         ld hl,Ctrl_4
 400+ ABE0 CB FE            set 7,(hl)                                       ; Indica que esta unidad no se imprime. NO SE AÑADE A LA TABLA DE PINTADO.
 401+ ABE2
 402+ ABE2 DD E5            push ix
 403+ ABE4 E1               pop hl                                           ; RET con el (Puntero_de_impresion) en HL e IX.
 404+ ABE5
 405+ ABE5 C9               ret
 406+ ABE6
 407+ ABE6              ; -------------------------------------------------------------------
 408+ ABE6
 409+ ABE6              ;   IX y HL contienen (Puntero_de_impresion). DE contiene (Puntero_objeto).
 410+ ABE6
 411+ ABE6              Completo_o_desapareciendo:
 412+ ABE6
 413+ ABE6 CD 2D AC         call Calcula_numero_de_scans
 414+ ABE9 CD 0C AC         call Genera_cabecera
 415+ ABEC CD F0 AB         call Genera_scanlines
 416+ ABEF
 417+ ABEF C9               ret
 418+ ABF0
 419+ ABF0              ; ------------------------------------------------------------------------------------
 420+ ABF0              ;
 421+ ABF0              ;   12/9/26
 422+ ABF0              ;
 423+ ABF0              ;   INPUTS: HL (Scanlines_album).
 424+ ABF0              ;           DE (Puntero_objeto).
 425+ ABF0              ;           BC (Nº de scanlines).
 426+ ABF0
 427+ ABF0              Genera_scanlines:
 428+ ABF0
 429+ ABF0 EB               ex de,hl
 430+ ABF1
 431+ ABF1 DD E5            push ix
 432+ ABF3 E1               pop hl                                          ; (Puntero_de_impresion) en HL.
 433+ ABF4
 434+ ABF4 05               dec b                                           ; El 1er scanline ya está guardado en el álbum de pintado,_
 435+ ABF5 C8               ret z                                           ; _ lo escribió la rutina que genera la cabecera.
 436+ ABF6
 437+ ABF6 CD F4 9D     1 call NextScan
 438+ ABF9
 439+ ABF9 EB               ex de,hl
 440+ ABFA
 441+ ABFA 73               ld (hl),e
 442+ ABFB 23               inc hl
 443+ ABFC 72               ld (hl),d
 444+ ABFD 23               inc hl
 445+ ABFE
 446+ ABFE EB               ex de,hl
 447+ ABFF
 448+ ABFF 10 F5            djnz 1B
 449+ AC01
 450+ AC01              ; Todos los scanlines generados. actualizamos el puntero (Scanlines_album_SP).
 451+ AC01
 452+ AC01 ED 53 44 94      ld (Scanlines_album_SP),de
 453+ AC05 22 52 94         ld (Puntero_de_impresion_disparo_de_entidad),hl
 454+ AC08
 455+ AC08 DD E5            push ix
 456+ AC0A E1               pop hl                                           ; RET con el (Puntero_de_impresion) en HL e IX.
 457+ AC0B
 458+ AC0B C9               ret
 459+ AC0C
 460+ AC0C              ; ------------------------------------------------------------------------------------
 461+ AC0C              ;
 462+ AC0C              ;   11/9/26
 463+ AC0C              ;
 464+ AC0C
 465+ AC0C              Genera_cabecera:
 466+ AC0C
 467+ AC0C              ;   La cabecera consta de 5 bytes:
 468+ AC0C              ;
 469+ AC0C              ;   (Puntero_objeto), 2 bytes.
 470+ AC0C              ;   Nº de scanlines a imprimir, 1 byte.
 471+ AC0C              ;   (Puntero_de_impresion), 2 bytes.
 472+ AC0C
 473+ AC0C              ;   Genera cabecera, y actualiza (Scanlines_album_SP) situándolo en el movimiento de la siguiente entidad.
 474+ AC0C              ;   BC contendrá el nº de scanlines que vamos a imprimir.
 475+ AC0C
 476+ AC0C ED 73 22 94      ld (Stack),sp                                   ; Guardo SP en (Stack).
 477+ AC10
 478+ AC10 2A 44 94         ld hl,(Scanlines_album_SP)
 479+ AC13 22 11 94         ld (Repone_puntero_objeto),hl                   ; Copia de respaldo de (Scanlines_album_SP). Se utilizará más adelante en la tabla de pintado.
 480+ AC16
 481+ AC16 7D               ld a,l
 482+ AC17 C6 05            add 5
 483+ AC19 6F               ld l,a                                          ; Scanlines_album nunca tendrá cambio de byte alto.
 484+ AC1A
 485+ AC1A F9               ld sp,hl
 486+ AC1B 22 44 94         ld (Scanlines_album_SP),hl                      ; Actualiza (Scanlines_album_SP). Lo sitúa en el siguiente movimiento.
 487+ AC1E
 488+ AC1E 21 00 00         ld hl,0
 489+ AC21 ED 7A            adc hl,sp                                       ; HL posicionado para ir generando líneas tras la CABECERA. Una manera de pasar el SP a HL.
 490+ AC23
 491+ AC23 DD E5            push ix                                         ; (Puntero_de_impresion) al álbum de líneas.
 492+ AC25 C5               push bc                                         ; Nº de scanlines al álbum de líneas.
 493+ AC26
 494+ AC26 33               inc sp
 495+ AC27
 496+ AC27 D5               push de                                         ; (Puntero_objeto) al álbum de líneas.
 497+ AC28
 498+ AC28              ; Recuperamos SP.
 499+ AC28
 500+ AC28 ED 7B 22 94      ld sp,(Stack)
 501+ AC2C
 502+ AC2C C9               ret
 503+ AC2D
 504+ AC2D              ; ------------------------------------------------------------------------------------
 505+ AC2D              ;
 506+ AC2D              ;   12/9/26
 507+ AC2D              ;
 508+ AC2D              ;   Calcula el nº de scanlines que vamos a generar, (cuando la entidad no está apareciendo).
 509+ AC2D              ;
 510+ AC2D              ;   INPUTS: IX y HL contienen (Puntero_de_impresion).
 511+ AC2D              ;           DE contiene (Puntero_objeto).
 512+ AC2D              ;
 513+ AC2D              ;   OUTPUTS: BC contiene nº de scanlines a generar.
 514+ AC2D              ;
 515+ AC2D              ;   MODIFICA: A,HL y BC.
 516+ AC2D
 517+ AC2D              Calcula_numero_de_scans:
 518+ AC2D
 519+ AC2D 0E 00            ld c,0
 520+ AC2F
 521+ AC2F 7C               ld a,h
 522+ AC30 FE 50            cp $50
 523+ AC32 38 0F            jr c,1F                                         ; No hemos llegado a la parte baja de la pantalla. Nos encontramos en el 1er o 2º tercio de la pantalla.
 524+ AC34
 525+ AC34              ;   En el último tercio de pantalla...
 526+ AC34
 527+ AC34 20 08            jr nz,2F
 528+ AC36
 529+ AC36              ;   Situación: Último tercio de pantalla y 1er scan de la Fila.
 530+ AC36
 531+ AC36 7D               ld a,l
 532+ AC37 FE E0            cp $e0
 533+ AC39 38 08            jr c,1F                                         ; Siempre que no estemos en la última Fila de pantalla se generarán 16 scanlines, (entidad completa).
 534+ AC3B
 535+ AC3B 06 08            ld b,8
 536+ AC3D
 537+ AC3D C9               ret
 538+ AC3E
 539+ AC3E              ;   Situación: Último tercio de pantalla, (del 2º scan. en adelante de la Fila).
 540+ AC3E
 541+ AC3E 7D           2 ld a,l
 542+ AC3F FE C0            cp $c0
 543+ AC41 30 03            jr nc,Calcula_scans_desapareciendo              ; En las 2 últimas líneas el Sprite sólo se imprime completo cuando el primer scanline está en una dirección $50xx.
 544+ AC43
 545+ AC43
 546+ AC43              ;   Entidad completa. Se generan 16 scanlines para imprimir.
 547+ AC43
 548+ AC43 06 10        1 ld b,16
 549+ AC45
 550+ AC45 C9               ret
 551+ AC46
 552+ AC46              Calcula_scans_desapareciendo:
 553+ AC46
 554+ AC46 3E 58            ld a,$58
 555+ AC48 94               sub h
 556+ AC49 47               ld b,a
 557+ AC4A
 558+ AC4A 7D               ld a,l
 559+ AC4B FE E0            cp $e0
 560+ AC4D
 561+ AC4D D0               ret nc
 562+ AC4E
 563+ AC4E 78               ld a,b
 564+ AC4F C6 08            add 8
 565+ AC51 47               ld b,a
 566+ AC52
 567+ AC52 C9               ret
 568+ AC53
 569+ AC53              ; --------------------------------------------------------------------------------------
 570+ AC53              ;
 571+ AC53              ;   12/10/24
 572+ AC53              ;
 573+ AC53
 574+ AC53              Genera_datos_de_impresion_disparos_Entidades
 575+ AC53
 576+ AC53 3E 07            ld a,7
 577+ AC55 08               ex af,af                                                  ;? 7 Disparos como 7 amores.
 578+ AC56
 579+ AC56              ; ---------------
 580+ AC56
 581+ AC56              ;   En 1er lugar nos situamos en la 1ª caja de disparos de entidades.
 582+ AC56
 583+ AC56 21 5C 90         ld hl,Indice_de_disparos_entidades
 584+ AC59
 585+ AC59 CD C2 9D     1 call Extrae_address
 586+ AC5C
 587+ AC5C 13               inc de
 588+ AC5D 13               inc de
 589+ AC5E
 590+ AC5E ED 53 50 94      ld (Puntero_DESPLZ_DISPARO_ENTIDADES),de
 591+ AC62
 592+ AC62 2D               dec l
 593+ AC63 7E               ld a,(hl)
 594+ AC64 A7               and a                                                     ;? Si el byte alto de control es "0" significa que la caja está vacía.
 595+ AC65 28 33            jr z,Situa_en_siguiente_caja                              ;? Avanzamos a la siguiente caja en ese caso.
 596+ AC67
 597+ AC67              ; ----- ----- ----- -----
 598+ AC67
 599+ AC67 2D               dec l
 600+ AC68 CD C2 9D         call Extrae_address
 601+ AC6B E5               push hl
 602+ AC6C
 603+ AC6C 1D               dec e
 604+ AC6D
 605+ AC6D EB               ex de,hl
 606+ AC6E
 607+ AC6E 4E               ld c,(hl)                                                 ;? 3er byte del disparo de C.
 608+ AC6F 2D               dec l
 609+ AC70 46               ld b,(hl)                                                 ;? 2º byte del disparo de B.
 610+ AC71 2D               dec l
 611+ AC72 5E               ld e,(hl)                                                 ;? 1er byte del disparo de E.
 612+ AC73
 613+ AC73 E1               pop hl                                                    ;? Puntero de impresión en HL.
 614+ AC74
 615+ AC74              Genera_scanlines_de_los_disparos_de_entidades.
 616+ AC74
 617+ AC74 FD 2A 36 94      ld iy,(Nivel_scan_disparos_album_de_pintado)
 618+ AC78 FD 73 00         ld (iy+0),e
 619+ AC7B FD 70 01         ld (iy+1),b
 620+ AC7E FD 71 02         ld (iy+2),c
 621+ AC81
 622+ AC81 FD 75 03         ld (iy+3),l
 623+ AC84 FD 74 04         ld (iy+4),h
 624+ AC87
 625+ AC87 CD F4 9D         call NextScan
 626+ AC8A
 627+ AC8A FD 75 05         ld (iy+5),l
 628+ AC8D FD 74 06         ld (iy+6),h
 629+ AC90
 630+ AC90 FD E5            push iy
 631+ AC92 E1               pop hl
 632+ AC93
 633+ AC93 3E 07            ld a,7
 634+ AC95 85               add l
 635+ AC96 6F               ld l,a
 636+ AC97
 637+ AC97 22 36 94         ld (Nivel_scan_disparos_album_de_pintado),hl
 638+ AC9A
 639+ AC9A              ; ----- ----- ----- -----
 640+ AC9A
 641+ AC9A              Situa_en_siguiente_caja
 642+ AC9A
 643+ AC9A 08               ex af,af                                                  ;? Actualiza contador de cajas y RET si "Z".
 644+ AC9B 3D               dec a
 645+ AC9C C8               ret z
 646+ AC9D
 647+ AC9D 08               ex af,af
 648+ AC9E 2A 50 94         ld hl,(Puntero_DESPLZ_DISPARO_ENTIDADES)
 649+ ACA1 18 B6            jr 1B
 650+ ACA3
# file closed: Genera_datos_de_impresion.asm
3121  ACA3              	include "Pinta_Sprites.asm"
# file opened: Pinta_Sprites.asm
   1+ ACA3              ; ---------------------------------------------------------------------------
   2+ ACA3              ;
   3+ ACA3              ;   10/6/26
   4+ ACA3              ;
   5+ ACA3              ;   Print "Best Score" in Main menu.
   6+ ACA3              ;
   7+ ACA3
   8+ ACA3              Cartel_Best_Score:
   9+ ACA3
  10+ ACA3 21 81 50         ld hl,Line_20+1              ; Dirección de pantalla. ($5063).
  11+ ACA6 11 F5 84         ld de,Best_Score_1           ; Data.
  12+ ACA9 3E 46            ld a,%01000110
  13+ ACAB 01 01 01         ld bc,$0101
  14+ ACAE
  15+ ACAE CD 3E 9E         call Pinta_imagen            ; Print Best_Score_1.
  16+ ACB1
  17+ ACB1 21 A1 50         ld hl,Line_21+1              ; Dirección de pantalla.
  18+ ACB4 11 F6 85         ld de,Best_Score_2           ; Data.
  19+ ACB7 3E 46            ld a,%01000110
  20+ ACB9 01 01 01         ld bc,$0101
  21+ ACBC
  22+ ACBC CD 3E 9E         call Pinta_imagen            ; Print Best_Score_2.
  23+ ACBF
  24+ ACBF 21 82 50         ld hl,Line_20+2              ; Dirección de pantalla.
  25+ ACC2 11 F4 8C         ld de,Best_Score_3           ; Data.
  26+ ACC5 3E 46            ld a,%01000110
  27+ ACC7 01 01 01         ld bc,$0101
  28+ ACCA
  29+ ACCA CD 3E 9E         call Pinta_imagen            ; Print Best_Score_3.
  30+ ACCD
  31+ ACCD 21 83 50         ld hl,Line_20+3              ; Dirección de pantalla.
  32+ ACD0 11 F0 8D         ld de,Best_Score_4           ; Data.
  33+ ACD3 3E 46            ld a,%01000110
  34+ ACD5 01 02 01         ld bc,$0102
  35+ ACD8
  36+ ACD8 CD 3E 9E         call Pinta_imagen            ; Print Best_Score_4.
  37+ ACDB
  38+ ACDB 21 A2 50         ld hl,Line_21+2              ; Dirección de pantalla.
  39+ ACDE 11 E4 8F         ld de,Best_Score_5           ; Data.
  40+ ACE1 3E 46            ld a,%01000110
  41+ ACE3 01 01 01         ld bc,$0101
  42+ ACE6
  43+ ACE6 CD 3E 9E         call Pinta_imagen            ; Print Best_Score_5.
  44+ ACE9
  45+ ACE9 21 84 50         ld hl,Line_20+4              ; Dirección de pantalla.
  46+ ACEC 11 EC 8F         ld de,Best_Score_6           ; Data.
  47+ ACEF 3E 46            ld a,%01000110
  48+ ACF1 01 02 01         ld bc,$0102
  49+ ACF4
  50+ ACF4 CD 3E 9E         call Pinta_imagen            ; Print Best_Score_6.
  51+ ACF7
  52+ ACF7 21 85 50         ld hl,Line_20+5              ; Dirección de pantalla.
  53+ ACFA 11 BD 83         ld de,Best_Score_7           ; Data.
  54+ ACFD 3E 46            ld a,%01000110
  55+ ACFF 01 02 02         ld bc,$0202
  56+ AD02
  57+ AD02 CD 3E 9E         call Pinta_imagen            ; Print Best_Score_7.
  58+ AD05
  59+ AD05 C9               ret
  60+ AD06
  61+ AD06              ; ---------------------------------------------------------------------------
  62+ AD06              ;
  63+ AD06              ;   7/6/26
  64+ AD06              ;
  65+ AD06              ;   Imprime Firma en pantalla.
  66+ AD06              ;
  67+ AD06              ;
  68+ AD06
  69+ AD06              Firma:
  70+ AD06
  71+ AD06              ;    jr $
  72+ AD06
  73+ AD06 21 DA 50         ld hl,$50da                 ; Dirección de pantalla.
  74+ AD09 11 F0 86         ld de,Firma_Lorente_1       ; Data.
  75+ AD0C 3E 46            ld a,%01000110
  76+ AD0E 01 01 02         ld bc,$0201
  77+ AD11
  78+ AD11 CD 3E 9E         call Pinta_imagen
  79+ AD14
  80+ AD14 21 DC 50         ld hl,$50dc                 ; Dirección de pantalla.
  81+ AD17 11 F0 89         ld de,Firma_Lorente_2       ; Data.
  82+ AD1A 3E 46            ld a,%01000110
  83+ AD1C 01 01 02         ld bc,$0201
  84+ AD1F
  85+ AD1F CD 3E 9E         call Pinta_imagen
  86+ AD22
  87+ AD22 21 DE 50         ld hl,$50de                 ; Dirección de pantalla.
  88+ AD25 11 DD 83         ld de,Fecha_Firma           ; Data.
  89+ AD28 3E 46            ld a,%01000110
  90+ AD2A 01 01 01         ld bc,$0101
  91+ AD2D
  92+ AD2D CD 3E 9E         call Pinta_imagen
  93+ AD30
  94+ AD30 C9               ret
  95+ AD31
  96+ AD31              ; ---------------------------------------------------------------------------
  97+ AD31              ;
  98+ AD31              ;   11/05/26
  99+ AD31              ;
 100+ AD31              ;   Fija los atributos de Amadeus.
 101+ AD31              ;
 102+ AD31              ;   MODIFY: A,HL
 103+ AD31
 104+ AD31
 105+ AD31              Force_Amd_attr:
 106+ AD31
 107+ AD31 3A 61 94         ld a,(Temp_new_live)
 108+ AD34 FE 64            cp 100
 109+ AD36 C0               ret nz                                                          ; No fijamos attrs. cuando Amadeus ha desaparecido. Los enemigos cambiarán de color.
 110+ AD37
 111+ AD37 3A D0 90         ld a,(p.imp.amadeus)
 112+ AD3A 6F               ld l,a
 113+ AD3B 26 5A            ld h,$5a
 114+ AD3D
 115+ AD3D 71               ld (hl),c
 116+ AD3E 2C               inc l
 117+ AD3F 71               ld (hl),c
 118+ AD40 2C               inc l
 119+ AD41 71               ld (hl),c
 120+ AD42
 121+ AD42 C6 20            add 32
 122+ AD44
 123+ AD44 6F               ld l,a
 124+ AD45
 125+ AD45 71               ld (hl),c
 126+ AD46 2C               inc l
 127+ AD47 71               ld (hl),c
 128+ AD48 2C               inc l
 129+ AD49 71               ld (hl),c
 130+ AD4A
 131+ AD4A C9               ret
 132+ AD4B
 133+ AD4B              ; ---------------------------------------------------------------------------
 134+ AD4B              ;
 135+ AD4B              ;   16/10/25
 136+ AD4B              ;
 137+ AD4B              ;   Imprime el contador de 16 bits SCORE.
 138+ AD4B
 139+ AD4B
 140+ AD4B              Print_Score_Counter:
 141+ AD4B
 142+ AD4B              ;   En 1er lugar fijamos los attr.
 143+ AD4B
 144+ AD4B              ;   Attr.
 145+ AD4B
 146+ AD4B 21 57 40         ld hl,Unidades_Score                                           ; $4057
 147+ AD4E CD D2 9D         call Calcula_direccion_atributos
 148+ AD51
 149+ AD51 3E 47            ld a,%01000111
 150+ AD53 06 05            ld b,5
 151+ AD55
 152+ AD55 77           1 ld (hl),a
 153+ AD56 2D               dec l
 154+ AD57 10 FC            djnz 1B
 155+ AD59
 156+ AD59              ;   Utilizamos la pila.
 157+ AD59
 158+ AD59 ED 73 22 94      ld (Stack),sp
 159+ AD5D
 160+ AD5D              ;   Unidades.
 161+ AD5D
 162+ AD5D              ;   Extraemos los binarios que forman el cdígito popeando con la pila.
 163+ AD5D
 164+ AD5D ED 7B A1 94      ld sp,(Puntero_de_unidades_Score)
 165+ AD61
 166+ AD61 E1               pop hl
 167+ AD62
 168+ AD62 7D               ld a,l
 169+ AD63 32 57 40         ld (Unidades_Score),a
 170+ AD66 7C               ld a,h
 171+ AD67 32 57 41         ld (Unidades_Score_1),a
 172+ AD6A
 173+ AD6A E1               pop hl
 174+ AD6B
 175+ AD6B 7D               ld a,l
 176+ AD6C 32 57 42         ld (Unidades_Score_2),a
 177+ AD6F
 178+ AD6F 7C               ld a,h
 179+ AD70 32 57 43         ld (Unidades_Score_3),a
 180+ AD73
 181+ AD73 E1               pop hl
 182+ AD74
 183+ AD74 7D               ld a,l
 184+ AD75 32 57 44         ld (Unidades_Score_4),a
 185+ AD78
 186+ AD78 7C               ld a,h
 187+ AD79 32 57 45         ld (Unidades_Score_5),a
 188+ AD7C
 189+ AD7C E1               pop hl
 190+ AD7D
 191+ AD7D 7D               ld a,l
 192+ AD7E 32 57 46         ld (Unidades_Score_6),a
 193+ AD81
 194+ AD81 7C               ld a,h
 195+ AD82 32 57 47         ld (Unidades_Score_7),a
 196+ AD85
 197+ AD85              ;   Consulta dígito de Ctrl.
 198+ AD85
 199+ AD85 3A AB 94         ld a,(Score_Ctrl)
 200+ AD88 E6 FE            and %11111110
 201+ AD8A CA 43 AE         jp z,Exit_1
 202+ AD8D
 203+ AD8D              ;   Decenas.
 204+ AD8D
 205+ AD8D ED 7B A3 94  2 ld sp,(Puntero_de_decenas_Score)
 206+ AD91
 207+ AD91 E1               pop hl
 208+ AD92
 209+ AD92 7D               ld a,l
 210+ AD93 32 56 40         ld (Decenas_Score),a
 211+ AD96
 212+ AD96 7C               ld a,h
 213+ AD97 32 56 41         ld (Decenas_Score_1),a
 214+ AD9A
 215+ AD9A E1               pop hl
 216+ AD9B
 217+ AD9B 7D               ld a,l
 218+ AD9C 32 56 42         ld (Decenas_Score_2),a
 219+ AD9F
 220+ AD9F 7C               ld a,h
 221+ ADA0 32 56 43         ld (Decenas_Score_3),a
 222+ ADA3
 223+ ADA3 E1               pop hl
 224+ ADA4
 225+ ADA4 7D               ld a,l
 226+ ADA5 32 56 44         ld (Decenas_Score_4),a
 227+ ADA8
 228+ ADA8 7C               ld a,h
 229+ ADA9 32 56 45         ld (Decenas_Score_5),a
 230+ ADAC
 231+ ADAC E1               pop hl
 232+ ADAD
 233+ ADAD 7D               ld a,l
 234+ ADAE 32 56 46         ld (Decenas_Score_6),a
 235+ ADB1
 236+ ADB1 7C               ld a,h
 237+ ADB2 32 56 47         ld (Decenas_Score_7),a
 238+ ADB5
 239+ ADB5              ;   Consulta dígito de Ctrl.
 240+ ADB5
 241+ ADB5 3A AB 94         ld a,(Score_Ctrl)
 242+ ADB8 E6 FC            and %11111100
 243+ ADBA CA 43 AE         jp z,Exit_1
 244+ ADBD
 245+ ADBD              ;   Centenas.
 246+ ADBD
 247+ ADBD ED 7B A5 94      ld sp,(Puntero_de_centenas_Score)
 248+ ADC1
 249+ ADC1 E1               pop hl
 250+ ADC2
 251+ ADC2 7D               ld a,l
 252+ ADC3 32 55 40         ld (Centenas_Score),a
 253+ ADC6
 254+ ADC6 7C               ld a,h
 255+ ADC7 32 55 41         ld (Centenas_Score_1),a
 256+ ADCA
 257+ ADCA E1               pop hl
 258+ ADCB
 259+ ADCB 7D               ld a,l
 260+ ADCC 32 55 42         ld (Centenas_Score_2),a
 261+ ADCF
 262+ ADCF 7C               ld a,h
 263+ ADD0 32 55 43         ld (Centenas_Score_3),a
 264+ ADD3
 265+ ADD3 E1               pop hl
 266+ ADD4
 267+ ADD4 7D               ld a,l
 268+ ADD5 32 55 44         ld (Centenas_Score_4),a
 269+ ADD8
 270+ ADD8 7C               ld a,h
 271+ ADD9 32 55 45         ld (Centenas_Score_5),a
 272+ ADDC
 273+ ADDC E1               pop hl
 274+ ADDD
 275+ ADDD 7D               ld a,l
 276+ ADDE 32 55 46         ld (Centenas_Score_6),a
 277+ ADE1
 278+ ADE1 7C               ld a,h
 279+ ADE2 32 55 47         ld (Centenas_Score_7),a
 280+ ADE5
 281+ ADE5              ;   Consulta dígito de Ctrl.
 282+ ADE5
 283+ ADE5 3A AB 94         ld a,(Score_Ctrl)
 284+ ADE8 E6 F8            and %11111000
 285+ ADEA 28 57            jr z,Exit_1
 286+ ADEC
 287+ ADEC              ;   Unidades_de_millar.
 288+ ADEC
 289+ ADEC ED 7B A7 94      ld sp,(Puntero_de_um_Score)
 290+ ADF0
 291+ ADF0 E1               pop hl
 292+ ADF1
 293+ ADF1 7D               ld a,l
 294+ ADF2 32 54 40         ld (Unidades_de_millar_Score),a
 295+ ADF5
 296+ ADF5 7C               ld a,h
 297+ ADF6 32 54 41         ld (Unidades_de_millar_Score_1),a
 298+ ADF9
 299+ ADF9 E1               pop hl
 300+ ADFA
 301+ ADFA 7D               ld a,l
 302+ ADFB 32 54 42         ld (Unidades_de_millar_Score_2),a
 303+ ADFE
 304+ ADFE 7C               ld a,h
 305+ ADFF 32 54 43         ld (Unidades_de_millar_Score_3),a
 306+ AE02
 307+ AE02 E1               pop hl
 308+ AE03
 309+ AE03 7D               ld a,l
 310+ AE04 32 54 44         ld (Unidades_de_millar_Score_4),a
 311+ AE07
 312+ AE07 7C               ld a,h
 313+ AE08 32 54 45         ld (Unidades_de_millar_Score_5),a
 314+ AE0B
 315+ AE0B E1               pop hl
 316+ AE0C
 317+ AE0C 7D               ld a,l
 318+ AE0D 32 54 46         ld (Unidades_de_millar_Score_6),a
 319+ AE10
 320+ AE10 7C               ld a,h
 321+ AE11 32 54 47         ld (Unidades_de_millar_Score_7),a
 322+ AE14
 323+ AE14              ;   Decenas_de_millar.
 324+ AE14
 325+ AE14              ;   Consulta dígito de Ctrl.
 326+ AE14
 327+ AE14 3A AB 94         ld a,(Score_Ctrl)
 328+ AE17 E6 F0            and %11110000
 329+ AE19 28 28            jr z,Exit_1
 330+ AE1B
 331+ AE1B ED 7B A9 94      ld sp,(Puntero_de_dm_Score)
 332+ AE1F
 333+ AE1F E1               pop hl
 334+ AE20
 335+ AE20 7D               ld a,l
 336+ AE21 32 53 40         ld (Decenas_de_millar_Score),a
 337+ AE24
 338+ AE24 7C               ld a,h
 339+ AE25 32 53 41         ld (Decenas_de_millar_Score_1),a
 340+ AE28
 341+ AE28 E1               pop hl
 342+ AE29
 343+ AE29 7D               ld a,l
 344+ AE2A 32 53 42         ld (Decenas_de_millar_Score_2),a
 345+ AE2D
 346+ AE2D 7C               ld a,h
 347+ AE2E 32 53 43         ld (Decenas_de_millar_Score_3),a
 348+ AE31
 349+ AE31 E1               pop hl
 350+ AE32
 351+ AE32 7D               ld a,l
 352+ AE33 32 53 44         ld (Decenas_de_millar_Score_4),a
 353+ AE36
 354+ AE36 7C               ld a,h
 355+ AE37 32 53 45         ld (Decenas_de_millar_Score_5),a
 356+ AE3A
 357+ AE3A E1               pop hl
 358+ AE3B
 359+ AE3B 7D               ld a,l
 360+ AE3C 32 53 46         ld (Decenas_de_millar_Score_6),a
 361+ AE3F
 362+ AE3F 7C               ld a,h
 363+ AE40 32 53 47         ld (Decenas_de_millar_Score_7),a
 364+ AE43
 365+ AE43              Exit_1
 366+ AE43
 367+ AE43 AF               xor a
 368+ AE44 32 AB 94         ld (Score_Ctrl),a
 369+ AE47
 370+ AE47 ED 7B 22 94      ld sp,(Stack)
 371+ AE4B
 372+ AE4B C9               ret
 373+ AE4C
 374+ AE4C              ;---------------------------------------------------------------------
 375+ AE4C              ;   Imprime el cartel SCORE: (Encima del marcador de puntuación).
 376+ AE4C              ;
 377+ AE4C              ;   10/10/25
 378+ AE4C              ;
 379+ AE4C
 380+ AE4C              Imprime_SCORE:
 381+ AE4C
 382+ AE4C 21 12 40         ld hl,$4012                       ;$4019
 383+ AE4F 11 C0 8E         ld de,_Sc
 384+ AE52 CD 62 AE         call bp
 385+ AE55
 386+ AE55 11 E0 8A         ld de,_or
 387+ AE58 CD 62 AE         call bp
 388+ AE5B
 389+ AE5B 11 D4 8C         ld de,_e
 390+ AE5E CD 62 AE         call bp
 391+ AE61
 392+ AE61 C9               ret
 393+ AE62
 394+ AE62 E5           bp push hl
 395+ AE63 01 02 02         ld bc,$0202
 396+ AE66 3E 45            ld a,%01000101
 397+ AE68 CD 3E 9E         call Pinta_imagen
 398+ AE6B E1               pop hl
 399+ AE6C
 400+ AE6C 2C               inc l
 401+ AE6D 2C               inc l
 402+ AE6E
 403+ AE6E C9               ret
 404+ AE6F
 405+ AE6F              ;---------------------------------------------------------------------
 406+ AE6F              ;   Imprime el contador: ENEMIGOS RESTANTES.
 407+ AE6F              ;
 408+ AE6F              ;   4/10/25
 409+ AE6F              ;
 410+ AE6F              ;   MODIFY:HL
 411+ AE6F              ;
 412+ AE6F
 413+ AE6F              ;   Decenas.
 414+ AE6F
 415+ AE6F              Print_enemy_counter:
 416+ AE6F
 417+ AE6F ED 73 22 94      ld (Stack),sp
 418+ AE73 ED 7B 97 94      ld sp,(Puntero_decenas_grandes)
 419+ AE77
 420+ AE77 E1               pop hl
 421+ AE78 22 0B 40         ld (Decenas_cont_ent),hl
 422+ AE7B
 423+ AE7B E1               pop hl
 424+ AE7C 22 0B 41         ld (Decenas_cont_ent_1),hl
 425+ AE7F
 426+ AE7F E1               pop hl
 427+ AE80 22 0B 42         ld (Decenas_cont_ent_2),hl
 428+ AE83
 429+ AE83 E1               pop hl
 430+ AE84 22 0B 43         ld (Decenas_cont_ent_3),hl
 431+ AE87
 432+ AE87 E1               pop hl
 433+ AE88 22 0B 44         ld (Decenas_cont_ent_4),hl
 434+ AE8B
 435+ AE8B E1               pop hl
 436+ AE8C 22 0B 45         ld (Decenas_cont_ent_5),hl
 437+ AE8F
 438+ AE8F E1               pop hl
 439+ AE90 22 0B 46         ld (Decenas_cont_ent_6),hl
 440+ AE93
 441+ AE93 E1               pop hl
 442+ AE94 22 0B 47         ld (Decenas_cont_ent_7),hl
 443+ AE97
 444+ AE97 E1               pop hl
 445+ AE98 22 2B 40         ld (Decenas_cont_ent_8),hl
 446+ AE9B
 447+ AE9B E1               pop hl
 448+ AE9C 22 2B 41         ld (Decenas_cont_ent_9),hl
 449+ AE9F
 450+ AE9F E1               pop hl
 451+ AEA0 22 2B 42         ld (Decenas_cont_ent_10),hl
 452+ AEA3
 453+ AEA3 E1               pop hl
 454+ AEA4 22 2B 43         ld (Decenas_cont_ent_11),hl
 455+ AEA7
 456+ AEA7 E1               pop hl
 457+ AEA8 22 2B 44         ld (Decenas_cont_ent_12),hl
 458+ AEAB
 459+ AEAB E1               pop hl
 460+ AEAC 22 2B 45         ld (Decenas_cont_ent_13),hl
 461+ AEAF
 462+ AEAF E1               pop hl
 463+ AEB0 22 2B 46         ld (Decenas_cont_ent_14),hl
 464+ AEB3
 465+ AEB3 E1               pop hl
 466+ AEB4 22 2B 47         ld (Decenas_cont_ent_15),hl
 467+ AEB7
 468+ AEB7 E1               pop hl
 469+ AEB8 22 4B 40         ld (Decenas_cont_ent_16),hl
 470+ AEBB
 471+ AEBB E1               pop hl
 472+ AEBC 22 4B 41         ld (Decenas_cont_ent_17),hl
 473+ AEBF
 474+ AEBF E1               pop hl
 475+ AEC0 22 4B 42         ld (Decenas_cont_ent_18),hl
 476+ AEC3
 477+ AEC3 E1               pop hl
 478+ AEC4 22 4B 43         ld (Decenas_cont_ent_19),hl
 479+ AEC7
 480+ AEC7 E1               pop hl
 481+ AEC8 22 4B 44         ld (Decenas_cont_ent_20),hl
 482+ AECB
 483+ AECB E1               pop hl
 484+ AECC 22 4B 45         ld (Decenas_cont_ent_21),hl
 485+ AECF
 486+ AECF E1               pop hl
 487+ AED0 22 4B 46         ld (Decenas_cont_ent_22),hl
 488+ AED3
 489+ AED3 E1               pop hl
 490+ AED4 22 4B 47         ld (Decenas_cont_ent_23),hl
 491+ AED7
 492+ AED7              ;   Unidades.
 493+ AED7
 494+ AED7 ED 7B 95 94      ld sp,(Puntero_unidades_grandes)
 495+ AEDB
 496+ AEDB E1               pop hl
 497+ AEDC 22 0D 40         ld (Unidades_cont_ent),hl
 498+ AEDF
 499+ AEDF E1               pop hl
 500+ AEE0 22 0D 41         ld (Unidades_cont_ent_1),hl
 501+ AEE3
 502+ AEE3 E1               pop hl
 503+ AEE4 22 0D 42         ld (Unidades_cont_ent_2),hl
 504+ AEE7
 505+ AEE7 E1               pop hl
 506+ AEE8 22 0D 43         ld (Unidades_cont_ent_3),hl
 507+ AEEB
 508+ AEEB E1               pop hl
 509+ AEEC 22 0D 44         ld (Unidades_cont_ent_4),hl
 510+ AEEF
 511+ AEEF E1               pop hl
 512+ AEF0 22 0D 45         ld (Unidades_cont_ent_5),hl
 513+ AEF3
 514+ AEF3 E1               pop hl
 515+ AEF4 22 0D 46         ld (Unidades_cont_ent_6),hl
 516+ AEF7
 517+ AEF7 E1               pop hl
 518+ AEF8 22 0D 47         ld (Unidades_cont_ent_7),hl
 519+ AEFB
 520+ AEFB E1               pop hl
 521+ AEFC 22 2D 40         ld (Unidades_cont_ent_8),hl
 522+ AEFF
 523+ AEFF E1               pop hl
 524+ AF00 22 2D 41         ld (Unidades_cont_ent_9),hl
 525+ AF03
 526+ AF03 E1               pop hl
 527+ AF04 22 2D 42         ld (Unidades_cont_ent_10),hl
 528+ AF07
 529+ AF07 E1               pop hl
 530+ AF08 22 2D 43         ld (Unidades_cont_ent_11),hl
 531+ AF0B
 532+ AF0B E1               pop hl
 533+ AF0C 22 2D 44         ld (Unidades_cont_ent_12),hl
 534+ AF0F
 535+ AF0F E1               pop hl
 536+ AF10 22 2D 45         ld (Unidades_cont_ent_13),hl
 537+ AF13
 538+ AF13 E1               pop hl
 539+ AF14 22 2D 46         ld (Unidades_cont_ent_14),hl
 540+ AF17
 541+ AF17 E1               pop hl
 542+ AF18 22 2D 47         ld (Unidades_cont_ent_15),hl
 543+ AF1B
 544+ AF1B E1               pop hl
 545+ AF1C 22 4D 40         ld (Unidades_cont_ent_16),hl
 546+ AF1F
 547+ AF1F E1               pop hl
 548+ AF20 22 4D 41         ld (Unidades_cont_ent_17),hl
 549+ AF23
 550+ AF23 E1               pop hl
 551+ AF24 22 4D 42         ld (Unidades_cont_ent_18),hl
 552+ AF27
 553+ AF27 E1               pop hl
 554+ AF28 22 4D 43         ld (Unidades_cont_ent_19),hl
 555+ AF2B
 556+ AF2B E1               pop hl
 557+ AF2C 22 4D 44         ld (Unidades_cont_ent_20),hl
 558+ AF2F
 559+ AF2F E1               pop hl
 560+ AF30 22 4D 45         ld (Unidades_cont_ent_21),hl
 561+ AF33
 562+ AF33 E1               pop hl
 563+ AF34 22 4D 46         ld (Unidades_cont_ent_22),hl
 564+ AF37
 565+ AF37 E1               pop hl
 566+ AF38 22 4D 47         ld (Unidades_cont_ent_23),hl
 567+ AF3B
 568+ AF3B ED 7B 22 94      ld sp,(Stack)
 569+ AF3F
 570+ AF3F              ;   Attrs.
 571+ AF3F
 572+ AF3F 21 0B 40         ld hl,Decenas_cont_ent
 573+ AF42 CD D2 9D         call Calcula_direccion_atributos
 574+ AF45
 575+ AF45 3A 99 94         ld a, (Attr_big_counter)
 576+ AF48 ED 7B 22 94      ld sp,(Stack)
 577+ AF4C CD 6F AF         call Pintor
 577+ AF4F
 578+ AF4F
 579+ AF4F 21 2B 40         ld hl,Decenas_cont_ent_8
 580+ AF52 CD D2 9D         call Calcula_direccion_atributos
 581+ AF55
 582+ AF55 3A 99 94         ld a, (Attr_big_counter)
 583+ AF58 ED 7B 22 94      ld sp,(Stack)
 584+ AF5C CD 6F AF         call Pintor
 584+ AF5F
 585+ AF5F
 586+ AF5F 21 4B 40         ld hl,Decenas_cont_ent_16
 587+ AF62 CD D2 9D         call Calcula_direccion_atributos
 588+ AF65
 589+ AF65 3A 99 94         ld a, (Attr_big_counter)
 590+ AF68 ED 7B 22 94      ld sp,(Stack)
 591+ AF6C CD 6F AF         call Pintor
 591+ AF6F
 592+ AF6F
 593+ AF6F              Pintor:
 594+ AF6F
 595+ AF6F 77               ld (hl),a
 596+ AF70 2C               inc l
 597+ AF71 77               ld (hl),a
 598+ AF72 2C               inc l
 599+ AF73 77               ld (hl),a
 600+ AF74 2C               inc l
 601+ AF75 77               ld (hl),a
 602+ AF76
 603+ AF76 C9               ret
 604+ AF77
 605+ AF77              ; ------------------------------------------------------------------------
 606+ AF77              ;
 607+ AF77              ;   26/9/25
 608+ AF77              ;
 609+ AF77              ;   Pinta un sprite de Amadeus en la parte superior izquierda de la pantalla.
 610+ AF77              ;
 611+ AF77              ;   MODIFY: A,HL,BC y DE
 612+ AF77
 613+ AF77
 614+ AF77              Pinta_Vida:
 615+ AF77
 616+ AF77 ED 73 22 94      ld (Stack),sp
 617+ AF7B ED 7B 91 94      ld sp,(Puntero_de_vidas)
 618+ AF7F
 619+ AF7F E1               pop hl
 620+ AF80 D1               pop de
 621+ AF81 C1               pop bc
 622+ AF82
 623+ AF82 ED 73 91 94      ld (Puntero_de_vidas),sp
 624+ AF86
 625+ AF86 ED 7B 22 94      ld sp,(Stack)
 626+ AF8A
 627+ AF8A 3E 45            ld a,%01000101                                                  ; Cyan.
 628+ AF8C
 629+ AF8C CD 3E 9E         call Pinta_imagen
 630+ AF8F
 631+ AF8F C9               ret
 632+ AF90
 633+ AF90              Borra_vida:
 634+ AF90
 635+ AF90 21 4D 94         ld hl,Ctrl_4
 636+ AF93 CB B6            res 6,(hl)                                                      ; Inicializa FLAG, para poder seguir borrando vidas.
 637+ AF95
 638+ AF95              ;   Situamos (Puntero_de_vidas) en la posición correcta y actualizamos (Puntero_de_vidas).
 639+ AF95
 640+ AF95 01 06 00         ld bc,6
 641+ AF98
 642+ AF98 2A 91 94         ld hl,(Puntero_de_vidas)
 643+ AF9B ED 42            sbc hl,bc
 644+ AF9D 22 91 94         ld (Puntero_de_vidas),hl
 645+ AFA0
 646+ AFA0 E5               push hl
 647+ AFA1
 648+ AFA1 CD 77 AF         call Pinta_Vida
 649+ AFA4
 650+ AFA4 E1               pop hl
 651+ AFA5
 652+ AFA5 22 91 94         ld (Puntero_de_vidas),hl
 653+ AFA8
 654+ AFA8 C9               ret
 655+ AFA9
 656+ AFA9              Pinta_Escudo:
 657+ AFA9
 658+ AFA9 ED 73 22 94      ld (Stack),sp
 659+ AFAD ED 7B 8F 94      ld sp,(Puntero_de_escudos)
 660+ AFB1
 661+ AFB1 E1               pop hl
 662+ AFB2 D1               pop de
 663+ AFB3 C1               pop bc
 664+ AFB4
 665+ AFB4 ED 73 8F 94      ld (Puntero_de_escudos),sp
 666+ AFB8
 667+ AFB8 ED 7B 22 94      ld sp,(Stack)
 668+ AFBC
 669+ AFBC 3E 47            ld a,%01000111                                                  ; White.
 670+ AFBE
 671+ AFBE CD 3E 9E         call Pinta_imagen
 672+ AFC1
 673+ AFC1 C9               ret
 674+ AFC2
 675+ AFC2              Borra_escudo:
 676+ AFC2
 677+ AFC2 21 E5 93         ld hl,Ctrl_2
 678+ AFC5 CB BE            res 7,(hl)                                                      ; Inicializa FLAG, para poder seguir borrando escudos.
 679+ AFC7
 680+ AFC7 01 06 00         ld bc,6
 681+ AFCA
 682+ AFCA 2A 8F 94         ld hl,(Puntero_de_escudos)
 683+ AFCD ED 42            sbc hl,bc
 684+ AFCF 22 8F 94         ld (Puntero_de_escudos),hl
 685+ AFD2
 686+ AFD2 E5               push hl
 687+ AFD3
 688+ AFD3 CD A9 AF         call Pinta_Escudo
 689+ AFD6
 690+ AFD6 E1               pop hl
 691+ AFD7
 692+ AFD7 22 8F 94         ld (Puntero_de_escudos),hl
 693+ AFDA
 694+ AFDA C9               ret
 695+ AFDB
 696+ AFDB              ; --------------------------------------------------------------------------------------
 697+ AFDB              ;
 698+ AFDB              ;   2/4/25
 699+ AFDB              ;
 700+ AFDB
 701+ AFDB              ;   Estructura de un disparo de entidades.
 702+ AFDB
 703+ AFDB              ;   Disparo_1 defw 0                                ; Puntero objeto.
 704+ AFDB              ;   defw 0                                          ; Puntero de impresión.
 705+ AFDB              ;   defw 0                                          ; Control.
 706+ AFDB
 707+ AFDB              ;   El byte bajo de Control indica la velocidad a la que fué lanzado el disparo, (Velocidad)_
 708+ AFDB              ;   _de la entidad en el momento de disparar.
 709+ AFDB
 710+ AFDB              ;   El byte de control muestra la siguiente información:
 711+ AFDB
 712+ AFDB              ;   Nibble alto    ..... Bits (6) y (7) ..... Indican si el disparo va hacia la derecha o hacia la izquierda.
 713+ AFDB              ;
 714+ AFDB              ;                        10xx ..... Izquierda.
 715+ AFDB              ;                        01xx ..... Derecha.
 716+ AFDB              ;                        00xx ..... Recto.
 717+ AFDB
 718+ AFDB              Pinta_disparos_Entidades:
 719+ AFDB
 720+ AFDB ED 73 22 94      ld (Stack),sp
 721+ AFDF ED 7B 34 94      ld sp,(Album_de_borrado_disparos_Entidades)
 722+ AFE3
 723+ AFE3 3E 02            ld a,2
 724+ AFE5 08               ex af,af
 725+ AFE6
 726+ AFE6 0E 47            ld c,%01000111         ; (Attr). de los disparos.
 727+ AFE8
 728+ AFE8 06 07        3 ld b,7                           ; Nº máximo de disparos. Fuerza la salida del album cuando hemos pintado 7 veces_
 729+ AFEA              ;                                      _ aunque IYL+IYH+E no sea "0". (No hay separacíon entre el álbum de borrado y el de pintado).
 730+ AFEA              ;                                      _ No encontraría "0".
 731+ AFEA
 732+ AFEA FD E1        4 pop iy
 733+ AFEC D1               pop de                              ; 1er .db IYL
 734+ AFED              ;                                      ; 2º  .db IYH
 735+ AFED              ;                                      ; 3er .db E.
 736+ AFED              ;                                      ; .db que pintan el disparo, ej.: $18 $00 $00, (Puntero_objeto) del disparo, 3 .db's.
 737+ AFED
 738+ AFED              ;   Album vacío ???
 739+ AFED
 740+ AFED FD 7D            ld a,iyl
 741+ AFEF FD 84            add iyh
 742+ AFF1 83               add e
 743+ AFF2 28 38            jr z,1F                          ; Álbum vacío salta a 1F.
 744+ AFF4
 745+ AFF4              ;   Imprime album, (contiene datos).
 746+ AFF4
 747+ AFF4 3B               dec sp
 748+ AFF5
 749+ AFF5 E1               pop hl                          ; Puntero de impresión del 1er scanline en HL.
 750+ AFF6 E5               push hl
 751+ AFF7
 752+ AFF7              ; Atributos.
 753+ AFF7
 754+ AFF7 7C               ld a,h
 755+ AFF8 E6 18            and $18
 756+ AFFA CB 2F            sra a
 757+ AFFC CB 2F            sra a
 758+ AFFE CB 2F            sra a
 759+ B000 C6 58            add $58
 760+ B002 67               ld h,a
 761+ B003
 762+ B003 2D               dec l
 763+ B004 2D               dec l
 764+ B005 71               ld (hl),c
 765+ B006 2C               inc l
 766+ B007 71               ld (hl),c
 767+ B008 2C               inc l
 768+ B009 71               ld (hl),c
 769+ B00A 2C               inc l
 770+ B00B 71               ld (hl),c
 771+ B00C 2C               inc l
 772+ B00D 71               ld (hl),c
 773+ B00E
 774+ B00E              ; Imprime el 1er scanline del disparo.
 775+ B00E
 776+ B00E E1               pop hl
 777+ B00F
 778+ B00F FD 7D            ld a,iyl
 779+ B011 AE               xor (hl)
 780+ B012 77               ld (hl),a
 781+ B013
 782+ B013 2C               inc l
 783+ B014
 784+ B014 FD 7C            ld a,iyh
 785+ B016 AE               xor (hl)
 786+ B017 77               ld (hl),a
 787+ B018
 788+ B018 2C               inc l
 789+ B019
 790+ B019 7B               ld a,e
 791+ B01A AE               xor (hl)
 792+ B01B 77               ld (hl),a
 793+ B01C
 794+ B01C              ; Imprime el 2º scanline del disparo.
 795+ B01C
 796+ B01C E1               pop hl                          ; Puntero de impresión del 2º scanline en HL.
 797+ B01D
 798+ B01D FD 7D            ld a,iyl
 799+ B01F AE               xor (hl)
 800+ B020 77               ld (hl),a
 801+ B021
 802+ B021 2C               inc l
 803+ B022
 804+ B022 FD 7C            ld a,iyh
 805+ B024 AE               xor (hl)
 806+ B025 77               ld (hl),a
 807+ B026
 808+ B026 2C               inc l
 809+ B027
 810+ B027 7B               ld a,e
 811+ B028 AE               xor (hl)
 812+ B029 77               ld (hl),a
 813+ B02A
 814+ B02A 10 BE            djnz 4B
 815+ B02C
 816+ B02C 08           1 ex af,af
 817+ B02D 3D               dec a
 818+ B02E 20 05            jr nz,2F
 819+ B030
 820+ B030 ED 7B 22 94      ld sp,(Stack)
 821+ B034 C9               ret
 822+ B035
 823+ B035 ED 7B 32 94  2 ld sp,(Album_de_pintado_disparos_Entidades)
 824+ B039 08               ex af,af
 825+ B03A 18 AC            jr 3B
 826+ B03C
 827+ B03C              ; --------------------------------------------------------------------------------------
 828+ B03C              ;
 829+ B03C              ;   2/4/25
 830+ B03C              ;
 831+ B03C              ;   Pinta los dos scanlines y char. de atributos del disparo de Amadeus.
 832+ B03C
 833+ B03C              Pinta_disparos_Amadeus:
 834+ B03C
 835+ B03C 06 02            ld b,2                                                        ; 2 Albumes, (borrado y pintado).
 836+ B03E
 837+ B03E 0E 47            ld c,%01000111                                                 ; Attr del disparo Blanco.
 838+ B040
 839+ B040 ED 73 22 94      ld (Stack),sp
 840+ B044 ED 7B 30 94      ld sp,(Album_de_borrado_disparos_Amadeus)
 841+ B048
 842+ B048 D1           3 pop de
 843+ B049
 844+ B049 14               inc d
 845+ B04A 15               dec d
 846+ B04B 28 30            jr z,1F                                                       ; Álbum vacío salta a 1F.
 847+ B04D
 848+ B04D              ; Existen disparos en alguno de los 2 albumes.
 849+ B04D
 850+ B04D E1               pop hl                                                      ; (Puntero de impresion) del disparo en HL.
 851+ B04E E5               push hl
 852+ B04F
 853+ B04F              ; Atributos.
 854+ B04F
 855+ B04F 7C               ld a,h
 856+ B050 E6 18            and $18
 857+ B052 CB 2F            sra a
 858+ B054 CB 2F            sra a
 859+ B056 CB 2F            sra a
 860+ B058 C6 58            add $58
 861+ B05A 67               ld h,a
 862+ B05B
 863+ B05B 2D               dec l
 864+ B05C 71               ld (hl),c
 865+ B05D 2C               inc l
 866+ B05E 71               ld (hl),c
 867+ B05F 2C               inc l
 868+ B060 71               ld (hl),c
 869+ B061
 870+ B061              Imprime_scanlines_en_pantalla
 871+ B061
 872+ B061              ; (Puntero_objeto) del disparo en DE.
 873+ B061              ; (Puntero_de_impresion) en HL.
 874+ B061
 875+ B061              ; 1er scanline
 876+ B061
 877+ B061 E1               pop hl
 878+ B062
 879+ B062 1A               ld a,(de)
 880+ B063 AE               xor (hl)
 881+ B064 77               ld (hl),a
 882+ B065
 883+ B065 1C               inc e
 884+ B066 2C               inc l
 885+ B067
 886+ B067 1A               ld a,(de)
 887+ B068 AE               xor (hl)
 888+ B069 77               ld (hl),a
 889+ B06A
 890+ B06A 1D               dec e
 891+ B06B E1               pop hl
 892+ B06C
 893+ B06C              ; 2º scanline
 894+ B06C
 895+ B06C 1A               ld a,(de)
 896+ B06D AE               xor (hl)
 897+ B06E 77               ld (hl),a
 898+ B06F
 899+ B06F 1C               inc e
 900+ B070 2C               inc l
 901+ B071
 902+ B071 1A               ld a,(de)
 903+ B072 AE               xor (hl)
 904+ B073 77               ld (hl),a
 905+ B074
 906+ B074 1D               dec e
 907+ B075
 908+ B075 18 06            jr 1F
 909+ B077
 910+ B077 ED 7B 2E 94  2 ld sp,(Album_de_pintado_disparos_Amadeus)
 911+ B07B 18 CB            jr 3B
 912+ B07D
 913+ B07D 10 F8        1 djnz 2B
 914+ B07F
 915+ B07F ED 7B 22 94      ld sp,(Stack)
 916+ B083
 917+ B083 C9               ret
 918+ B084
 919+ B084              ; -----------------------------------------------------------------------------
 920+ B084              ;
 921+ B084              ;   1/4/25
 922+ B084              ;
 923+ B084              ;   INPUT: A contiene (Columnas).
 924+ B084              ;          C contiene (Attr).
 925+ B084
 926+ B084              Pinta_Sprites:
 927+ B084
 928+ B084 ED 73 22 94      ld (Stack),sp
 929+ B088
 930+ B088 EB               ex de,hl                            ; HL se encuentra en el álbum de líneas.
 931+ B089              ;                                       ; DE se encuentra en los datos del sprite.
 932+ B089 2C               inc l
 933+ B08A 2C               inc l
 934+ B08B
 935+ B08B 46               ld b,(hl)                           ; B contiene el nº de scanlines a imprimir.
 936+ B08C
 937+ B08C 2C               inc l
 938+ B08D F9               ld sp,hl                            ; El SP irá extrayendo scanlines en HL.
 939+ B08E
 940+ B08E              ;   Seleccionamos rutina de impresión:
 941+ B08E
 942+ B08E 08               ex af,af                            ; (Columnas) en AF´.
 943+ B08F
 944+ B08F 3E 10            ld a,16
 945+ B091 B8               cp b
 946+ B092 C2 A6 B3         jp nz,Pinta_lento                   ; Si el sprite no se imprime completo utilizamos la 2ª rutina de pintado.
 947+ B095
 948+ B095              ;   Rutinas:
 949+ B095
 950+ B095              Pinta_rapido                            ;   1520 t/states.
 951+ B095
 952+ B095 3A FB 93         ld a,(Columnas)
 953+ B098 3D               dec a
 954+ B099 CA E9 B2         jp z,Pinta_rapido_1_Columna
 955+ B09C 3D               dec a
 956+ B09D CA E7 B1         jp z,Pinta_rapido_2_Columnas
 957+ B0A0
 958+ B0A0              Pinta_rapido_3_Columnas
 959+ B0A0
 960+ B0A0              ; Attr. 3 (Columnas).
 961+ B0A0
 962+ B0A0 E1               pop hl
 963+ B0A1 E5               push hl
 964+ B0A2
 965+ B0A2              ; Comprobamos si necesitamos 3 o 2 (Filas) de Attrs.
 966+ B0A2
 967+ B0A2 7C               ld a,h
 968+ B0A3 FE 48            cp $48
 969+ B0A5 28 0C            jr z,4F              ; Si H = "$48" sólo se aplican 2 Filas de Attrs.
 970+ B0A7
 971+ B0A7 E6 0F            and $0f
 972+ B0A9 28 08            jr z,4F              ; Si H = "$40" o "$50" sólo se aplican 2 Filas de Attrs.
 973+ B0AB
 974+ B0AB              ; Indica 3 Filas de attr.
 975+ B0AB
 976+ B0AB 3A 4D 94         ld a,(Ctrl_4)
 977+ B0AE CB E7            set 4,a
 978+ B0B0 32 4D 94         ld (Ctrl_4),a
 979+ B0B3
 980+ B0B3 7C           4 ld a,h
 981+ B0B4 E6 18            and $18
 982+ B0B6 CB 2F            sra a
 983+ B0B8 CB 2F            sra a
 984+ B0BA CB 2F            sra a
 985+ B0BC C6 58            add $58
 986+ B0BE 67               ld h,a
 987+ B0BF
 988+ B0BF 71               ld (hl),c
 989+ B0C0 2C               inc l
 990+ B0C1 71               ld (hl),c
 991+ B0C2 2C               inc l
 992+ B0C3 71               ld (hl),c
 993+ B0C4
 994+ B0C4              ; ----- ----- -----
 995+ B0C4
 996+ B0C4 E1               pop hl
 997+ B0C5
 998+ B0C5 1A               ld a,(de)
 999+ B0C6 AE               xor (hl)
1000+ B0C7 77               ld (hl),a
1001+ B0C8 2C               inc l
1002+ B0C9 1C               inc e
1003+ B0CA 1A               ld a,(de)
1004+ B0CB AE               xor (hl)
1005+ B0CC 77               ld (hl),a
1006+ B0CD 2C               inc l
1007+ B0CE 1C               inc e
1008+ B0CF 1A               ld a,(de)
1009+ B0D0 AE               xor (hl)
1010+ B0D1 77               ld (hl),a
1011+ B0D2 1C               inc e
1012+ B0D3
1013+ B0D3 E1               pop hl
1014+ B0D4
1015+ B0D4 1A               ld a,(de)
1016+ B0D5 AE               xor (hl)
1017+ B0D6 77               ld (hl),a
1018+ B0D7 2C               inc l
1019+ B0D8 1C               inc e
1020+ B0D9 1A               ld a,(de)
1021+ B0DA AE               xor (hl)
1022+ B0DB 77               ld (hl),a
1023+ B0DC 2C               inc l
1024+ B0DD 1C               inc e
1025+ B0DE 1A               ld a,(de)
1026+ B0DF AE               xor (hl)
1027+ B0E0 77               ld (hl),a
1028+ B0E1 1C               inc e
1029+ B0E2
1030+ B0E2 E1               pop hl
1031+ B0E3
1032+ B0E3 1A               ld a,(de)
1033+ B0E4 AE               xor (hl)
1034+ B0E5 77               ld (hl),a
1035+ B0E6 2C               inc l
1036+ B0E7 1C               inc e
1037+ B0E8 1A               ld a,(de)
1038+ B0E9 AE               xor (hl)
1039+ B0EA 77               ld (hl),a
1040+ B0EB 2C               inc l
1041+ B0EC 1C               inc e
1042+ B0ED 1A               ld a,(de)
1043+ B0EE AE               xor (hl)
1044+ B0EF 77               ld (hl),a
1045+ B0F0 1C               inc e
1046+ B0F1
1047+ B0F1 E1               pop hl
1048+ B0F2
1049+ B0F2 1A               ld a,(de)
1050+ B0F3 AE               xor (hl)
1051+ B0F4 77               ld (hl),a
1052+ B0F5 2C               inc l
1053+ B0F6 1C               inc e
1054+ B0F7 1A               ld a,(de)
1055+ B0F8 AE               xor (hl)
1056+ B0F9 77               ld (hl),a
1057+ B0FA 2C               inc l
1058+ B0FB 1C               inc e
1059+ B0FC 1A               ld a,(de)
1060+ B0FD AE               xor (hl)
1061+ B0FE 77               ld (hl),a
1062+ B0FF 1C               inc e
1063+ B100
1064+ B100 E1               pop hl
1065+ B101
1066+ B101 1A               ld a,(de)
1067+ B102 AE               xor (hl)
1068+ B103 77               ld (hl),a
1069+ B104 2C               inc l
1070+ B105 1C               inc e
1071+ B106 1A               ld a,(de)
1072+ B107 AE               xor (hl)
1073+ B108 77               ld (hl),a
1074+ B109 2C               inc l
1075+ B10A 1C               inc e
1076+ B10B 1A               ld a,(de)
1077+ B10C AE               xor (hl)
1078+ B10D 77               ld (hl),a
1079+ B10E 1C               inc e
1080+ B10F
1081+ B10F E1               pop hl
1082+ B110
1083+ B110 1A               ld a,(de)
1084+ B111 AE               xor (hl)
1085+ B112 77               ld (hl),a
1086+ B113 2C               inc l
1087+ B114 1C               inc e
1088+ B115 1A               ld a,(de)
1089+ B116 AE               xor (hl)
1090+ B117 77               ld (hl),a
1091+ B118 2C               inc l
1092+ B119 1C               inc e
1093+ B11A 1A               ld a,(de)
1094+ B11B AE               xor (hl)
1095+ B11C 77               ld (hl),a
1096+ B11D 1C               inc e
1097+ B11E
1098+ B11E E1               pop hl
1099+ B11F
1100+ B11F 1A               ld a,(de)
1101+ B120 AE               xor (hl)
1102+ B121 77               ld (hl),a
1103+ B122 2C               inc l
1104+ B123 1C               inc e
1105+ B124 1A               ld a,(de)
1106+ B125 AE               xor (hl)
1107+ B126 77               ld (hl),a
1108+ B127 2C               inc l
1109+ B128 1C               inc e
1110+ B129 1A               ld a,(de)
1111+ B12A AE               xor (hl)
1112+ B12B 77               ld (hl),a
1113+ B12C 1C               inc e
1114+ B12D
1115+ B12D E1               pop hl
1116+ B12E
1117+ B12E 1A               ld a,(de)
1118+ B12F AE               xor (hl)
1119+ B130 77               ld (hl),a
1120+ B131 2C               inc l
1121+ B132 1C               inc e
1122+ B133 1A               ld a,(de)
1123+ B134 AE               xor (hl)
1124+ B135 77               ld (hl),a
1125+ B136 2C               inc l
1126+ B137 1C               inc e
1127+ B138 1A               ld a,(de)
1128+ B139 AE               xor (hl)
1129+ B13A 77               ld (hl),a
1130+ B13B 1C               inc e
1131+ B13C
1132+ B13C              ; Attr. 3 (Columnas).
1133+ B13C
1134+ B13C E1               pop hl
1135+ B13D E5               push hl
1136+ B13E
1137+ B13E 7C               ld a,h
1138+ B13F E6 18            and $18
1139+ B141 CB 2F            sra a
1140+ B143 CB 2F            sra a
1141+ B145 CB 2F            sra a
1142+ B147 C6 58            add $58
1143+ B149 67               ld h,a
1144+ B14A
1145+ B14A 71           6 ld (hl),c
1146+ B14B 2C               inc l
1147+ B14C 71               ld (hl),c
1148+ B14D 2C               inc l
1149+ B14E 71               ld (hl),c
1150+ B14F
1151+ B14F 3A 4D 94         ld a,(Ctrl_4)
1152+ B152 CB 67            bit 4,a
1153+ B154 28 10            jr z,5F
1154+ B156
1155+ B156              ; 3ª Fila de Atributos.
1156+ B156
1157+ B156 CB A7            res 4,a
1158+ B158 32 4D 94         ld (Ctrl_4),a           ; Inicializa FLAG, (indica 3 Filas de attrs.).
1159+ B15B
1160+ B15B 2D               dec l
1161+ B15C 2D               dec l
1162+ B15D
1163+ B15D 7D               ld a,l
1164+ B15E C6 20            add 32
1165+ B160 6F               ld l,a
1166+ B161
1167+ B161 30 E7            jr nc,6B
1168+ B163
1169+ B163 24               inc h
1170+ B164 18 E4            jr 6B
1171+ B166
1172+ B166              ; ----- ----- -----
1173+ B166
1174+ B166 E1           5 pop hl
1175+ B167
1176+ B167 1A               ld a,(de)
1177+ B168 AE               xor (hl)
1178+ B169 77               ld (hl),a
1179+ B16A 2C               inc l
1180+ B16B 1C               inc e
1181+ B16C 1A               ld a,(de)
1182+ B16D AE               xor (hl)
1183+ B16E 77               ld (hl),a
1184+ B16F 2C               inc l
1185+ B170 1C               inc e
1186+ B171 1A               ld a,(de)
1187+ B172 AE               xor (hl)
1188+ B173 77               ld (hl),a
1189+ B174 1C               inc e
1190+ B175
1191+ B175 E1               pop hl
1192+ B176
1193+ B176 1A               ld a,(de)
1194+ B177 AE               xor (hl)
1195+ B178 77               ld (hl),a
1196+ B179 2C               inc l
1197+ B17A 1C               inc e
1198+ B17B 1A               ld a,(de)
1199+ B17C AE               xor (hl)
1200+ B17D 77               ld (hl),a
1201+ B17E 2C               inc l
1202+ B17F 1C               inc e
1203+ B180 1A               ld a,(de)
1204+ B181 AE               xor (hl)
1205+ B182 77               ld (hl),a
1206+ B183 1C               inc e
1207+ B184
1208+ B184 E1               pop hl
1209+ B185
1210+ B185 1A               ld a,(de)
1211+ B186 AE               xor (hl)
1212+ B187 77               ld (hl),a
1213+ B188 2C               inc l
1214+ B189 1C               inc e
1215+ B18A 1A               ld a,(de)
1216+ B18B AE               xor (hl)
1217+ B18C 77               ld (hl),a
1218+ B18D 2C               inc l
1219+ B18E 1C               inc e
1220+ B18F 1A               ld a,(de)
1221+ B190 AE               xor (hl)
1222+ B191 77               ld (hl),a
1223+ B192 1C               inc e
1224+ B193
1225+ B193 E1               pop hl
1226+ B194
1227+ B194 1A               ld a,(de)
1228+ B195 AE               xor (hl)
1229+ B196 77               ld (hl),a
1230+ B197 2C               inc l
1231+ B198 1C               inc e
1232+ B199 1A               ld a,(de)
1233+ B19A AE               xor (hl)
1234+ B19B 77               ld (hl),a
1235+ B19C 2C               inc l
1236+ B19D 1C               inc e
1237+ B19E 1A               ld a,(de)
1238+ B19F AE               xor (hl)
1239+ B1A0 77               ld (hl),a
1240+ B1A1 1C               inc e
1241+ B1A2
1242+ B1A2 E1               pop hl
1243+ B1A3
1244+ B1A3 1A               ld a,(de)
1245+ B1A4 AE               xor (hl)
1246+ B1A5 77               ld (hl),a
1247+ B1A6 2C               inc l
1248+ B1A7 1C               inc e
1249+ B1A8 1A               ld a,(de)
1250+ B1A9 AE               xor (hl)
1251+ B1AA 77               ld (hl),a
1252+ B1AB 2C               inc l
1253+ B1AC 1C               inc e
1254+ B1AD 1A               ld a,(de)
1255+ B1AE AE               xor (hl)
1256+ B1AF 77               ld (hl),a
1257+ B1B0 1C               inc e
1258+ B1B1
1259+ B1B1 E1               pop hl
1260+ B1B2
1261+ B1B2 1A               ld a,(de)
1262+ B1B3 AE               xor (hl)
1263+ B1B4 77               ld (hl),a
1264+ B1B5 2C               inc l
1265+ B1B6 1C               inc e
1266+ B1B7 1A               ld a,(de)
1267+ B1B8 AE               xor (hl)
1268+ B1B9 77               ld (hl),a
1269+ B1BA 2C               inc l
1270+ B1BB 1C               inc e
1271+ B1BC 1A               ld a,(de)
1272+ B1BD AE               xor (hl)
1273+ B1BE 77               ld (hl),a
1274+ B1BF 1C               inc e
1275+ B1C0
1276+ B1C0 E1               pop hl
1277+ B1C1
1278+ B1C1 1A               ld a,(de)
1279+ B1C2 AE               xor (hl)
1280+ B1C3 77               ld (hl),a
1281+ B1C4 2C               inc l
1282+ B1C5 1C               inc e
1283+ B1C6 1A               ld a,(de)
1284+ B1C7 AE               xor (hl)
1285+ B1C8 77               ld (hl),a
1286+ B1C9 2C               inc l
1287+ B1CA 1C               inc e
1288+ B1CB 1A               ld a,(de)
1289+ B1CC AE               xor (hl)
1290+ B1CD 77               ld (hl),a
1291+ B1CE 1C               inc e
1292+ B1CF
1293+ B1CF E1               pop hl
1294+ B1D0
1295+ B1D0 1A               ld a,(de)
1296+ B1D1 AE               xor (hl)
1297+ B1D2 77               ld (hl),a
1298+ B1D3 2C               inc l
1299+ B1D4 1C               inc e
1300+ B1D5 1A               ld a,(de)
1301+ B1D6 AE               xor (hl)
1302+ B1D7 77               ld (hl),a
1303+ B1D8 2C               inc l
1304+ B1D9 1C               inc e
1305+ B1DA 1A               ld a,(de)
1306+ B1DB AE               xor (hl)
1307+ B1DC 77               ld (hl),a
1308+ B1DD 1C               inc e
1309+ B1DE
1310+ B1DE ED 73 44 94      ld (Scanlines_album_SP),sp
1311+ B1E2 ED 7B 22 94      ld sp,(Stack)
1312+ B1E6
1313+ B1E6 C9               ret
1314+ B1E7
1315+ B1E7              Pinta_rapido_2_Columnas
1316+ B1E7
1317+ B1E7              ; Attr. 2 (Columnas).
1318+ B1E7
1319+ B1E7 E1               pop hl
1320+ B1E8 E5               push hl
1321+ B1E9
1322+ B1E9              ; Comprobamos si necesitamos 3 o 2 (Filas) de Attrs.
1323+ B1E9
1324+ B1E9 7C               ld a,h
1325+ B1EA FE 48            cp $48
1326+ B1EC 28 0C            jr z,7F              ; Si H = "$48" sólo se aplican 2 Filas de Attrs.
1327+ B1EE
1328+ B1EE E6 0F            and $0f
1329+ B1F0 28 08            jr z,7F              ; Si H = "$40" o "$50" sólo se aplican 2 Filas de Attrs.
1330+ B1F2
1331+ B1F2              ; Indica 3 Filas de attr.
1332+ B1F2
1333+ B1F2 3A 4D 94         ld a,(Ctrl_4)
1334+ B1F5 CB E7            set 4,a
1335+ B1F7 32 4D 94         ld (Ctrl_4),a
1336+ B1FA
1337+ B1FA 7C           7 ld a,h
1338+ B1FB E6 18            and $18
1339+ B1FD CB 2F            sra a
1340+ B1FF CB 2F            sra a
1341+ B201 CB 2F            sra a
1342+ B203 C6 58            add $58
1343+ B205 67               ld h,a
1344+ B206
1345+ B206 71               ld (hl),c
1346+ B207 2C               inc l
1347+ B208 71               ld (hl),c
1348+ B209
1349+ B209              ; ----- ----- -----
1350+ B209
1351+ B209 E1               pop hl
1352+ B20A
1353+ B20A 1A               ld a,(de)
1354+ B20B AE               xor (hl)
1355+ B20C 77               ld (hl),a
1356+ B20D 2C               inc l
1357+ B20E 1C               inc e
1358+ B20F 1A               ld a,(de)
1359+ B210 AE               xor (hl)
1360+ B211 77               ld (hl),a
1361+ B212 1C               inc e
1362+ B213 1C               inc e
1363+ B214
1364+ B214 E1               pop hl
1365+ B215
1366+ B215 1A               ld a,(de)
1367+ B216 AE               xor (hl)
1368+ B217 77               ld (hl),a
1369+ B218 2C               inc l
1370+ B219 1C               inc e
1371+ B21A 1A               ld a,(de)
1372+ B21B AE               xor (hl)
1373+ B21C 77               ld (hl),a
1374+ B21D 1C               inc e
1375+ B21E 1C               inc e
1376+ B21F
1377+ B21F E1               pop hl
1378+ B220
1379+ B220 1A               ld a,(de)
1380+ B221 AE               xor (hl)
1381+ B222 77               ld (hl),a
1382+ B223 2C               inc l
1383+ B224 1C               inc e
1384+ B225 1A               ld a,(de)
1385+ B226 AE               xor (hl)
1386+ B227 77               ld (hl),a
1387+ B228 1C               inc e
1388+ B229 1C               inc e
1389+ B22A
1390+ B22A E1               pop hl
1391+ B22B
1392+ B22B 1A               ld a,(de)
1393+ B22C AE               xor (hl)
1394+ B22D 77               ld (hl),a
1395+ B22E 2C               inc l
1396+ B22F 1C               inc e
1397+ B230 1A               ld a,(de)
1398+ B231 AE               xor (hl)
1399+ B232 77               ld (hl),a
1400+ B233 1C               inc e
1401+ B234 1C               inc e
1402+ B235
1403+ B235 E1               pop hl
1404+ B236
1405+ B236 1A               ld a,(de)
1406+ B237 AE               xor (hl)
1407+ B238 77               ld (hl),a
1408+ B239 2C               inc l
1409+ B23A 1C               inc e
1410+ B23B 1A               ld a,(de)
1411+ B23C AE               xor (hl)
1412+ B23D 77               ld (hl),a
1413+ B23E 1C               inc e
1414+ B23F 1C               inc e
1415+ B240
1416+ B240 E1               pop hl
1417+ B241
1418+ B241 1A               ld a,(de)
1419+ B242 AE               xor (hl)
1420+ B243 77               ld (hl),a
1421+ B244 2C               inc l
1422+ B245 1C               inc e
1423+ B246 1A               ld a,(de)
1424+ B247 AE               xor (hl)
1425+ B248 77               ld (hl),a
1426+ B249 1C               inc e
1427+ B24A 1C               inc e
1428+ B24B
1429+ B24B E1               pop hl
1430+ B24C
1431+ B24C 1A               ld a,(de)
1432+ B24D AE               xor (hl)
1433+ B24E 77               ld (hl),a
1434+ B24F 2C               inc l
1435+ B250 1C               inc e
1436+ B251 1A               ld a,(de)
1437+ B252 AE               xor (hl)
1438+ B253 77               ld (hl),a
1439+ B254 1C               inc e
1440+ B255 1C               inc e
1441+ B256
1442+ B256 E1               pop hl
1443+ B257
1444+ B257 1A               ld a,(de)
1445+ B258 AE               xor (hl)
1446+ B259 77               ld (hl),a
1447+ B25A 2C               inc l
1448+ B25B 1C               inc e
1449+ B25C 1A               ld a,(de)
1450+ B25D AE               xor (hl)
1451+ B25E 77               ld (hl),a
1452+ B25F 1C               inc e
1453+ B260 1C               inc e
1454+ B261
1455+ B261              ; Attr. 2 (Columnas).
1456+ B261
1457+ B261 E1               pop hl
1458+ B262 E5               push hl
1459+ B263
1460+ B263 7C               ld a,h
1461+ B264 E6 18            and $18
1462+ B266 CB 2F            sra a
1463+ B268 CB 2F            sra a
1464+ B26A CB 2F            sra a
1465+ B26C C6 58            add $58
1466+ B26E 67               ld h,a
1467+ B26F
1468+ B26F 71           8 ld (hl),c
1469+ B270 2C               inc l
1470+ B271 71               ld (hl),c
1471+ B272
1472+ B272 3A 4D 94         ld a,(Ctrl_4)
1473+ B275 CB 67            bit 4,a
1474+ B277 28 0F            jr z,9F
1475+ B279
1476+ B279              ; 3ª Fila de Atributos.
1477+ B279
1478+ B279 CB A7            res 4,a
1479+ B27B 32 4D 94         ld (Ctrl_4),a           ; Inicializa FLAG, (indica 3 Filas de attrs.).
1480+ B27E
1481+ B27E 2D               dec l
1482+ B27F
1483+ B27F 7D               ld a,l
1484+ B280 C6 20            add 32
1485+ B282 6F               ld l,a
1486+ B283
1487+ B283 30 EA            jr nc,8B
1488+ B285
1489+ B285 24               inc h
1490+ B286 18 E7            jr 8B
1491+ B288
1492+ B288              ; ----- ----- -----
1493+ B288
1494+ B288 E1           9 pop hl
1495+ B289
1496+ B289 1A               ld a,(de)
1497+ B28A AE               xor (hl)
1498+ B28B 77               ld (hl),a
1499+ B28C 2C               inc l
1500+ B28D 1C               inc e
1501+ B28E 1A               ld a,(de)
1502+ B28F AE               xor (hl)
1503+ B290 77               ld (hl),a
1504+ B291 1C               inc e
1505+ B292 1C               inc e
1506+ B293
1507+ B293 E1               pop hl
1508+ B294
1509+ B294 1A               ld a,(de)
1510+ B295 AE               xor (hl)
1511+ B296 77               ld (hl),a
1512+ B297 2C               inc l
1513+ B298 1C               inc e
1514+ B299 1A               ld a,(de)
1515+ B29A AE               xor (hl)
1516+ B29B 77               ld (hl),a
1517+ B29C 1C               inc e
1518+ B29D 1C               inc e
1519+ B29E
1520+ B29E E1               pop hl
1521+ B29F
1522+ B29F 1A               ld a,(de)
1523+ B2A0 AE               xor (hl)
1524+ B2A1 77               ld (hl),a
1525+ B2A2 2C               inc l
1526+ B2A3 1C               inc e
1527+ B2A4 1A               ld a,(de)
1528+ B2A5 AE               xor (hl)
1529+ B2A6 77               ld (hl),a
1530+ B2A7 1C               inc e
1531+ B2A8 1C               inc e
1532+ B2A9
1533+ B2A9 E1               pop hl
1534+ B2AA
1535+ B2AA 1A               ld a,(de)
1536+ B2AB AE               xor (hl)
1537+ B2AC 77               ld (hl),a
1538+ B2AD 2C               inc l
1539+ B2AE 1C               inc e
1540+ B2AF 1A               ld a,(de)
1541+ B2B0 AE               xor (hl)
1542+ B2B1 77               ld (hl),a
1543+ B2B2 1C               inc e
1544+ B2B3 1C               inc e
1545+ B2B4
1546+ B2B4 E1               pop hl
1547+ B2B5
1548+ B2B5 1A               ld a,(de)
1549+ B2B6 AE               xor (hl)
1550+ B2B7 77               ld (hl),a
1551+ B2B8 2C               inc l
1552+ B2B9 1C               inc e
1553+ B2BA 1A               ld a,(de)
1554+ B2BB AE               xor (hl)
1555+ B2BC 77               ld (hl),a
1556+ B2BD 1C               inc e
1557+ B2BE 1C               inc e
1558+ B2BF
1559+ B2BF E1               pop hl
1560+ B2C0
1561+ B2C0 1A               ld a,(de)
1562+ B2C1 AE               xor (hl)
1563+ B2C2 77               ld (hl),a
1564+ B2C3 2C               inc l
1565+ B2C4 1C               inc e
1566+ B2C5 1A               ld a,(de)
1567+ B2C6 AE               xor (hl)
1568+ B2C7 77               ld (hl),a
1569+ B2C8 1C               inc e
1570+ B2C9 1C               inc e
1571+ B2CA
1572+ B2CA E1               pop hl
1573+ B2CB
1574+ B2CB 1A               ld a,(de)
1575+ B2CC AE               xor (hl)
1576+ B2CD 77               ld (hl),a
1577+ B2CE 2C               inc l
1578+ B2CF 1C               inc e
1579+ B2D0 1A               ld a,(de)
1580+ B2D1 AE               xor (hl)
1581+ B2D2 77               ld (hl),a
1582+ B2D3 1C               inc e
1583+ B2D4 1C               inc e
1584+ B2D5
1585+ B2D5 E1               pop hl
1586+ B2D6
1587+ B2D6 1A               ld a,(de)
1588+ B2D7 AE               xor (hl)
1589+ B2D8 77               ld (hl),a
1590+ B2D9 2C               inc l
1591+ B2DA 1C               inc e
1592+ B2DB 1A               ld a,(de)
1593+ B2DC AE               xor (hl)
1594+ B2DD 77               ld (hl),a
1595+ B2DE 1C               inc e
1596+ B2DF 1C               inc e
1597+ B2E0
1598+ B2E0 ED 73 44 94      ld (Scanlines_album_SP),sp
1599+ B2E4 ED 7B 22 94      ld sp,(Stack)
1600+ B2E8
1601+ B2E8 C9               ret
1602+ B2E9
1603+ B2E9              Pinta_rapido_1_Columna
1604+ B2E9
1605+ B2E9              ; Attr. 1 (Columnas).
1606+ B2E9
1607+ B2E9 E1               pop hl
1608+ B2EA E5               push hl
1609+ B2EB
1610+ B2EB              ; Comprobamos si necesitamos 3 o 2 (Filas) de Attrs.
1611+ B2EB
1612+ B2EB 7C               ld a,h
1613+ B2EC FE 48            cp $48
1614+ B2EE 28 0C            jr z,10F              ; Si H = "$48" sólo se aplican 2 Filas de Attrs.
1615+ B2F0
1616+ B2F0 E6 0F            and $0f
1617+ B2F2 28 08            jr z,10F              ; Si H = "$40" o "$50" sólo se aplican 2 Filas de Attrs.
1618+ B2F4
1619+ B2F4              ; Indica 3 Filas de attr.
1620+ B2F4
1621+ B2F4 3A 4D 94         ld a,(Ctrl_4)
1622+ B2F7 CB E7            set 4,a
1623+ B2F9 32 4D 94         ld (Ctrl_4),a
1624+ B2FC
1625+ B2FC 7C           10 ld a,h
1626+ B2FD E6 18            and $18
1627+ B2FF CB 2F            sra a
1628+ B301 CB 2F            sra a
1629+ B303 CB 2F            sra a
1630+ B305 C6 58            add $58
1631+ B307 67               ld h,a
1632+ B308
1633+ B308 71               ld (hl),c
1634+ B309
1635+ B309              ; ----- ----- -----
1636+ B309
1637+ B309 E1               pop hl
1638+ B30A
1639+ B30A 1A               ld a,(de)
1640+ B30B AE               xor (hl)
1641+ B30C 77               ld (hl),a
1642+ B30D 1C               inc e
1643+ B30E 1C               inc e
1644+ B30F 1C               inc e
1645+ B310
1646+ B310 E1               pop hl
1647+ B311
1648+ B311 1A               ld a,(de)
1649+ B312 AE               xor (hl)
1650+ B313 77               ld (hl),a
1651+ B314 1C               inc e
1652+ B315 1C               inc e
1653+ B316 1C               inc e
1654+ B317
1655+ B317 E1               pop hl
1656+ B318
1657+ B318 1A               ld a,(de)
1658+ B319 AE               xor (hl)
1659+ B31A 77               ld (hl),a
1660+ B31B 1C               inc e
1661+ B31C 1C               inc e
1662+ B31D 1C               inc e
1663+ B31E
1664+ B31E E1               pop hl
1665+ B31F
1666+ B31F 1A               ld a,(de)
1667+ B320 AE               xor (hl)
1668+ B321 77               ld (hl),a
1669+ B322 1C               inc e
1670+ B323 1C               inc e
1671+ B324 1C               inc e
1672+ B325
1673+ B325 E1               pop hl
1674+ B326
1675+ B326 1A               ld a,(de)
1676+ B327 AE               xor (hl)
1677+ B328 77               ld (hl),a
1678+ B329 1C               inc e
1679+ B32A 1C               inc e
1680+ B32B 1C               inc e
1681+ B32C
1682+ B32C E1               pop hl
1683+ B32D
1684+ B32D 1A               ld a,(de)
1685+ B32E AE               xor (hl)
1686+ B32F 77               ld (hl),a
1687+ B330 1C               inc e
1688+ B331 1C               inc e
1689+ B332 1C               inc e
1690+ B333
1691+ B333 E1               pop hl
1692+ B334
1693+ B334 1A               ld a,(de)
1694+ B335 AE               xor (hl)
1695+ B336 77               ld (hl),a
1696+ B337 1C               inc e
1697+ B338 1C               inc e
1698+ B339 1C               inc e
1699+ B33A
1700+ B33A E1               pop hl
1701+ B33B
1702+ B33B 1A               ld a,(de)
1703+ B33C AE               xor (hl)
1704+ B33D 77               ld (hl),a
1705+ B33E 1C               inc e
1706+ B33F 1C               inc e
1707+ B340 1C               inc e
1708+ B341
1709+ B341              ; Attr. 1 (Columnas).
1710+ B341
1711+ B341 E1               pop hl
1712+ B342 E5               push hl
1713+ B343
1714+ B343 7C               ld a,h
1715+ B344 E6 18            and $18
1716+ B346 CB 2F            sra a
1717+ B348 CB 2F            sra a
1718+ B34A CB 2F            sra a
1719+ B34C C6 58            add $58
1720+ B34E 67               ld h,a
1721+ B34F
1722+ B34F 71           11 ld (hl),c
1723+ B350
1724+ B350 3A 4D 94         ld a,(Ctrl_4)
1725+ B353 CB 67            bit 4,a
1726+ B355 28 0E            jr z,12F
1727+ B357
1728+ B357              ; 3ª Fila de Atributos.
1729+ B357
1730+ B357 CB A7            res 4,a
1731+ B359 32 4D 94         ld (Ctrl_4),a           ; Inicializa FLAG, (indica 3 Filas de attrs.).
1732+ B35C
1733+ B35C 7D               ld a,l
1734+ B35D C6 20            add 32
1735+ B35F 6F               ld l,a
1736+ B360
1737+ B360 30 ED            jr nc,11B
1738+ B362 24               inc h
1739+ B363
1740+ B363 18 EA            jr 11B
1741+ B365
1742+ B365              ; ----- ----- -----
1743+ B365
1744+ B365 E1           12 pop hl
1745+ B366
1746+ B366 1A               ld a,(de)
1747+ B367 AE               xor (hl)
1748+ B368 77               ld (hl),a
1749+ B369 1C               inc e
1750+ B36A 1C               inc e
1751+ B36B 1C               inc e
1752+ B36C
1753+ B36C E1               pop hl
1754+ B36D
1755+ B36D 1A               ld a,(de)
1756+ B36E AE               xor (hl)
1757+ B36F 77               ld (hl),a
1758+ B370 1C               inc e
1759+ B371 1C               inc e
1760+ B372 1C               inc e
1761+ B373
1762+ B373 E1               pop hl
1763+ B374
1764+ B374 1A               ld a,(de)
1765+ B375 AE               xor (hl)
1766+ B376 77               ld (hl),a
1767+ B377 1C               inc e
1768+ B378 1C               inc e
1769+ B379 1C               inc e
1770+ B37A
1771+ B37A E1               pop hl
1772+ B37B
1773+ B37B 1A               ld a,(de)
1774+ B37C AE               xor (hl)
1775+ B37D 77               ld (hl),a
1776+ B37E 1C               inc e
1777+ B37F 1C               inc e
1778+ B380 1C               inc e
1779+ B381
1780+ B381 E1               pop hl
1781+ B382
1782+ B382 1A               ld a,(de)
1783+ B383 AE               xor (hl)
1784+ B384 77               ld (hl),a
1785+ B385 1C               inc e
1786+ B386 1C               inc e
1787+ B387 1C               inc e
1788+ B388 E1               pop hl
1789+ B389
1790+ B389 1A               ld a,(de)
1791+ B38A AE               xor (hl)
1792+ B38B 77               ld (hl),a
1793+ B38C 1C               inc e
1794+ B38D 1C               inc e
1795+ B38E 1C               inc e
1796+ B38F
1797+ B38F E1               pop hl
1798+ B390
1799+ B390 1A               ld a,(de)
1800+ B391 AE               xor (hl)
1801+ B392 77               ld (hl),a
1802+ B393 1C               inc e
1803+ B394 1C               inc e
1804+ B395 1C               inc e
1805+ B396
1806+ B396 E1               pop hl
1807+ B397
1808+ B397 1A               ld a,(de)
1809+ B398 AE               xor (hl)
1810+ B399 77               ld (hl),a
1811+ B39A 1C               inc e
1812+ B39B 1C               inc e
1813+ B39C 1C               inc e
1814+ B39D
1815+ B39D ED 73 44 94      ld (Scanlines_album_SP),sp
1816+ B3A1 ED 7B 22 94      ld sp,(Stack)
1817+ B3A5
1818+ B3A5 C9               ret
1819+ B3A6
1820+ B3A6              Pinta_lento
1821+ B3A6
1822+ B3A6 3A FB 93         ld a,(Columnas)
1823+ B3A9 3D               dec a
1824+ B3AA 28 72            jr z,Pinta_lento_1_Columna
1825+ B3AC 3D               dec a
1826+ B3AD 28 3C            jr z,Pinta_lento_2_Columnas
1827+ B3AF
1828+ B3AF              Pinta_lento_3_Columnas
1829+ B3AF
1830+ B3AF              ; La entidad está desapareciendo por la parte baja de la pantalla. 1 o 2 Filas de Attrs.
1831+ B3AF              ; Attr. 3 (Columnas).
1832+ B3AF
1833+ B3AF E1               pop hl
1834+ B3B0 E5               push hl
1835+ B3B1
1836+ B3B1 7C               ld a,h
1837+ B3B2 E6 18            and $18
1838+ B3B4 CB 2F            sra a
1839+ B3B6 CB 2F            sra a
1840+ B3B8 CB 2F            sra a
1841+ B3BA C6 58            add $58
1842+ B3BC 67               ld h,a
1843+ B3BD
1844+ B3BD 71               ld (hl),c
1845+ B3BE 2C               inc l
1846+ B3BF 71               ld (hl),c
1847+ B3C0 2C               inc l
1848+ B3C1 71               ld (hl),c
1849+ B3C2
1850+ B3C2 2D               dec l
1851+ B3C3 2D               dec l
1852+ B3C4
1853+ B3C4              ; Averiguamos si la entidad ocupa 1 o 2 Filas en pantalla.
1854+ B3C4
1855+ B3C4 7D               ld a,l
1856+ B3C5 FE E0            cp $e0
1857+ B3C7 30 08            jr nc,1F
1858+ B3C9
1859+ B3C9 C6 20            add 32
1860+ B3CB 6F               ld l,a
1861+ B3CC
1862+ B3CC 71               ld (hl),c
1863+ B3CD 2C               inc l
1864+ B3CE 71               ld (hl),c
1865+ B3CF 2C               inc l
1866+ B3D0 71               ld (hl),c
1867+ B3D1
1868+ B3D1              ; ----- ----- -----
1869+ B3D1
1870+ B3D1 E1           1 pop hl
1871+ B3D2
1872+ B3D2 1A               ld a,(de)
1873+ B3D3 AE               xor (hl)
1874+ B3D4 77               ld (hl),a
1875+ B3D5 2C               inc l
1876+ B3D6 1C               inc e
1877+ B3D7 1A               ld a,(de)
1878+ B3D8 AE               xor (hl)
1879+ B3D9 77               ld (hl),a
1880+ B3DA 2C               inc l
1881+ B3DB 1C               inc e
1882+ B3DC 1A               ld a,(de)
1883+ B3DD AE               xor (hl)
1884+ B3DE 77               ld (hl),a
1885+ B3DF 13               inc de
1886+ B3E0
1887+ B3E0 10 EF            djnz 1B
1888+ B3E2
1889+ B3E2 ED 73 44 94      ld (Scanlines_album_SP),sp
1890+ B3E6 ED 7B 22 94      ld sp,(Stack)
1891+ B3EA C9               ret
1892+ B3EB
1893+ B3EB              Pinta_lento_2_Columnas
1894+ B3EB
1895+ B3EB              ; La entidad está desapareciendo por la parte baja de la pantalla. Sólo 1 Fila de Attr.
1896+ B3EB              ; Attr. 2 (Columnas).
1897+ B3EB
1898+ B3EB E1               pop hl
1899+ B3EC E5               push hl
1900+ B3ED
1901+ B3ED 7C               ld a,h
1902+ B3EE E6 18            and $18
1903+ B3F0 CB 2F            sra a
1904+ B3F2 CB 2F            sra a
1905+ B3F4 CB 2F            sra a
1906+ B3F6 C6 58            add $58
1907+ B3F8 67               ld h,a
1908+ B3F9
1909+ B3F9 71               ld (hl),c
1910+ B3FA 2C               inc l
1911+ B3FB 71               ld (hl),c
1912+ B3FC
1913+ B3FC 2D               dec l
1914+ B3FD
1915+ B3FD              ; Averiguamos si la entidad ocupa 1 o 2 Filas en pantalla.
1916+ B3FD
1917+ B3FD 7D               ld a,l
1918+ B3FE FE E0            cp $e0
1919+ B400 30 06            jr nc,2F
1920+ B402
1921+ B402 C6 20            add 32
1922+ B404 6F               ld l,a
1923+ B405
1924+ B405 71               ld (hl),c
1925+ B406 2C               inc l
1926+ B407 71               ld (hl),c
1927+ B408
1928+ B408 E1           2 pop hl
1929+ B409
1930+ B409 1A               ld a,(de)
1931+ B40A AE               xor (hl)
1932+ B40B 77               ld (hl),a
1933+ B40C 2C               inc l
1934+ B40D 1C               inc e
1935+ B40E 1A               ld a,(de)
1936+ B40F AE               xor (hl)
1937+ B410 77               ld (hl),a
1938+ B411 1C               inc e
1939+ B412 1C               inc e
1940+ B413
1941+ B413 10 F3            djnz 2B
1942+ B415
1943+ B415 ED 73 44 94      ld (Scanlines_album_SP),sp
1944+ B419 ED 7B 22 94      ld sp,(Stack)
1945+ B41D C9               ret
1946+ B41E
1947+ B41E              Pinta_lento_1_Columna
1948+ B41E
1949+ B41E
1950+ B41E              ; La entidad está desapareciendo por la parte baja de la pantalla. Sólo 1 Fila de Attr.
1951+ B41E              ; Attr. 1 (Columnas).
1952+ B41E
1953+ B41E E1               pop hl
1954+ B41F E5               push hl
1955+ B420
1956+ B420 7C               ld a,h
1957+ B421 E6 18            and $18
1958+ B423 CB 2F            sra a
1959+ B425 CB 2F            sra a
1960+ B427 CB 2F            sra a
1961+ B429 C6 58            add $58
1962+ B42B 67               ld h,a
1963+ B42C
1964+ B42C 71               ld (hl),c
1965+ B42D
1966+ B42D               ; Averiguamos si la entidad ocupa 1 o 2 Filas en pantalla.
1967+ B42D
1968+ B42D 7D               ld a,l
1969+ B42E FE E0            cp $e0
1970+ B430 30 04            jr nc,3F
1971+ B432
1972+ B432 C6 20            add 32
1973+ B434 6F               ld l,a
1974+ B435
1975+ B435 71               ld (hl),c
1976+ B436
1977+ B436 E1           3 pop hl
1978+ B437
1979+ B437 1A               ld a,(de)
1980+ B438 AE               xor (hl)
1981+ B439 77               ld (hl),a
1982+ B43A 1C               inc e
1983+ B43B 1C               inc e
1984+ B43C 1C               inc e
1985+ B43D
1986+ B43D 10 F7            djnz 3B
1987+ B43F
1988+ B43F ED 73 44 94      ld (Scanlines_album_SP),sp
1989+ B443 ED 7B 22 94      ld sp,(Stack)
1990+ B447 C9               ret
1991+ B448
# file closed: Pinta_Sprites.asm
3122  B448              	include "Draw_XOR.asm"
# file opened: Draw_XOR.asm
   1+ B448              ; ------------------------------------------------------------------
   2+ B448              ;
   3+ B448              ; 27/8/26
   4+ B448              ;
   5+ B448
   6+ B448              Draw:
   7+ B448
   8+ B448 2A EB 93     	ld hl,(Posicion_actual)
   9+ B44B 7C           	ld a,h
  10+ B44C B5           	or l
  11+ B44D 20 10        	jr nz,Entidad_iniciada 										; Si el contenido de (Posicion_actual) es distinto de "0" la entidad ya se ha iniciado.
  12+ B44F
  13+ B44F CD CF BA     	call Inicia_Puntero_mov
  14+ B452
  15+ B452 2A F8 93     	ld hl,(Posicion_inicio)
  16+ B455 22 EB 93     	ld (Posicion_actual),hl
  17+ B458 22 DD 93     	ld (Puntero_de_impresion),hl
  18+ B45B
  19+ B45B              ;	Comparador de cuadrantes:
  20+ B45B
  21+ B45B CD 75 B4     	call Calcula_Cuad_objeto
  22+ B45E 08           	ex af,af													; (Cuad_objeto) inicial en A'.
  23+ B45F
  24+ B45F              Entidad_iniciada:
  25+ B45F
  26+ B45F DD 2A DD 93  	ld ix,(Puntero_de_impresion) 								; (Puntero_de_impresion) de la anterior (Posicion_actual). Necesario para averiguar si existe_
  27+ B463              ; 																; _cambio de cuadrante cuando el sprite está incompleto.
  28+ B463 CD 75 B4     	call Calcula_Cuad_objeto  									; (Cuad_objeto) de la nueva (Posicion_actual).
  29+ B466
  30+ B466 CD B3 B4     	call calcula_CColumnass										; Define el valor de la variable (Columnas). Nº de columnas que se van a pintar de la entidad.
  31+ B469              ;																; También comprueba si en la nueva (Posicion_actual) el Sprite se imprime COMPLETO o INCOMPLETO, (Sprite_completo_1).
  32+ B469 CD D9 B4     	call Drive													; Después de ejecutar esta rutina tenemos el puntero de impresión en HL.
  33+ B46C
  34+ B46C 3A E6 93     	ld a,(Ctrl_0)												; Antes de salir de la rutina restauramos los bits 0,1,2,3 y 5 de (Ctrl_0).
  35+ B46F E6 D0        	and $d0
  36+ B471 32 E6 93     	ld (Ctrl_0),a
  37+ B474
  38+ B474 C9           	ret
  39+ B475
  40+ B475              ; -------------------------------------------------------------------------------------------------------------------------------------------------------------------------------------------
  41+ B475              ;
  42+ B475              ;   23/8/26
  43+ B475              ;
  44+ B475              ;	Calcula el cuadrante de pantalla donde se encuentra la entidad: (Cuad_objeto), "1", "2", "3" o "4".
  45+ B475              ;	Esta información es necesaria para poder calcular el (Puntero_de_impresion) de la entidad.
  46+ B475              ;
  47+ B475              ;	INPUT:  HL contiene (Posicion_actual).
  48+ B475              ;	OUTPUT: (Cuad_objeto) y A contienen "1", "2", "3" o "4" en función del cuadrante de pantalla en el que se encuentra la entidad.
  49+ B475              ;			HL contiene (Posicion_actual).
  50+ B475              ;
  51+ B475              ;	MODIFY: A.
  52+ B475
  53+ B475
  54+ B475              Calcula_Cuad_objeto:
  55+ B475
  56+ B475 CD C8 9D     	call calcula_tercio
  57+ B478
  58+ B478              ;	Ahora tenemos "0", "1" o "2" en el acumulador en función del tercio de pantalla en el que nos encontremos.
  59+ B478
  60+ B478 28 14        	jr z,Primer_tercio
  61+ B47A
  62+ B47A 3D           	dec a
  63+ B47B
  64+ B47B 28 22        	jr z,Segundo_tercio
  65+ B47D
  66+ B47D              Tercer_tercio:
  67+ B47D
  68+ B47D CD A6 B4     	call Determina_lado_de_pantalla
  69+ B480
  70+ B480 20 06        	jr nz,1F
  71+ B482
  72+ B482 3E 04        	ld a,4
  73+ B484 32 FA 93     	ld (Cuad_objeto),a
  74+ B487
  75+ B487 C9           	ret
  76+ B488
  77+ B488 3E 03        1 ld a,3
  78+ B48A 32 FA 93     	ld (Cuad_objeto),a
  79+ B48D
  80+ B48D C9           	ret
  81+ B48E
  82+ B48E              Primer_tercio:
  83+ B48E
  84+ B48E CD A6 B4     	call Determina_lado_de_pantalla
  85+ B491 20 06        	jr nz,2F
  86+ B493
  87+ B493 3E 02        	ld a,2
  88+ B495 32 FA 93     	ld (Cuad_objeto),a
  89+ B498
  90+ B498 C9           	ret
  91+ B499
  92+ B499 3E 01        2 ld a,1
  93+ B49B 32 FA 93     	ld (Cuad_objeto),a
  94+ B49E
  95+ B49E C9           	ret
  96+ B49F
  97+ B49F              Segundo_tercio:
  98+ B49F
  99+ B49F 7D           	ld a,l
 100+ B4A0 FE 80        	cp $80
 101+ B4A2 38 EA        	jr c,Primer_tercio
 102+ B4A4 18 D7        	jr Tercer_tercio
 103+ B4A6
 104+ B4A6              ; ------------------------------------
 105+ B4A6              ;
 106+ B4A6              ;	OUTPUT: Z si estamos en la mitad derecha de la pantalla y NZ si estamos en la mitad izquierda.
 107+ B4A6              ;
 108+ B4A6
 109+ B4A6              Determina_lado_de_pantalla:
 110+ B4A6
 111+ B4A6 7D           	ld a,l
 112+ B4A7 E6 1F        	and $1f
 113+ B4A9 FE 10        	cp $10
 114+ B4AB
 115+ B4AB 38 02        	jr c,1F
 116+ B4AD
 117+ B4AD AF           	xor a
 118+ B4AE C9           	ret
 119+ B4AF
 120+ B4AF 3E 01        1 ld a,1
 121+ B4B1 A7           	and a
 122+ B4B2 C9           	ret
 123+ B4B3
 124+ B4B3              ; --------------------------------------------------------------------------------------------------------------------
 125+ B4B3              ;
 126+ B4B3              ; 	23/8/26
 127+ B4B3              ;
 128+ B4B3              ;
 129+ B4B3              ;	Inicializa la variable (Columnas), n° de columnas que podemos imprimir del Sprite cuando está incompleto, (apareciendo o desapareciendo)_
 130+ B4B3              ;	_por los extremos de la pantalla.
 131+ B4B3
 132+ B4B3              ;	INPUT: (HL) contiene (Posicion_actual).
 133+ B4B3              ;		   (A) contiene (Cuad_objeto).
 134+ B4B3              ;		   (C) contiene (Columns).
 135+ B4B3              ;
 136+ B4B3              ;	MODIFY: (A).
 137+ B4B3              ;
 138+ B4B3              ;	OUTPUT: (Columnas).
 139+ B4B3              ;			(Sprite_completo).
 140+ B4B3              ;
 141+ B4B3              ;		    (A) contiene (Columnas).
 142+ B4B3              ;			(HL) contiene (Posicion_actual).
 143+ B4B3
 144+ B4B3              calcula_CColumnass:
 145+ B4B3
 146+ B4B3 3A EB 93     	ld a,(Posicion_actual)
 147+ B4B6 E6 1F        	and $1f
 148+ B4B8 28 19        	jr z,One_CColumna
 149+ B4BA
 150+ B4BA 3D           	dec a
 151+ B4BB 28 10        	jr z,Two_CColumna
 152+ B4BD
 153+ B4BD 3C           	inc a
 154+ B4BE
 155+ B4BE FE 1E        	cp $1e
 156+ B4C0 38 04        	jr c,Two_or_Three_ccolumnas
 157+ B4C2
 158+ B4C2 28 09        	jr z,Two_CColumna
 159+ B4C4
 160+ B4C4 18 0D        	jr One_CColumna
 161+ B4C6
 162+ B4C6              Two_or_Three_ccolumnas:
 163+ B4C6
 164+ B4C6 3A E8 93     	ld a,(Columns)
 165+ B4C9 32 FB 93     	ld (Columnas),a
 166+ B4CC
 167+ B4CC C9           	ret
 168+ B4CD
 169+ B4CD              Two_CColumna:
 170+ B4CD
 171+ B4CD 3E 02        	ld a,2
 172+ B4CF 32 FB 93     	ld (Columnas),a
 173+ B4D2
 174+ B4D2 C9           	ret
 175+ B4D3
 176+ B4D3              One_CColumna:
 177+ B4D3
 178+ B4D3 3E 01        	ld a,1
 179+ B4D5 32 FB 93     	ld (Columnas),a
 180+ B4D8
 181+ B4D8 C9           	ret
 182+ B4D9
 183+ B4D9              ; --------------------------------------------------------------------------------------------------------------------
 184+ B4D9              ;
 185+ B4D9              ;   27/8/26
 186+ B4D9              ;
 187+ B4D9              ;	INPUT: (HL) contiene (Posicion_actual).
 188+ B4D9              ; 		    (A)    "     (Columnas).
 189+ B4D9              ;		   (IX)    "     (Puntero_de_impresion) de la (Posicion_actual) anterior, (antes del último movimiento).
 190+ B4D9              ; 						 Comparando (Cuad_objeto) de (IX) con (Cuad_objeto) de (HL) cuando el Sprite está INCOMPLETO,_
 191+ B4D9              ;						 _averiguamos si se ha producido cambio de cuadrante, (pasamos de la parte alta de la pantalla a la parte baja_
 192+ B4D9              ; 						 _o viceversa).
 193+ B4D9              ;
 194+ B4D9              ;
 195+ B4D9              ;	OUTPUT:	(HL) contiene  (Posicion_actual).
 196+ B4D9              ;		   	(IX)    "      (Puntero_de_impresion).
 197+ B4D9              ;			(IY)    "      (Puntero_objeto).
 198+ B4D9
 199+ B4D9              Drive:
 200+ B4D9
 201+ B4D9              ;	(Columnas) en (E).
 202+ B4D9              ;	(Sprite_completo) en (D).
 203+ B4D9
 204+ B4D9 5F           	ld e,a
 205+ B4DA
 206+ B4DA 3A FC 93     	ld a,(Sprite_completo)
 207+ B4DD 57           	ld d,a 									           ; (Sprite_completo)/(Columnas) en DE.
 208+ B4DE
 209+ B4DE              ;	Situación en pantalla de la nueva (Posicion_actual).
 210+ B4DE
 211+ B4DE 3A FA 93     	ld a,(Cuad_objeto)
 212+ B4E1
 213+ B4E1 3D           	dec a
 214+ B4E2 CA F3 B5     	jp z, Cuadrante_uno
 215+ B4E5
 216+ B4E5 3D           	dec a
 217+ B4E6 CA 9A B5     	jp z, Cuadrante_dos
 218+ B4E9
 219+ B4E9 3D           	dec a
 220+ B4EA 28 55        	jr z, Cuadrante_tres
 221+ B4EC
 222+ B4EC              ; ------------------------------------------------------------------------------
 223+ B4EC              ; ------------------------ CUADRANTE 4 -----------------------------------------
 224+ B4EC              ; ------------------------------------------------------------------------------
 225+ B4EC
 226+ B4EC              Cuadrante_cuatro:
 227+ B4EC
 228+ B4EC 14           	inc d
 229+ B4ED 15           	dec d
 230+ B4EE 20 3C        	jr nz, Sprite_anteriormente_completo_en_CUAD_4 		; (D) contiene (Sprite_completo), indica si el Sprite estaba COMPLETO o no en la (Posicion_actual) anterior.
 231+ B4F0
 232+ B4F0              Sprite_anteriormente_incompleto_en_CUAD_4:
 233+ B4F0
 234+ B4F0              ;	Sprite INCOMPLETO en el 4º cuadrante.
 235+ B4F0              ;
 236+ B4F0              ;	(Posicion_actual) del Sprite se encuentra en zona nebulosa del 4º cuadrante. Lo primero que necesitamos saber es si el Sprite viene de otro cuadrante, (2º o 4º) o se mantiene en el mismo.
 237+ B4F0
 238+ B4F0 08           	ex af,af
 239+ B4F1 F5           	push af
 240+ B4F2 08           	ex af,af
 241+ B4F3 F1           	pop af
 242+ B4F4
 243+ B4F4 3D           	dec a
 244+ B4F5 28 2A        	jr z, Procede_de_cuad1_4
 245+ B4F7 3D           	dec a
 246+ B4F8 28 1F        	jr z, Procede_de_cuad2_4
 247+ B4FA 3D           	dec a
 248+ B4FB 28 14        	jr z, Procede_de_cuad3_4
 249+ B4FD
 250+ B4FD              Procede_de_cuad4_4:
 251+ B4FD
 252+ B4FD              ;	No modificamos (Posicion_actual) pues seguimos en el 4º cuadrante.
 253+ B4FD              ;	En el 4º cuadrante el (Puntero_de_impresion) siempre será igual a (Posicion_actual).
 254+ B4FD
 255+ B4FD CD 9A B6     	call Prepara_punteros
 256+ B500 CD 5A B6     	call Comprueba_completo_en_Cuad_4
 257+ B503 D0           	ret nc 												; El Sprite continúa INCOMPLETO, (Sprite_completo) = "0".
 258+ B504
 259+ B504              ;	El Sprite pasa de INCOMPLETO a COMPLETO.
 260+ B504
 261+ B504              ;	Modifica (Posicion_actual) y flag (Sprite_completo).
 262+ B504
 263+ B504 DD 22 EB 93  	ld (Posicion_actual),ix
 264+ B508
 265+ B508 3E 01        	ld a,1
 266+ B50A 32 FC 93     	ld (Sprite_completo),a
 267+ B50D
 268+ B50D CD 52 B6     	call New_old_cuad_obj
 269+ B510
 270+ B510 C9           	ret
 271+ B511
 272+ B511              Procede_de_cuad3_4:
 273+ B511
 274+ B511              ;	Si estamos en el 4º cuadrante con el Sprite INCOMPLETO y anteriormente el Sprite estaba en el 3er Cuad. significa que desapareció por la parte izquierda de la pantalla y_
 275+ B511              ;	_vuelve a aparecer por la derecha.
 276+ B511
 277+ B511              ;	Recolocamos (Posicion_actual)
 278+ B511
 279+ B511 CD A7 B6     	call Modifica_columna_a_izq
 280+ B514 CD 8D B6     	call Detecta_cambio_de_cuadrante
 281+ B517
 282+ B517 18 E4        	jr Procede_de_cuad4_4
 283+ B519
 284+ B519              Procede_de_cuad2_4:
 285+ B519
 286+ B519              ;	Recolocamos (Posicion_actual) ?.
 287+ B519
 288+ B519 CD 24 9E     	call PreviousScan_15
 289+ B51C CD 8D B6     	call Detecta_cambio_de_cuadrante
 290+ B51F
 291+ B51F 18 DC        	jr Procede_de_cuad4_4
 292+ B521
 293+ B521              Procede_de_cuad1_4:
 294+ B521
 295+ B521              ;	Recolocamos (Posicion_actual) ?.
 296+ B521
 297+ B521 CD 24 9E     	call PreviousScan_15
 298+ B524 CD A7 B6     	call Modifica_columna_a_izq
 299+ B527 CD 8D B6     	call Detecta_cambio_de_cuadrante
 300+ B52A
 301+ B52A 18 D1        	jr Procede_de_cuad4_4
 302+ B52C
 303+ B52C              Sprite_anteriormente_completo_en_CUAD_4:
 304+ B52C
 305+ B52C              ;	El Sprite estaba completo en Cuad_1,2 o 4 en su anterior (Posicion_actual). Estamos en Cuad_2.
 306+ B52C              ;	Vamos a pensar que el sprite continúa completo.
 307+ B52C
 308+ B52C CD 9A B6     	call Prepara_punteros
 309+ B52F CD 52 B6     	call New_old_cuad_obj
 310+ B532
 311+ B532 3A E6 93     	ld a,(Ctrl_0)
 312+ B535 CB 77        	bit 6,a
 313+ B537 C0           	ret nz
 314+ B538
 315+ B538 CD 5A B6     	call Comprueba_completo_en_Cuad_4
 316+ B53B D8           	ret c 												; RET si el Sprite sigue estando COMPLETO.
 317+ B53C
 318+ B53C              ;	El Sprite pasa de estar COMPLETO a estar INCOMPLETO.
 319+ B53C
 320+ B53C AF           	xor a
 321+ B53D 32 FC 93     	ld (Sprite_completo),a
 322+ B540
 323+ B540              ;	call Calcula_Cuad_objeto
 324+ B540              ;	ex af,af
 325+ B540
 326+ B540 C9           	ret
 327+ B541
 328+ B541              ; ------------------------------------------------------------------------------
 329+ B541              ; ------------------------ CUADRANTE 3 -----------------------------------------
 330+ B541              ; ------------------------------------------------------------------------------
 331+ B541
 332+ B541              Cuadrante_tres:
 333+ B541
 334+ B541 14           	inc d
 335+ B542 15           	dec d
 336+ B543 20 3D        	jr nz, Sprite_anteriormente_completo_en_CUAD_3 		; (D) contiene (Sprite_completo), indica si el Sprite estaba COMPLETO o no en la (Posicion_actual) anterior.
 337+ B545
 338+ B545              Sprite_anteriormente_incompleto_en_CUAD_3:
 339+ B545
 340+ B545              ;	Sprite INCOMPLETO en el 3er cuadrante.
 341+ B545              ;
 342+ B545              ;	(Posicion_actual) del Sprite se encuentra en zona nebulosa del 3er cuadrante. Lo primero que necesitamos saber es si el Sprite viene de otro cuadrante, (1º,2° o 4), o se mantiene en el mismo.
 343+ B545
 344+ B545 08           	ex af,af
 345+ B546 F5           	push af
 346+ B547 08           	ex af,af
 347+ B548 F1           	pop af 												; (A) y (A') contienen el Cuad_objeto anterior.
 348+ B549
 349+ B549 3D           	dec a
 350+ B54A 28 2E        	jr z, Procede_de_cuad1_3
 351+ B54C 3D           	dec a
 352+ B54D 28 20        	jr z, Procede_de_cuad2_3
 353+ B54F 3D           	dec a
 354+ B550 28 06        	jr z, Procede_de_cuad3_3
 355+ B552
 356+ B552              Procede_de_cuad4_3:
 357+ B552
 358+ B552              ;	Si estamos en el 3er cuadrante con el Sprite INCOMPLETO y anteriormente el Sprite estaba en el 4º Cuad. significa que desapareció por la parte derecha de la pantalla y _
 359+ B552              ;	_vuelve a aparecer por la izquierda.
 360+ B552
 361+ B552              ;	Recolocamos (Posicion_actual) ?.
 362+ B552
 363+ B552 CD B0 B6     	call Modifica_columna_a_der
 364+ B555 CD 8D B6     	call Detecta_cambio_de_cuadrante
 365+ B558
 366+ B558
 367+ B558              Procede_de_cuad3_3:
 368+ B558
 369+ B558              ;	No modificamos (Posicion_actual) pues seguimos en el 3er cuadrante.
 370+ B558              ;	Calculamos el nuevo (Puntero_de_impresion).
 371+ B558
 372+ B558 CD A7 B6     	call Modifica_columna_a_izq
 373+ B55B CD 9A B6     	call Prepara_punteros
 374+ B55E CD 61 B6     	call Comprueba_completo_en_Cuad_3
 375+ B561 D8           	ret c 												 ; El Sprite continúa INCOMPLETO, (Sprite_completo) = "0".
 376+ B562
 377+ B562 DD 22 EB 93  	ld (Posicion_actual),ix
 378+ B566
 379+ B566 3E 01        	ld a,1
 380+ B568 32 FC 93     	ld (Sprite_completo),a
 381+ B56B
 382+ B56B CD 52 B6     	call New_old_cuad_obj
 383+ B56E
 384+ B56E C9           	ret
 385+ B56F
 386+ B56F              Procede_de_cuad2_3:
 387+ B56F
 388+ B56F              ;	Recolocamos (Posicion_actual) ?.
 389+ B56F
 390+ B56F CD 24 9E     	call PreviousScan_15
 391+ B572 CD B0 B6     	call Modifica_columna_a_der
 392+ B575 CD 8D B6     	call Detecta_cambio_de_cuadrante
 393+ B578
 394+ B578 18 DE        	jr Procede_de_cuad3_3
 395+ B57A
 396+ B57A              Procede_de_cuad1_3:
 397+ B57A
 398+ B57A              ;	Recolocamos (Posicion_actual) ?.
 399+ B57A
 400+ B57A CD 24 9E     	call PreviousScan_15
 401+ B57D CD 8D B6     	call Detecta_cambio_de_cuadrante
 402+ B580
 403+ B580 18 D6         	jr Procede_de_cuad3_3
 404+ B582
 405+ B582              Sprite_anteriormente_completo_en_CUAD_3:
 406+ B582
 407+ B582              ;	El Sprite estaba completo en Cuad_1,2 o 3 en su anterior (Posicion_actual). Estamos en Cuad_3.
 408+ B582              ;	Vamos a pensar que el sprite continúa completo.
 409+ B582
 410+ B582 CD 9A B6     	call Prepara_punteros
 411+ B585 CD 52 B6     	call New_old_cuad_obj
 412+ B588
 413+ B588 CD 61 B6     	call Comprueba_completo_en_Cuad_3
 414+ B58B D0           	ret nc 												; RET si el Sprite sigue estando COMPLETO.
 415+ B58C
 416+ B58C              ;	El Sprite pasa de estar COMPLETO a estar INCOMPLETO.
 417+ B58C
 418+ B58C              ;	Recolocamos (Posicion_actual)
 419+ B58C
 420+ B58C DD E5        	push ix
 421+ B58E E1           	pop hl
 422+ B58F
 423+ B58F CD B0 B6     	call Modifica_columna_a_der
 424+ B592 22 EB 93     	ld (Posicion_actual),hl
 425+ B595
 426+ B595 AF           	xor a
 427+ B596 32 FC 93     	ld (Sprite_completo),a
 428+ B599
 429+ B599              ;	call Calcula_Cuad_objeto
 430+ B599              ;	ex af,af
 431+ B599
 432+ B599 C9           	ret
 433+ B59A
 434+ B59A              ; ------------------------------------------------------------------------------
 435+ B59A              ; ------------------------ CUADRANTE 2 -----------------------------------------
 436+ B59A              ; ------------------------------------------------------------------------------
 437+ B59A
 438+ B59A              Cuadrante_dos:
 439+ B59A
 440+ B59A 14           	inc d
 441+ B59B 15           	dec d
 442+ B59C 20 3D        	jr nz, Sprite_anteriormente_completo_en_CUAD_2 	; (D) contiene (Sprite_completo), indica si el Sprite estaba COMPLETO o no en la (Posicion_actual) anterior.
 443+ B59E
 444+ B59E              Sprite_anteriormente_incompleto_en_CUAD_2:
 445+ B59E
 446+ B59E              ;	Sprite INCOMPLETO en el 1er cuadrante.
 447+ B59E              ;
 448+ B59E              ;	(Posicion_actual) del Sprite se encuentra en zona nebulosa del 1er cuadrante. Lo primero que necesitamos saber es si el Sprite viene de otro cuadrante, (2º o 3º) o se mantiene en el mismo.
 449+ B59E
 450+ B59E 08           	ex af,af
 451+ B59F F5           	push af
 452+ B5A0 08           	ex af,af
 453+ B5A1 F1           	pop af 												; (A) y (A') contienen el Cuad_objeto anterior.
 454+ B5A2
 455+ B5A2 3D           	dec a
 456+ B5A3 28 2E        	jr z, Procede_de_cuad1_2
 457+ B5A5 3D           	dec a
 458+ B5A6 28 14        	jr z, Procede_de_cuad2_2
 459+ B5A8 3D           	dec a
 460+ B5A9 28 08        	jr z, Procede_de_cuad3_2
 461+ B5AB
 462+ B5AB              Procede_de_cuad4_2:
 463+ B5AB
 464+ B5AB              ;	Recolocamos (Posicion_actual) ?.
 465+ B5AB
 466+ B5AB CD 03 9E     	call NextScan_15
 467+ B5AE CD 8D B6     	call Detecta_cambio_de_cuadrante
 468+ B5B1
 469+ B5B1 18 09        	jr Procede_de_cuad2_2
 470+ B5B3
 471+ B5B3              Procede_de_cuad3_2:
 472+ B5B3
 473+ B5B3              ;	Recolocamos (Posicion_actual) ?.
 474+ B5B3
 475+ B5B3 CD 03 9E     	call NextScan_15
 476+ B5B6 CD A7 B6     	call Modifica_columna_a_izq
 477+ B5B9 CD 8D B6     	call Detecta_cambio_de_cuadrante
 478+ B5BC
 479+ B5BC              Procede_de_cuad2_2:
 480+ B5BC
 481+ B5BC              ;	No modificamos (Posicion_actual) pues seguimos en el 2º cuadrante.
 482+ B5BC              ;	Calculamos el nuevo (Puntero_de_impresion).
 483+ B5BC
 484+ B5BC CD 24 9E     	call PreviousScan_15
 485+ B5BF CD 9A B6     	call Prepara_punteros
 486+ B5C2
 487+ B5C2 CD 68 B6     	call Comprueba_completo_en_Cuad_2
 488+ B5C5 D8           	ret c												; El Sprite continúa INCOMPLETO, (Sprite_completo) = "0".
 489+ B5C6
 490+ B5C6              ;	El Sprite pasa de INCOMPLETO a COMPLETO.
 491+ B5C6
 492+ B5C6              ;	Modifica (Posicion_actual) y flag (Sprite_completo).
 493+ B5C6
 494+ B5C6 DD 22 EB 93  	ld (Posicion_actual),ix
 495+ B5CA
 496+ B5CA 3E 01        	ld a,1
 497+ B5CC 32 FC 93     	ld (Sprite_completo),a
 498+ B5CF
 499+ B5CF CD 52 B6     	call New_old_cuad_obj
 500+ B5D2
 501+ B5D2 C9           	ret
 502+ B5D3
 503+ B5D3              Procede_de_cuad1_2:
 504+ B5D3
 505+ B5D3              ;	Recolocamos (Posicion_actual) ?.
 506+ B5D3
 507+ B5D3 CD A7 B6     	call Modifica_columna_a_izq
 508+ B5D6 CD 8D B6     	call Detecta_cambio_de_cuadrante
 509+ B5D9
 510+ B5D9 18 E1        	jr Procede_de_cuad2_2
 511+ B5DB
 512+ B5DB              Sprite_anteriormente_completo_en_CUAD_2:
 513+ B5DB
 514+ B5DB              ;	El Sprite estaba completo en Cuad_1,2 o 4 en su anterior (Posicion_actual). Estamos en Cuad_2.
 515+ B5DB              ;	Vamos a pensar que el sprite continúa completo.
 516+ B5DB
 517+ B5DB CD 9A B6     	call Prepara_punteros
 518+ B5DE CD 52 B6     	call New_old_cuad_obj
 519+ B5E1
 520+ B5E1 CD 68 B6     	call Comprueba_completo_en_Cuad_2
 521+ B5E4 D0           	ret nc 												; RET si el Sprite sigue estando COMPLETO.
 522+ B5E5
 523+ B5E5              ;	El Sprite pasa de estar COMPLETO a estar INCOMPLETO.
 524+ B5E5
 525+ B5E5              ;	Recolocamos (Posicion_actual)
 526+ B5E5
 527+ B5E5 DD E5        	push ix
 528+ B5E7 E1           	pop hl
 529+ B5E8
 530+ B5E8 CD 03 9E     	call NextScan_15
 531+ B5EB 22 EB 93     	ld (Posicion_actual),hl
 532+ B5EE
 533+ B5EE AF           	xor a
 534+ B5EF 32 FC 93     	ld (Sprite_completo),a
 535+ B5F2
 536+ B5F2              ;	call Calcula_Cuad_objeto
 537+ B5F2              ;	ex af,af
 538+ B5F2
 539+ B5F2 C9           	ret
 540+ B5F3
 541+ B5F3              ; ------------------------------------------------------------------------------
 542+ B5F3              ; ------------------------ CUADRANTE 1 -----------------------------------------
 543+ B5F3              ; ------------------------------------------------------------------------------
 544+ B5F3
 545+ B5F3              Cuadrante_uno:
 546+ B5F3
 547+ B5F3 14           	inc d
 548+ B5F4 15           	dec d
 549+ B5F5 20 40        	jr nz, Sprite_anteriormente_completo_en_CUAD_1 		; (D) contiene (Sprite_completo), indica si el Sprite estaba COMPLETO o no en la (Posicion_actual) anterior.
 550+ B5F7
 551+ B5F7              Sprite_anteriormente_incompleto_en_CUAD_1:
 552+ B5F7
 553+ B5F7              ;	Sprite INCOMPLETO en el 1er cuadrante.
 554+ B5F7              ;
 555+ B5F7              ;	(Posicion_actual) del Sprite se encuentra en zona nebulosa del 1er cuadrante. Lo primero que necesitamos saber es si el Sprite viene de otro cuadrante, (2º o 3º) o se mantiene en el mismo.
 556+ B5F7
 557+ B5F7 08           	ex af,af
 558+ B5F8 F5           	push af
 559+ B5F9 08           	ex af,af
 560+ B5FA F1           	pop af 												; (A) y (A') contienen el Cuad_objeto anterior.
 561+ B5FB
 562+ B5FB 3D           	dec a
 563+ B5FC 28 1F        	jr z, Procede_de_cuad1
 564+ B5FE 3D           	dec a
 565+ B5FF 28 16        	jr z, Procede_de_cuad2
 566+ B601 3D           	dec a
 567+ B602 28 0B        	jr z, Procede_de_cuad3
 568+ B604
 569+ B604              Procede_de_cuad4:
 570+ B604
 571+ B604              ;	Recolocamos (Posicion_actual) ?.
 572+ B604
 573+ B604 CD 03 9E     	call NextScan_15
 574+ B607 CD B0 B6     	call Modifica_columna_a_der
 575+ B60A CD 8D B6     	call Detecta_cambio_de_cuadrante
 576+ B60D
 577+ B60D 18 0E        	jr Procede_de_cuad1
 578+ B60F
 579+ B60F              Procede_de_cuad3:
 580+ B60F
 581+ B60F              ;	Recolocamos (Posicion_actual) ?.
 582+ B60F
 583+ B60F CD 03 9E     	call NextScan_15
 584+ B612 CD 8D B6     	call Detecta_cambio_de_cuadrante
 585+ B615
 586+ B615 18 06        	jr Procede_de_cuad1
 587+ B617
 588+ B617              Procede_de_cuad2:
 589+ B617
 590+ B617              ;	Recolocamos (Posicion_actual) ?.
 591+ B617
 592+ B617 CD B0 B6     	call Modifica_columna_a_der
 593+ B61A CD 8D B6     	call Detecta_cambio_de_cuadrante
 594+ B61D
 595+ B61D              Procede_de_cuad1:
 596+ B61D
 597+ B61D              ;	No modificamos (Posicion_actual) pues seguimos en el 1er cuadrante.
 598+ B61D              ;	Calculamos el nuevo (Puntero_de_impresion).
 599+ B61D
 600+ B61D CD 24 9E     	call PreviousScan_15
 601+ B620 CD A7 B6     	call Modifica_columna_a_izq
 602+ B623 CD 9A B6     	call Prepara_punteros
 603+ B626
 604+ B626 CD 7C B6     	call Comprueba_completo_en_Cuad_1
 605+ B629 D8           	ret c												; El Sprite continúa INCOMPLETO, (Sprite_completo) = "0".
 606+ B62A
 607+ B62A              ;	El Sprite pasa de INCOMPLETO a COMPLETO.
 608+ B62A
 609+ B62A              ;	Modifica (Posicion_actual) y flag (Sprite_completo).
 610+ B62A
 611+ B62A DD 22 EB 93  	ld (Posicion_actual),ix
 612+ B62E
 613+ B62E 3E 01        	ld a,1
 614+ B630 32 FC 93     	ld (Sprite_completo),a
 615+ B633
 616+ B633 CD 52 B6     	call New_old_cuad_obj
 617+ B636
 618+ B636 C9           	ret
 619+ B637
 620+ B637              Sprite_anteriormente_completo_en_CUAD_1:
 621+ B637
 622+ B637              ;	El Sprite estaba completo en Cuad_1,2 o 3 en su anterior (Posicion_actual). Estamos en Cuad_1.
 623+ B637              ;	Vamos a pensar que el sprite continúa completo.
 624+ B637
 625+ B637 CD 9A B6     	call Prepara_punteros
 626+ B63A CD 52 B6     	call New_old_cuad_obj
 627+ B63D
 628+ B63D CD 7C B6     	call Comprueba_completo_en_Cuad_1
 629+ B640 D0           	ret nc 												; RET si el Sprite sigue estando COMPLETO.
 630+ B641
 631+ B641              ;	El Sprite pasa de estar COMPLETO a estar INCOMPLETO.
 632+ B641
 633+ B641              ;	Nuevo (cuadrante anterior en A´.)
 634+ B641
 635+ B641              ;	Recolocamos (Posicion_actual)
 636+ B641
 637+ B641 DD E5        	push ix
 638+ B643 E1           	pop hl
 639+ B644
 640+ B644 CD 03 9E     	call NextScan_15
 641+ B647 CD B0 B6     	call Modifica_columna_a_der
 642+ B64A 22 EB 93     	ld (Posicion_actual),hl
 643+ B64D
 644+ B64D AF           	xor a
 645+ B64E 32 FC 93     	ld (Sprite_completo),a
 646+ B651
 647+ B651              ;	call Calcula_Cuad_objeto
 648+ B651              ;	ex af,af
 649+ B651
 650+ B651 C9           	ret
 651+ B652
 652+ B652              ; ---------------------------------------------------------------------------
 653+ B652              ;
 654+ B652              ;	Subrutinas DRIVE.
 655+ B652              ;
 656+ B652              ; ---------------------------------------------------------------------------
 657+ B652
 658+ B652              New_old_cuad_obj:
 659+ B652
 660+ B652 DD E5        	push ix
 661+ B654 E1           	pop hl
 662+ B655
 663+ B655 CD 75 B4     	call Calcula_Cuad_objeto
 664+ B658
 665+ B658 08           	ex af,af
 666+ B659
 667+ B659 C9           	ret
 668+ B65A
 669+ B65A              Comprueba_completo_en_Cuad_4:
 670+ B65A
 671+ B65A DD 7D        	ld a,ixl
 672+ B65C E6 1F        	and $1f
 673+ B65E FE 1D        	cp $1d
 674+ B660
 675+ B660 C9           	ret
 676+ B661
 677+ B661              Comprueba_completo_en_Cuad_3:
 678+ B661
 679+ B661 DD 7D        	ld a,ixl
 680+ B663 E6 1F        	and $1f
 681+ B665 FE 03        	cp 3
 682+ B667
 683+ B667 C9           	ret
 684+ B668
 685+ B668              Comprueba_completo_en_Cuad_2:
 686+ B668
 687+ B668 DD 7D        	ld a,ixl
 688+ B66A E6 1F        	and $1f
 689+ B66C FE 1D        	cp $1d
 690+ B66E 38 02        	jr c,1F 											; Estamos por debajo de la columna $1d, en principio el sprite está completo
 691+ B670
 692+ B670 3F           	ccf 												; Estamos por encima de la columna $1d, invertimos el FLAG CARRY y RET. Sprite INCOMPLETO.
 693+ B671
 694+ B671 C9           	ret
 695+ B672
 696+ B672 DD 7C        1 ld a,ixh
 697+ B674 FE 48        	cp $48
 698+ B676 D0           	ret nc
 699+ B677
 700+ B677 DD 7D        	ld a,ixl
 701+ B679 FE A0        	cp $a0
 702+ B67B
 703+ B67B C9           	ret
 704+ B67C
 705+ B67C              Comprueba_completo_en_Cuad_1:
 706+ B67C
 707+ B67C DD 7D        	ld a,ixl
 708+ B67E E6 1F        	and $1f
 709+ B680 FE 03        	cp 3
 710+ B682
 711+ B682 D8           	ret c 												; RET con CARRY FLAG indica que el Sprite en la actual (Posicion_actual) está INCOMPLETO.
 712+ B683
 713+ B683 DD 7C        	ld a,ixh
 714+ B685 FE 48        	cp $48
 715+ B687 D0           	ret nc
 716+ B688
 717+ B688 DD 7D        	ld a,ixl
 718+ B68A FE A0        	cp $a0
 719+ B68C
 720+ B68C C9           	ret
 721+ B68D
 722+ B68D              Detecta_cambio_de_cuadrante:
 723+ B68D
 724+ B68D 08           	ex af,af
 725+ B68E 47           	ld b,a
 726+ B68F 08           	ex af,af
 727+ B690
 728+ B690 CD 75 B4     	call Calcula_Cuad_objeto
 729+ B693
 730+ B693 B8           	cp b
 731+ B694 C8           	ret z 												; No hay cambio de cuadrante.
 732+ B695
 733+ B695 22 EB 93     	ld (Posicion_actual),hl
 734+ B698
 735+ B698 08           	ex af,af											; Nuevo cuad anterior en A'.
 736+ B699
 737+ B699 C9           	ret
 738+ B69A
 739+ B69A              Prepara_punteros:
 740+ B69A
 741+ B69A 22 DD 93     	ld (Puntero_de_impresion),hl
 742+ B69D
 743+ B69D E5           	push hl
 744+ B69E DD E1        	pop ix
 745+ B6A0
 746+ B6A0 2A ED 93     	ld hl,(Puntero_objeto)
 747+ B6A3
 748+ B6A3 E5           	push hl
 749+ B6A4 FD E1        	pop iy
 750+ B6A6
 751+ B6A6 C9           	ret
 752+ B6A7
 753+ B6A7              Modifica_columna_a_izq:
 754+ B6A7
 755+ B6A7 3A FB 93     	ld a,(Columnas)
 756+ B6AA 3D           	dec a
 757+ B6AB
 758+ B6AB 5F           	ld e,a 												; (Columnas)-1 en E.
 759+ B6AC
 760+ B6AC 7D           	ld a,l
 761+ B6AD 93           	sub e
 762+ B6AE 6F           	ld l,a
 763+ B6AF
 764+ B6AF C9           	ret
 765+ B6B0
 766+ B6B0              Modifica_columna_a_der:
 767+ B6B0
 768+ B6B0 3A FB 93     	ld a,(Columnas)
 769+ B6B3 3D           	dec a
 770+ B6B4
 771+ B6B4 5F           	ld e,a 												; (Columnas)-1 en E.
 772+ B6B5
 773+ B6B5 7D           	ld a,l
 774+ B6B6 83           	add e
 775+ B6B7 6F           	ld l,a
 776+ B6B8
 777+ B6B8 C9           	ret
 778+ B6B9
 779+ B6B9
 780+ B6B9
 781+ B6B9
 782+ B6B9
 783+ B6B9
 784+ B6B9
 785+ B6B9
# file closed: Draw_XOR.asm
3123  B6B9              	include "Direcciones.asm"
# file opened: Direcciones.asm
   1+ B6B9              ; ******************************************************************************************************************************************************************************************
   2+ B6B9              ;
   3+ B6B9              ;   27/05/23
   4+ B6B9              ;
   5+ B6B9              ;	Mov_down
   6+ B6B9              ;
   7+ B6B9              ; 	Mueve el Sprite X px hacia abajo.
   8+ B6B9              ;
   9+ B6B9              ;
  10+ B6B9
  11+ B6B9              Mov_down:
  12+ B6B9
  13+ B6B9 CD 11 B7     	call Reponne_punntero_objeto
  14+ B6BC
  15+ B6BC 3A 01 94     	ld a,(Vel_down)
  16+ B6BF 47           	ld b,a
  17+ B6C0 2A EB 93         ld hl,(Posicion_actual)
  18+ B6C3 CD C8 9D     2 call calcula_tercio 												; Averiguamos el tercio de pantalla en el que nos encontramos.
  19+ B6C6 E6 02        	and 2
  20+ B6C8 28 16        	jr z,1F
  21+ B6CA
  22+ B6CA              ; Nos encontramos en el último tercio de pantalla.
  23+ B6CA              ; Averiguamos si estamos en el último scanline de la última línea de pantalla.
  24+ B6CA
  25+ B6CA 7C           	ld a,h
  26+ B6CB FE 57        	cp $57
  27+ B6CD 20 11        	jr nz,1F
  28+ B6CF
  29+ B6CF 7D           	ld a,l
  30+ B6D0 C6 20        	add $20
  31+ B6D2 30 0C        	jr nc,1F
  32+ B6D4
  33+ B6D4 CD 9A B9     	call Reaparece_arriba
  34+ B6D7              ;	call Reinicio
  35+ B6D7
  36+ B6D7              ;	Homos generado todos los movimientos posibles de esta "Entidad_guía".
  37+ B6D7
  38+ B6D7 3A 4C 94     	ld a,(Ctrl_3)
  39+ B6DA CB CF        	set 1,a
  40+ B6DC 32 4C 94     	ld (Ctrl_3),a
  41+ B6DF
  42+ B6DF C9           	ret
  43+ B6E0
  44+ B6E0 CD F4 9D     1 call NextScan
  45+ B6E3 22 EB 93     	ld (Posicion_actual),hl
  46+ B6E6
  47+ B6E6 10 DB        	djnz 2B
  48+ B6E8
  49+ B6E8 C9           	ret
  50+ B6E9
  51+ B6E9              ; ******************************************************************************************************************************************************************************************
  52+ B6E9              ;
  53+ B6E9              ;   27/05/23
  54+ B6E9              ;
  55+ B6E9              ;	Mov_up
  56+ B6E9              ;
  57+ B6E9              ; 	Mueve el Sprite hacia arriba.
  58+ B6E9              ;
  59+ B6E9              ;
  60+ B6E9              Mov_up:
  61+ B6E9
  62+ B6E9 CD 11 B7     	call Reponne_punntero_objeto
  63+ B6EC
  64+ B6EC 3A 00 94     	ld a,(Vel_up)
  65+ B6EF 47           	ld b,a
  66+ B6F0
  67+ B6F0 2A EB 93     	ld hl,(Posicion_actual)
  68+ B6F3
  69+ B6F3 CD C8 9D     3 call calcula_tercio 													; Si no estamos en el 1er tercio de la pantalla no nos preocupamos de la reaparición.
  70+ B6F6 A7           	and a
  71+ B6F7 20 0F        	jr nz,1F
  72+ B6F9
  73+ B6F9              ; Nos encontramos en el 1er tercio de pantalla.
  74+ B6F9              ; Averiguamos si estamos en el primer scanline de la primera línea de pantalla.
  75+ B6F9
  76+ B6F9 7C               ld a,h 																; Si estamos en el 1er tercio de pantalla pero no nos encontramos en el 1er scanline_
  77+ B6FA FE 40            cp $40 																; _del mismo, podemos seguir subiendo.
  78+ B6FC 20 0A            jr nz,1F
  79+ B6FE 7D               ld a,l
  80+ B6FF D6 20            sub $20
  81+ B701 30 05            jr nc,1F
  82+ B703 25               dec h
  83+ B704
  84+ B704 CD 85 B9         call Reaparece_abajo                                                ; El objeto ha desaparecido por la parte superior de la pantalla, H="$3f". Hacemos llamada a _
  85+ B707              ;	call Reinicio
  86+ B707
  87+ B707 C9           	ret
  88+ B708
  89+ B708 CD 15 9E     1 call PreviousScan
  90+ B70B 22 EB 93     	ld (Posicion_actual),hl
  91+ B70E 10 E3            djnz 3B
  92+ B710
  93+ B710 C9           	ret
  94+ B711
  95+ B711              ; -----------------------------
  96+ B711              ;
  97+ B711              ;	12/6/25
  98+ B711              ;
  99+ B711              ;	Si la rutina [Recompone_posicion_inicio] no inició la entidad en la 1ª o última columna de pantalla,_
 100+ B711              ;	_restaurará (Puntero_objeto) con el contenido de (Repone_puntero_objeto).
 101+ B711
 102+ B711              Reponne_punntero_objeto:
 103+ B711
 104+ B711 21 E5 93     	ld hl,Ctrl_2
 105+ B714 CB 46        	bit 0,(hl)
 106+ B716 C8           	ret z
 107+ B717
 108+ B717 3A F8 93     	ld a,(Posicion_inicio)
 109+ B71A E6 1F        	and $1f
 110+ B71C C8           	ret z
 111+ B71D FE 1F        	cp $1f
 112+ B71F C8           	ret z
 113+ B720
 114+ B720 CB 86        	res 0,(hl)
 115+ B722
 116+ B722 2A 11 94     	ld hl,(Repone_puntero_objeto)
 117+ B725 22 ED 93     	ld (Puntero_objeto),hl
 118+ B728
 119+ B728 C9           	ret
 120+ B729
 121+ B729              ; ******************************************************************************************************************************************************************************************
 122+ B729              ;
 123+ B729              ;	19/10/22
 124+ B729              ;
 125+ B729              ;	Mov_right.
 126+ B729              ;
 127+ B729              ; 	Desplaza el Sprite (x)Pixels a la derecha.
 128+ B729
 129+ B729              Mov_right:
 130+ B729
 131+ B729 3A E6 93     	ld a,(Ctrl_0)
 132+ B72C CB 77        	bit 6,a
 133+ B72E 28 02        	jr z, Detecta_salida_por_la_derecha								; Estamos generando los movimintos de Amadeus o de una Entidad ???
 134+ B730
 135+ B730 18 48        	jr 8F
 136+ B732
 137+ B732              ;	Moviendo entidades. Detecta salida por la parte derecha de la pantalla en función de (CTRL_DESPLZ) y (Vel_right).
 138+ B732
 139+ B732              Detecta_salida_por_la_derecha:
 140+ B732
 141+ B732 3A EB 93     4 ld a,(Posicion_actual)	 	  									; Estamos en el char. 31?
 142+ B735 E6 1F        	and $1f
 143+ B737 FE 1F        	cp $1f															; Si no es así, saltamos a [3] para seguir con el desplazamiento progrmado.
 144+ B739
 145+ B739 20 3F        	jr nz,8F
 146+ B73B
 147+ B73B              ; ---------- ---------- ---------- ----------
 148+ B73B              ;
 149+ B73B              ;	Estamos en el último char. de la fila
 150+ B73B
 151+ B73B 3A EF 93     	ld a,(CTRL_DESPLZ) 		 										; Estamos en el último char. de la línea. Si (CTRL_DESPLZ)="0" saltamos a_
 152+ B73E A7           	and a 															; _[3] para continuar con el DESPLZ.
 153+ B73F 28 39        	jr z,8F
 154+ B741
 155+ B741              ;	Estamos en el último char. de la fila y (CTRL_DESPLZ) es distinto de "0".
 156+ B741
 157+ B741 3A FF 93     	ld a,(Vel_right) 												; En función del factor de velocidad, iniciaremos la salida de la pantalla,_									;
 158+ B744 FE 02        	cp 2 															; _(Reaparece_izquierda), cuando (CTRL_DESPLZ) alcance un valor determinado.
 159+ B746 28 11        	jr z,1F
 160+ B748 38 06        	jr c,6F
 161+ B74A FE 04        	cp 4
 162+ B74C 28 14        	jr z,7F
 163+ B74E 18 FE        	jr $ 															; Sólo se permite velocidad 1,2,4 y 8.
 164+ B750
 165+ B750              ; ---------- ---------- ----------
 166+ B750              ;
 167+ B750              ; Perfiles de velocidad
 168+ B750              ;
 169+ B750
 170+ B750 3A EF 93     6 ld a,(CTRL_DESPLZ) 												; Velocidad 1
 171+ B753 FE FE        	cp $fe
 172+ B755 38 23        	jr c,8F
 173+ B757 18 10        	jr 3F
 174+ B759 3A EF 93     1 ld a,(CTRL_DESPLZ) 												; Velocidad 2
 175+ B75C FE FD        	cp $fd
 176+ B75E 38 1A        	jr c,8F
 177+ B760 18 07        	jr 3F
 178+ B762 3A EF 93     7 ld a,(CTRL_DESPLZ) 												; Velocidad 4
 179+ B765 FE FB        	cp $fb
 180+ B767 38 11        	jr c,8F
 181+ B769
 182+ B769 CD 6F B9     3 call Reaparece_izquierda 											; Despues de haber actualizado la coordenada X del Sprite, (de 0 a 31). Si el movimiento es al char. _
 183+ B76C              ;	call Reinicio
 184+ B76C
 185+ B76C              ; ---------- ---------- ----------
 186+ B76C              ;
 187+ B76C              ;	Esta parte de la rutina se encarga de hacer que el Sprite aparezca pixel a pixel por la izquierda.
 188+ B76C
 189+ B76C 06 02        	ld b,2 															; Para hacer que el objeto aparezca poco a poco, hemos de desplazarlo 2 veces: El primer desplazamiento_
 190+ B76E C5           5 push bc 															; _pone (CTRL_DESPLZ) a "0" y el segundo a "$ff". Con esto hacemos que el Sprite tenga espacio en blanco delante_
 191+ B76F CD 81 B7     	call DESPLZ_DER
 192+ B772 C1           	pop bc
 193+ B773 10 F9        	djnz 5B
 194+ B775 21 EB 93     	ld hl,Posicion_actual											; Decrementamos su posición actual, pués al desplazarlo a la derecha, volvemos a incrementar el nº de (Columns) y _
 195+ B778 35           	dec (hl)														; _ (Posicion_actual) ha pasado de $00 a $01.
 196+ B779
 197+ B779 C9           	ret
 198+ B77A
 199+ B77A 2A EB 93     8 ld hl,(Posicion_actual)
 200+ B77D CD 81 B7     	call DESPLZ_DER
 201+ B780
 202+ B780 C9           	ret
 203+ B781
 204+ B781              ; ------------------------------------------------------------------------------------------------------------------------------------------------------------------------------------
 205+ B781              ;
 206+ B781              ;	22/9/22
 207+ B781              ;
 208+ B781
 209+ B781              DESPLZ_DER:
 210+ B781
 211+ B781 CD 90 B7     	call Desplaza_derecha
 212+ B784 CD DD B7         call modifica_parametros_1er_DESPLZ_2
 213+ B787 CD 01 B8         call Ciclo_completo
 214+ B78A
 215+ B78A 21 E6 93         ld hl,Ctrl_0 													; Indica que nos hemos desplazado a la derecha.
 216+ B78D CB FE        	set 7,(hl)
 217+ B78F
 218+ B78F C9           	ret
 219+ B790
 220+ B790              ; *************************************************************************************************************************************************************************************
 221+ B790              ;	31/08/26
 222+ B790              ;
 223+ B790
 224+ B790              Desplaza_derecha:
 225+ B790
 226+ B790 3A FF 93     	ld a,(Vel_right)
 227+ B793 47           	ld b,a
 228+ B794
 229+ B794 2A F4 93     9 ld hl,(Puntero_DESPLZ_der)
 230+ B797 23           1 inc hl
 231+ B798 23           	inc hl
 232+ B799 10 FC        	djnz 1B 														; (Vel_right) indica cuantas posiciones desplazaremos el (Puntero_DESPLZ)_
 233+ B79B
 234+ B79B 22 F4 93     	ld (Puntero_DESPLZ_der),hl 										; _por el índice del Sprite.
 235+ B79E CD C2 9D     	call Extrae_address
 236+ B7A1 22 ED 93     	ld (Puntero_objeto),hl
 237+ B7A4
 238+ B7A4              ; Modifica (Puntero_DESPLZ_izq).
 239+ B7A4
 240+ B7A4              ; Vamos a descontar a "8" el nº de movimientos que hemos efectuado a la derecha.
 241+ B7A4              ; Cuántos movimientos hemos hecho ??
 242+ B7A4              ; DE contiene (Puntero_DESPLZ_der).
 243+ B7A4
 244+ B7A4 2A F0 93     7 ld hl,(Indice_Sprite_der)
 245+ B7A7 EB           	ex de,hl
 246+ B7A8 A7           	and a
 247+ B7A9 ED 52        	sbc hl,de
 248+ B7AB CB 3D        	srl l
 249+ B7AD 3E 08        6 ld a,8
 250+ B7AF 95           	sub l
 251+ B7B0 C8           	ret z
 252+ B7B1 30 1E        	jr nc,3F
 253+ B7B3
 254+ B7B3              ; Hemos salido del índice. Hay que ajustar (Puntero_DESPLZ_der) dentro del mismo.
 255+ B7B3              ; B="0".
 256+ B7B3
 257+ B7B3 04           4 inc b
 258+ B7B4 3C           	inc a
 259+ B7B5 20 FC        	jr nz,4B
 260+ B7B7 78           	ld a,b
 261+ B7B8 08           	ex af,af
 262+ B7B9 2A F0 93     	ld hl,(Indice_Sprite_der)
 263+ B7BC 23           5 inc hl
 264+ B7BD 23           	inc hl
 265+ B7BE 10 FC        	djnz 5B
 266+ B7C0 22 F4 93     	ld (Puntero_DESPLZ_der),hl
 267+ B7C3 CD C2 9D     	call Extrae_address
 268+ B7C6 22 ED 93     	ld (Puntero_objeto),hl
 269+ B7C9
 270+ B7C9              ; Si nos hemos salido del índice es porque hemos completado un ciclo completo. Habrá que actualizar_
 271+ B7C9              ; _(Posicion_actual).
 272+ B7C9
 273+ B7C9 21 EB 93     	ld hl,Posicion_actual
 274+ B7CC 34           	inc (hl)
 275+ B7CD 08               ex af,af
 276+ B7CE 6F           	ld l,a
 277+ B7CF 18 DC        	jr 6B
 278+ B7D1
 279+ B7D1              ; Permanecemos en el índice. No hay que reajustar (Puntero_DESPLZ_izq).
 280+ B7D1
 281+ B7D1 47           3 ld b,a
 282+ B7D2 2A F2 93     	ld hl,(Indice_Sprite_izq)
 283+ B7D5 23           2 inc hl
 284+ B7D6 23           	inc hl
 285+ B7D7 10 FC        	djnz 2B
 286+ B7D9 22 F6 93     	ld (Puntero_DESPLZ_izq),hl
 287+ B7DC
 288+ B7DC C9           8 ret
 289+ B7DD
 290+ B7DD              ; ------------------------------------------------------------------------------------------------------------------------------------------------------------------------------------
 291+ B7DD              ;
 292+ B7DD              ;	7/6/25
 293+ B7DD              ;
 294+ B7DD              ;	modifica_parametros_1er_DESPLZ_2
 295+ B7DD              ;
 296+ B7DD              ;	La rutina modifica el nº de columnas del objeto en el 1er desplazamiento.
 297+ B7DD              ; 	También incrementa el byte de control de desplazamiento, (desplz. a derecha) y modifica la posición de (Puntero_datas) en función del cuadrante de pantalla en el que nos encontremos.
 298+ B7DD              ; 	Si el desplazamiento se produce en el 2º o 4º cuadrante, la rutina decrementará (Posicion_actual).
 299+ B7DD
 300+ B7DD              modifica_parametros_1er_DESPLZ_2:
 301+ B7DD
 302+ B7DD 3A EF 93     	ld a,(CTRL_DESPLZ)		 		  ; Incrementamos el nª de (Columns) cuando desplazamos el objeto por 1ª vez.
 303+ B7E0 A7           	and a
 304+ B7E1 20 1A        	jr nz,1F
 305+ B7E3
 306+ B7E3 D6 09        	sub 9                							              ; Situamos en $f7 el valor de partida de (CTRL_DESPLZ) tras el 1er desplazamiento.
 307+ B7E5 32 EF 93         ld (CTRL_DESPLZ),a
 308+ B7E8
 309+ B7E8 21 E8 93     	ld hl,Columns
 310+ B7EB 34           	inc (hl)
 311+ B7EC
 312+ B7EC 3A FA 93     	ld a,(Cuad_objeto)
 313+ B7EF E6 01        	and 1
 314+ B7F1 28 0A        	jr z,1F
 315+ B7F3
 316+ B7F3 3A FC 93     	ld a,(Sprite_completo)
 317+ B7F6 A7           	and a
 318+ B7F7 20 04        	jr nz,1F
 319+ B7F9
 320+ B7F9 21 EB 93     	ld hl,Posicion_actual 										  ; Incrementamos 1 char. el valor de (Posicion_actual), la primera vez que desplazamos el objeto y se encuentra en los
 321+ B7FC 34           	inc (hl) 													  ; _ cuadrantes 1 y 3 de pantalla.
 322+ B7FD
 323+ B7FD              ;	call Genera_coordenadas
 324+ B7FD
 325+ B7FD CD 39 B9     1 call Inc_CTRL_DESPLZ
 326+ B800
 327+ B800 C9           	ret
 328+ B801
 329+ B801              ; ------------------------------------------------------------------------------------------------------------------------------------------------------------------------------------
 330+ B801              ;
 331+ B801              ;	24/7/22
 332+ B801              ;
 333+ B801              ;	Ciclo_completo.
 334+ B801              ;
 335+ B801              ;	FUNCIONAMIENTO: Si (CTRL_DESPLZ)="$ff" significa que nos hemos desplazado 1 char.
 336+ B801              ;
 337+ B801              ;	En ese caso, inicializamos (CTRL_DESPLZ). (CTRL_DESPLZ)="0".
 338+ B801              ; 	Decrementamos (Columns).
 339+ B801              ;	Modificamos (Posicion_actual) en función del cuadrante en el que nos encontremos.
 340+ B801              ;	Borramos la caja de desplazamientos, call Limpia_caja_de_DESPLZ.
 341+ B801
 342+ B801
 343+ B801              Ciclo_completo:
 344+ B801
 345+ B801 3A EF 93     	ld a,(CTRL_DESPLZ)
 346+ B804 FE FF        	cp $ff
 347+ B806 28 0E        	jr z,1F 												     ; Salimos de la rutina si no hemos completado 8 o más desplazamientos.
 348+ B808
 349+ B808 E6 F0        	and $f0
 350+ B80A C0           	ret nz
 351+ B80B
 352+ B80B              ; (CTRL_DESPLZ) fuera de rango, (por encima de $ff), hay que reajustar.
 353+ B80B
 354+ B80B 3A EF 93     	ld a,(CTRL_DESPLZ)
 355+ B80E 47           	ld b,a
 356+ B80F 3E F8        	ld a,$f8
 357+ B811 80           	add b
 358+ B812 32 EF 93     	ld (CTRL_DESPLZ),a
 359+ B815
 360+ B815 C9           	ret
 361+ B816
 362+ B816 21 E8 93     1 ld hl,Columns													 ; Tras 8 desplazamientos el objeto desplazado es igual al original.
 363+ B819 35           	dec (hl) 													 ; Decrementamos el nº de (Columns).
 364+ B81A
 365+ B81A AF           	xor a 														 ; Reiniciamos (CTRL_DESPLZ).
 366+ B81B 32 EF 93     	ld (CTRL_DESPLZ),a
 367+ B81E
 368+ B81E 3A FA 93     	ld a,(Cuad_objeto) 											 ; Si estamos situados en el cuadrante 1º o 3º de la pantalla no modificamos_
 369+ B821 E6 01        	and 1 														 ; _(Posicion_actual). Limpiamos la (Caja_de_DESPLZ) y salimos.
 370+ B823 28 06        	jr z,3F
 371+ B825
 372+ B825 3A FC 93     	ld a,(Sprite_completo)
 373+ B828 A7           	and a
 374+ B829 28 04        	jr z,2F
 375+ B82B
 376+ B82B 21 EB 93     3 ld hl,Posicion_actual                                        ; Incrementamos (Posicion_actual) en los cuadrantes 2º y 4º.
 377+ B82E 34           	inc (hl)
 378+ B82F
 379+ B82F CD 96 A4     2 call Inicia_puntero_objeto_der
 380+ B832
 381+ B832 C9           	ret
 382+ B833
 383+ B833              ; ---------------------------------------------------------
 384+ B833              ;
 385+ B833              ;	15/02/23
 386+ B833              ;
 387+ B833              ;	Mov_left.
 388+ B833              ;
 389+ B833              ; 	Desplaza el Sprite (x)Pixels a la izquierda.
 390+ B833              ;
 391+ B833
 392+ B833              Mov_left:
 393+ B833
 394+ B833 3A EB 93     	ld a,(Posicion_actual)
 395+ B836 E6 1F        	and $1f
 396+ B838 20 45        	jr nz,8F
 397+ B83A
 398+ B83A 3A EF 93     	ld a,(CTRL_DESPLZ) 			 									; Si el Sprite no está en el 1er char de la línea, (desaparece por la izquierda), o estando en este, _
 399+ B83D A7           	and a 															; _ (CTRL_DESPLZ)="0", cargamos HL con la (Posicion_actual) y ejecutamos la rutina de desplazamiento, _
 400+ B83E 28 3F        	jr z,8F 														; _ pués aún podemos desplazarlo antes de desaparecer.
 401+ B840
 402+ B840              ; ---------- ---------- ----------
 403+ B840
 404+ B840 3A FE 93     	ld a,(Vel_left)
 405+ B843 FE 02        	cp 2
 406+ B845 28 11        	jr z,1F
 407+ B847 38 04        	jr c,6F
 408+ B849 FE 04        	cp 4
 409+ B84B 28 16        	jr z,7F
 410+ B84D
 411+ B84D              ; ---------- ---------- ----------
 412+ B84D
 413+ B84D 3A EF 93     6 ld a,(CTRL_DESPLZ)
 414+ B850 FE F8        	cp $f8
 415+ B852 38 1A        	jr c,4F
 416+ B854 28 18        	jr z,4F
 417+ B856 18 27        	jr 8F
 418+ B858 3A EF 93     1 ld a,(CTRL_DESPLZ)
 419+ B85B FE F9        	cp $f9
 420+ B85D 38 0F        	jr c,4F
 421+ B85F 28 0D        	jr z,4F
 422+ B861 18 1C        	jr 8F
 423+ B863 3A EF 93     7 ld a,(CTRL_DESPLZ)
 424+ B866 FE FB        	cp $fb
 425+ B868 38 04        	jr c,4F
 426+ B86A 28 02        	jr z,4F
 427+ B86C 18 11        	jr 8F
 428+ B86E
 429+ B86E              ; ---------- ---------- ----------
 430+ B86E
 431+ B86E CD 59 B9     4 call Reaparece_derecha 											; Despues de haber actualizado la coordenada X del Sprite, (de 0 a 31). Si el movimiento es al char. _
 432+ B871              ;	call Reinicio
 433+ B871
 434+ B871              ; ---------- ---------- ----------
 435+ B871
 436+ B871 06 02        	ld b,2 															; Para hacer que el objeto aparezca poco a poco, hemos de desplazarlo 2 veces: El primer desplazamiento_
 437+ B873 C5           5 push bc 															; _pone (CTRL_DESPLZ) a "0" y el segundo a "$ff". Con esto hacemos que el Sprite tenga espacio en blanco delante_
 438+ B874
 439+ B874 CD 86 B8     	call DESPLZ_IZQ
 440+ B877 C1           	pop bc
 441+ B878 10 F9        	djnz 5B
 442+ B87A
 443+ B87A 21 EB 93     	ld hl,Posicion_actual 											; Incrementamos su posición actual, pués al desplazarlo a la izquierda, volvemos a incrementar el nº de (Columns) y _
 444+ B87D 34           	inc (hl) 														; _ (Posicion_actual) ha pasado de $1f a $1e.
 445+ B87E
 446+ B87E C9           	ret
 447+ B87F
 448+ B87F              ; ---------- ---------- ----------
 449+ B87F
 450+ B87F              ; Movemos, no hay recolocación.
 451+ B87F
 452+ B87F 2A EB 93     8 ld hl,(Posicion_actual)
 453+ B882 CD 86 B8     	call DESPLZ_IZQ
 454+ B885
 455+ B885 C9           	ret
 456+ B886
 457+ B886              ; ------------------------------------------------------------------------------------------------------------------------------------------------------------------------------------
 458+ B886              ;
 459+ B886              ;	22/9/22
 460+ B886
 461+ B886              DESPLZ_IZQ:
 462+ B886
 463+ B886 CD 95 B8     	call Desplaza_izquierda
 464+ B889 CD E2 B8         call modifica_parametros_1er_DESPLZ
 465+ B88C CD 05 B9     	call Ciclo_completo_2
 466+ B88F
 467+ B88F 21 E6 93     	ld hl,Ctrl_0 													; Indica que nos hemos desplazado a la izquierda
 468+ B892 CB BE        	res 7,(hl)
 469+ B894
 470+ B894 C9           	ret
 471+ B895
 472+ B895              Desplaza_izquierda:
 473+ B895
 474+ B895 3A FE 93     	ld a,(Vel_left)
 475+ B898 47           	ld b,a
 476+ B899
 477+ B899 2A F6 93     	ld hl,(Puntero_DESPLZ_izq)
 478+ B89C 23           1 inc hl
 479+ B89D 23           	inc hl
 480+ B89E 10 FC        	djnz 1B 														; Seleccionamos FRAME en función de la velocidad del Sprite.
 481+ B8A0
 482+ B8A0 22 F6 93     	ld (Puntero_DESPLZ_izq),hl
 483+ B8A3 CD C2 9D     	call Extrae_address
 484+ B8A6 22 ED 93     	ld (Puntero_objeto),hl
 485+ B8A9
 486+ B8A9              ; Modifica (Puntero_DESPLZ_der).
 487+ B8A9
 488+ B8A9              ; Vamos a descontar a "8" el nº de movimientos que hemos efectuado a la izq.
 489+ B8A9              ; Cuántos movimientos hemos hecho ??
 490+ B8A9              ; DE contiene (Puntero_DESPLZ_izq).
 491+ B8A9
 492+ B8A9 2A F2 93     7 ld hl,(Indice_Sprite_izq)
 493+ B8AC EB           	ex de,hl
 494+ B8AD A7           	and a
 495+ B8AE ED 52        	sbc hl,de
 496+ B8B0 CB 3D        	srl l
 497+ B8B2 3E 08        6 ld a,8
 498+ B8B4 95           	sub l
 499+ B8B5 C8           	ret z
 500+ B8B6 30 1E        	jr nc,3F
 501+ B8B8
 502+ B8B8              ; Hemos salido del índice. Hay que ajustar (Puntero_DESPLZ_izq) dentro del mismo.
 503+ B8B8              ; B="0".
 504+ B8B8
 505+ B8B8 04           4 inc b
 506+ B8B9 3C           	inc a
 507+ B8BA 20 FC        	jr nz,4B
 508+ B8BC 78           	ld a,b
 509+ B8BD 08           	ex af,af
 510+ B8BE 2A F2 93     	ld hl,(Indice_Sprite_izq)
 511+ B8C1 23           5 inc hl
 512+ B8C2 23           	inc hl
 513+ B8C3 10 FC        	djnz 5B
 514+ B8C5 22 F6 93     	ld (Puntero_DESPLZ_izq),hl
 515+ B8C8 CD C2 9D     	call Extrae_address
 516+ B8CB 22 ED 93     	ld (Puntero_objeto),hl
 517+ B8CE
 518+ B8CE              ; Si nos hemos salido del índice es porque hemos completado un ciclo completo. Habrá que actualizar_
 519+ B8CE              ; _(Posicion_actual).
 520+ B8CE
 521+ B8CE 21 EB 93     	ld hl,Posicion_actual
 522+ B8D1 35           	dec (hl)
 523+ B8D2 08           	ex af,af
 524+ B8D3 6F           	ld l,a
 525+ B8D4 18 DC        	jr 6B
 526+ B8D6
 527+ B8D6              ; Permanecemos en el índice. No hay que reajustar (Puntero_DESPLZ_izq).
 528+ B8D6
 529+ B8D6 47           3 ld b,a
 530+ B8D7 2A F0 93     	ld hl,(Indice_Sprite_der)
 531+ B8DA 23           2 inc hl
 532+ B8DB 23           	inc hl
 533+ B8DC 10 FC        	djnz 2B
 534+ B8DE 22 F4 93     	ld (Puntero_DESPLZ_der),hl
 535+ B8E1
 536+ B8E1 C9           8 ret
 537+ B8E2
 538+ B8E2              ; ----------------------------------------------------------------------------------------------------------------------------------------------------------------------------------------------
 539+ B8E2              ;
 540+ B8E2              ;	1/9/26
 541+ B8E2              ;
 542+ B8E2              ;	modifica_parametros_1er_DESPLZ
 543+ B8E2              ;
 544+ B8E2              ;	La rutina modifica el nº de columnas del objeto en el 1er desplazamiento.
 545+ B8E2              ; 	También decrementa el byte de control de desplazamiento, (desplz. a izq) y modifica la posición de (Puntero_datas) en función del cuadrante de pantalla en el que nos encontremos.
 546+ B8E2              ; 	Si el desplazamiento se produce en el 2º o 4º cuadrante, la rutina decrementará (Posicion_actual).
 547+ B8E2
 548+ B8E2              modifica_parametros_1er_DESPLZ:
 549+ B8E2
 550+ B8E2 3A EF 93     	ld a,(CTRL_DESPLZ) 				    							; Incrementamos el nª de (Columns) cuando desplazamos el objeto por 1ª vez.
 551+ B8E5 A7           	and a
 552+ B8E6 20 19        	jr nz,2F
 553+ B8E8
 554+ B8E8 3D           	dec a              							            	    ; Situamos en $f7 el valor de partida de (CTRL_DESPLZ) tras el 1er desplazamiento.
 555+ B8E9 32 EF 93         ld (CTRL_DESPLZ),a
 556+ B8EC
 557+ B8EC 21 E8 93         ld hl,Columns
 558+ B8EF 34           	inc (hl)
 559+ B8F0
 560+ B8F0 3A FA 93     	ld a,(Cuad_objeto)
 561+ B8F3 E6 01        	and 1
 562+ B8F5 28 06        	jr z,1F
 563+ B8F7
 564+ B8F7              ;	En el 1er y 3er cuadrante también decrementaremos (Posicion_actual) cuando el objeto esté completo.
 565+ B8F7
 566+ B8F7 3A FC 93     	ld a,(Sprite_completo)
 567+ B8FA A7           	and a
 568+ B8FB 28 04        	jr z,2F
 569+ B8FD
 570+ B8FD
 571+ B8FD 21 EB 93     1 ld hl,Posicion_actual 									    	; Decrementamos 1 char. el valor de (Posicion_actual), la primera vez que desplazamos el objeto y se encuentra en los _
 572+ B900 35           	dec (hl) 														; _ cuadrantes 2 y 4 de pantalla.
 573+ B901
 574+ B901 CD 49 B9     2 call Dec_CTRL_DESPLZ
 575+ B904
 576+ B904 C9           	ret
 577+ B905
 578+ B905              ; ----------------------------------------------------------------------------------------------------------------------------------------------------------------------------------------------
 579+ B905
 580+ B905              Ciclo_completo_2:
 581+ B905
 582+ B905 3A EF 93     	ld a,(CTRL_DESPLZ)
 583+ B908 FE F7        	cp $f7
 584+ B90A 28 10        	jr z,1F 												   		; Salimos de la rutina si no hemos completado 8 o más desplazamientos.
 585+ B90C
 586+ B90C D0           	ret nc
 587+ B90D
 588+ B90D              ; 	(CTRL_DESPLZ) fuera de rango, (por debajo de $f7), hay que reajustar.
 589+ B90D
 590+ B90D 06 00        	ld b,0
 591+ B90F 04           3 inc b
 592+ B910 3C           	inc a
 593+ B911 FE F7        	cp $f7
 594+ B913 20 FA        	jr nz,3B
 595+ B915
 596+ B915 3E FF        	ld a,$ff
 597+ B917 90           	sub b
 598+ B918 32 EF 93     	ld (CTRL_DESPLZ),a
 599+ B91B
 600+ B91B C9           	ret
 601+ B91C
 602+ B91C              ; 	Se completa el ciclo de movimiento. (CTRL_DESPLZ)="0", se corrige (Posicion_actual).
 603+ B91C
 604+ B91C 21 E8 93     1 ld hl,Columns
 605+ B91F 35           	dec (hl)
 606+ B920
 607+ B920 AF           	xor a
 608+ B921 32 EF 93     	ld (CTRL_DESPLZ),a
 609+ B924
 610+ B924 3A FA 93     	ld a,(Cuad_objeto)
 611+ B927 E6 01        	and 1
 612+ B929 28 0A        	jr z,2F
 613+ B92B
 614+ B92B              ;	En los cuadrantes 1º y 3º tampoco decrementaremos (Posicion_actual) cuando el Sprite esté completo.
 615+ B92B
 616+ B92B 3A FC 93     	ld a,(Sprite_completo)
 617+ B92E A7           	and a
 618+ B92F 20 04        	jr nz,2F
 619+ B931
 620+ B931 21 EB 93     	ld hl,Posicion_actual                                         ; Decrementamos (Posicion_actual) en los cuadrantes 1º y 3º.
 621+ B934 35           	dec (hl)
 622+ B935
 623+ B935              ; 	Inicia (Puntero_DESPLZ_izq) y (Puntero_objeto).
 624+ B935
 625+ B935 CD 83 A4     2 call Inicia_puntero_objeto_izq
 626+ B938
 627+ B938 C9           	ret
 628+ B939
 629+ B939              ; ---------- ---------- ---------- ---------- ---------- ----------
 630+ B939              ;
 631+ B939              ;	7/6/25
 632+ B939              ;
 633+ B939              ;	Inc_CTRL_DESPLZ
 634+ B939              ;
 635+ B939              ;
 636+ B939              ;   Incrementa el valor del byte de control, (CTRL_DESPLZ) en función del nº de veces que hayamos desplazado el objeto, (Vel_right).
 637+ B939
 638+ B939              Inc_CTRL_DESPLZ:
 639+ B939
 640+ B939 21 EF 93     	ld hl,CTRL_DESPLZ
 641+ B93C 3A FF 93     	ld a,(Vel_right)
 642+ B93F A7           	and a
 643+ B940 28 05        	jr z,1F
 644+ B942
 645+ B942 47           	ld b,a
 646+ B943
 647+ B943 34           3 inc (hl)
 648+ B944 10 FD        	djnz 3B
 649+ B946
 650+ B946 C9           	ret
 651+ B947
 652+ B947 34           1 inc (hl)
 653+ B948
 654+ B948 C9           	ret
 655+ B949
 656+ B949              ; ---------- ---------- ---------- ---------- ---------- ----------
 657+ B949              ;
 658+ B949              ;	25/02/25
 659+ B949              ;
 660+ B949              ;	Dec_CTRL_DESPLZ
 661+ B949              ;
 662+ B949              ;
 663+ B949              ;   Decrementa el valor del byte de control, (CTRL_DESPLZ) en función del nº de veces que hayamos desplazado el objeto, (Vel_right).
 664+ B949
 665+ B949              Dec_CTRL_DESPLZ:
 666+ B949
 667+ B949 21 EF 93     	ld hl,CTRL_DESPLZ
 668+ B94C 3A FE 93     	ld a,(Vel_left)
 669+ B94F A7           	and a
 670+ B950 28 05        	jr z,1F
 671+ B952 47           	ld b,a
 672+ B953 35           3 dec (hl)
 673+ B954 10 FD        	djnz 3B
 674+ B956
 675+ B956 C9           	ret
 676+ B957
 677+ B957 35           1 dec (hl)
 678+ B958
 679+ B958 C9           	ret
 680+ B959
 681+ B959              ; ---------- ---------- ---------- ---------- ---------- ----------
 682+ B959              ;
 683+ B959              ;	25/02/25
 684+ B959
 685+ B959              Reaparece_derecha:
 686+ B959
 687+ B959 3A EB 93     	ld a,(Posicion_actual)
 688+ B95C C6 1F        	add $1f
 689+ B95E 32 EB 93     	ld (Posicion_actual),a
 690+ B961
 691+ B961 21 E6 93     	ld hl,Ctrl_0
 692+ B964 CB C6        	set 0,(hl)
 693+ B966 CB EE        	set 5,(hl)
 694+ B968
 695+ B968 2A EB 93     	ld hl,(Posicion_actual)
 696+ B96B CD 75 B4     	call Calcula_Cuad_objeto
 697+ B96E
 698+ B96E C9           	ret
 699+ B96F
 700+ B96F              ; ---------- ---------- ---------- ---------- ---------- ----------
 701+ B96F              ;
 702+ B96F              ;	25/02/25
 703+ B96F
 704+ B96F              Reaparece_izquierda:
 705+ B96F
 706+ B96F 3A EB 93     	ld a,(Posicion_actual)
 707+ B972 D6 1F        	sub $1f
 708+ B974 32 EB 93     	ld (Posicion_actual),a
 709+ B977
 710+ B977 21 E6 93     	ld hl,Ctrl_0
 711+ B97A CB CE        	set 1,(hl)
 712+ B97C CB EE        	set 5,(hl)
 713+ B97E
 714+ B97E 2A EB 93     	ld hl,(Posicion_actual)
 715+ B981 CD 75 B4     	call Calcula_Cuad_objeto
 716+ B984
 717+ B984 C9           	ret
 718+ B985
 719+ B985              ; ---------- ---------- ---------- ---------- ---------- ----------
 720+ B985              ;
 721+ B985              ;	25/02/25
 722+ B985
 723+ B985
 724+ B985              Reaparece_abajo:
 725+ B985
 726+ B985 24           	inc h
 727+ B986
 728+ B986 01 E0 17     	ld bc,$17e0
 729+ B989 A7           	and a
 730+ B98A ED 4A        	adc hl,bc
 731+ B98C
 732+ B98C 22 EB 93     	ld (Posicion_actual),hl
 733+ B98F CD 75 B4     	call Calcula_Cuad_objeto
 734+ B992
 735+ B992 21 E6 93     	ld hl,Ctrl_0
 736+ B995 CB D6        	set 2,(hl)
 737+ B997 CB EE        	set 5,(hl)
 738+ B999
 739+ B999 C9           	ret
 740+ B99A
 741+ B99A              ; ---------- ---------- ---------- ---------- ---------- ----------
 742+ B99A              ;
 743+ B99A              ;	25/02/25
 744+ B99A
 745+ B99A              Reaparece_arriba:
 746+ B99A
 747+ B99A 01 E0 17     	ld bc,$17e0
 748+ B99D A7           	and a
 749+ B99E ED 42        	sbc hl,bc
 750+ B9A0
 751+ B9A0 22 EB 93     	ld (Posicion_actual),hl
 752+ B9A3 CD 75 B4     	call Calcula_Cuad_objeto
 753+ B9A6
 754+ B9A6 21 E6 93     	ld hl,Ctrl_0
 755+ B9A9 CB DE        	set 3,(hl)
 756+ B9AB CB EE        	set 5,(hl)
 757+ B9AD
 758+ B9AD C9           	ret
 759+ B9AE
 760+ B9AE              ; ----------------------------------------------------------------------------------------------------------------------------------------------------------------------------------------------
 761+ B9AE              ;
 762+ B9AE              ;	15/07/23
 763+ B9AE
 764+ B9AE              Reinicio:
 765+ B9AE
 766+ B9AE              ; Vamos a reiniciar los punteros y variables de movimiento.
 767+ B9AE
 768+ B9AE AF           	xor a
 769+ B9AF
 770+ B9AF 21 08 94     	ld hl,Puntero_indice_mov_bucle
 771+ B9B2 CD D0 B9     	call Limpia_contenido_hl
 772+ B9B5
 773+ B9B5 21 EB 93     	ld hl,Posicion_actual
 774+ B9B8 CD D0 B9     	call Limpia_contenido_hl
 775+ B9BB
 776+ B9BB CD E5 A5     	call Situa_Puntero_indice_mov
 777+ B9BE CD CF BA     	call Inicia_Puntero_mov
 778+ B9C1
 779+ B9C1 21 0A 94     	ld hl,Incrementa_puntero
 780+ B9C4 06 05        	ld b,5
 781+ B9C6 77           1 ld (hl),a
 782+ B9C7 23           	inc hl
 783+ B9C8 10 FC        	djnz 1B
 784+ B9CA
 785+ B9CA 21 E5 93     	ld hl,Ctrl_2
 786+ B9CD CB 96        	res 2,(hl)							; El movimiento de la entidad, deja de estar iniciado.
 787+ B9CF
 788+ B9CF C9           	ret
 789+ B9D0
 790+ B9D0              Limpia_contenido_hl:
 791+ B9D0
 792+ B9D0 77           	ld (hl),a
 793+ B9D1 23           	inc hl
 794+ B9D2 77           	ld (hl),a
 795+ B9D3
 796+ B9D3 C9           	ret
 797+ B9D4
 798+ B9D4              ; ----------------------------------------------------------------------------------------------------------------
 799+ B9D4              ;
 800+ B9D4              ;	18/6/24
 801+ B9D4              ;
 802+ B9D4
 803+ B9D4              Amadeus_a_izquierda:
 804+ B9D4
 805+ B9D4              ;	Actualiza contador de movimientos.
 806+ B9D4
 807+ B9D4 21 D4 90     	ld hl,Comm_Amadeus
 808+ B9D7 35           	dec (hl)
 809+ B9D8 28 10        	jr z,1F 								; 	Estamos en el extremo izquierdo de la pantalla.
 810+ B9DA
 811+ B9DA 2A D2 90     	ld hl,(Pamm_Amadeus)					;	Actualiza variable de 16 bits.
 812+ B9DD
 813+ B9DD 2B           	dec hl
 814+ B9DE 2B           	dec hl
 815+ B9DF 2B           	dec hl
 816+ B9E0 2B           	dec hl
 817+ B9E1
 818+ B9E1 22 D2 90     	ld (Pamm_Amadeus),hl					;	Actualiza variable de 8 bits.
 819+ B9E4
 820+ B9E4 21 4C 94     	ld hl,Ctrl_3
 821+ B9E7 CB EE        	set 5,(hl)
 822+ B9E9
 823+ B9E9 C9           	ret
 824+ B9EA
 825+ B9EA 34           1 inc (hl)                                  ; 	Salimos. Damos orden de no imprimir la nave. No habrá movimiento.
 826+ B9EB C9           	ret
 827+ B9EC
 828+ B9EC
 829+ B9EC              Amadeus_a_derecha:
 830+ B9EC
 831+ B9EC              ;	Actualiza contador de movimientos.
 832+ B9EC
 833+ B9EC 21 D4 90     	ld hl,Comm_Amadeus
 834+ B9EF 34           	inc (hl)
 835+ B9F0
 836+ B9F0 3E 7A        	ld a,$7a
 837+ B9F2 BE           	cp (hl)
 838+ B9F3 28 10        	jr z,1F									; 	Estamos en el extremo derecho de la pantalla.
 839+ B9F5
 840+ B9F5 2A D2 90     	ld hl,(Pamm_Amadeus)					;	Actualiza variable de 16 bits.
 841+ B9F8
 842+ B9F8 23           	inc hl
 843+ B9F9 23           	inc hl
 844+ B9FA 23           	inc hl
 845+ B9FB 23           	inc hl
 846+ B9FC
 847+ B9FC 22 D2 90     	ld (Pamm_Amadeus),hl					;	Actualiza variable de 8 bits.
 848+ B9FF
 849+ B9FF 21 4C 94     	ld hl,Ctrl_3
 850+ BA02 CB EE        	set 5,(hl)
 851+ BA04
 852+ BA04 C9           	ret
 853+ BA05
 854+ BA05 35           1 dec (hl)									; 	Salimos. No hay movimiento. No pintamos la nave.
 855+ BA06
 856+ BA06 C9           	ret
 857+ BA07
# file closed: Direcciones.asm
3124  BA07              	include "Movimiento.asm"
# file opened: Movimiento.asm
   1+ BA07              ; ----- ----- ----- ----- -----
   2+ BA07              ;
   3+ BA07              ;   28/12/23
   4+ BA07
   5+ BA07              ;! En que parte del movimiento estamos??? Cabe el movimiento completo?
   6+ BA07
   7+ BA07              ; Después del codo abajo-derecha (Coordenada_X) de la entidad contendrá "4" cuando (Posicion_inicio) sea $4001.
   8+ BA07
   9+ BA07              ; Cuando (Coordenada_X)="4" ;   Derecha_y_subiendo+8 (11)
  10+ BA07              ;                               Izquierda_y_subiendo+8 (11)
  11+ BA07              ; Cuando (Coordenada_X)="5" ;   Derecha_y_subiendo+8 (8)
  12+ BA07              ;                               Izquierda_y_subiendo+8 (8)
  13+ BA07              ; Cuando (Coordenada_X)="6" ;   Derecha_y_subiendo+8 (8)
  14+ BA07              ;                               Izquierda_y_subiendo+8 (8)
  15+ BA07              ; Cuando (Coordenada_X)="7" ;   Derecha_y_subiendo+8 (7)
  16+ BA07              ;                               Izquierda_y_subiendo+8 (8)
  17+ BA07              ; Cuando (Coordenada_X)="8" ;   Derecha_y_subiendo+8 (6)
  18+ BA07              ;                               Izquierda_y_subiendo+8 (8)
  19+ BA07              ; Cuando (Coordenada_X)="9" ;   Derecha_y_subiendo+8 (5)
  20+ BA07              ;                               Izquierda_y_subiendo+8 (7)
  21+ BA07              ; Cuando (Coordenada_X)="a" ;   Derecha_y_subiendo+8 (4)
  22+ BA07              ;                               Izquierda_y_subiendo+8 (7)
  23+ BA07              ; Cuando (Coordenada_X)="b" ;   Derecha_y_subiendo+8 (3)
  24+ BA07              ;                               Izquierda_y_subiendo+8 (7)
  25+ BA07              Movimiento
  26+ BA07
  27+ BA07              ; Nota: Previamente, la rutina [DRAW], ha iniciado la entidad, (Puntero_mov) ya apunta a su cadena de movimiento correspondiente.
  28+ BA07
  29+ BA07 3A E5 93         ld a,(Ctrl_2)
  30+ BA0A CB 57            bit 2,a
  31+ BA0C 20 1B            jr nz, Desplazamiento_iniciado
  32+ BA0E
  33+ BA0E 2A 06 94         ld hl,(Puntero_mov)
  34+ BA11 7E               ld a,(hl)
  35+ BA12
  36+ BA12              ; HL contiene (Puntero_mov) y este se encuentra en el 1er byte de la cadena de movimiento, (Byte1) ..... % (Vel_up),(Vel_down).
  37+ BA12
  38+ BA12              Inicia_desplazamiento.
  39+ BA12
  40+ BA12              ; Preparamos (Incrementa_puntero). Cada vez que iniciemos un nuevo movimiento le sumaremos 2 uds.
  41+ BA12
  42+ BA12 CD 05 BB         call Ajusta_velocidad_desplazamiento
  43+ BA15
  44+ BA15              ; Iniciamos (Repetimos_mov).
  45+ BA15
  46+ BA15 7E               ld a,(hl)
  47+ BA16 E6 0F            and $0f
  48+ BA18 32 0C 94         ld (Repetimos_desplazamiento),a
  49+ BA1B 32 0D 94         ld (Repetimos_desplazamiento_backup),a
  50+ BA1E
  51+ BA1E              ; Iniciamos (Cola_de_desplazamiento).
  52+ BA1E
  53+ BA1E 23               inc hl
  54+ BA1F 7E               ld a,(hl)
  55+ BA20 32 0F 94         ld (Cola_de_desplazamiento),a
  56+ BA23 2B               dec hl
  57+ BA24
  58+ BA24 21 E5 93         ld hl,Ctrl_2
  59+ BA27 CB D6            set 2,(hl)                                                  ; Bit2 (Ctrl_2) indica que hemos iniciado un desplazamiento.
  60+ BA29
  61+ BA29              ; Hemos ajustado la velocidad del desplazamiento con los 2 primeros bytes del desplazamiento.
  62+ BA29              ; El 3er byte indica la dirección del desplz., (nibble alto) y las veces que lo ejecutamos, (nibble bajo).
  63+ BA29
  64+ BA29              Desplazamiento_iniciado
  65+ BA29
  66+ BA29 CD D9 BA         call Aplica_desplazamiento
  67+ BA2C
  68+ BA2C              ; Si en el último desplazamiento aplicado hemos aplicado reinicio, salimos del movimiento.
  69+ BA2C
  70+ BA2C 3A 4C 94         ld a,(Ctrl_3)
  71+ BA2F CB 4F            bit 1,a
  72+ BA31 C0               ret nz
  73+ BA32
  74+ BA32 21 0C 94     3 ld hl,Repetimos_desplazamiento
  75+ BA35 35               dec (hl)
  76+ BA36 C0               ret nz
  77+ BA37
  78+ BA37              ; Hemos terminado de ejecutar el desplazamiento y sus ($0-$f repeticiones).
  79+ BA37              ; Hay que volver a ejecutar este desplazamiento ???.
  80+ BA37              ; Analiza (Cola_de_desplazamiento).
  81+ BA37
  82+ BA37 3A 0F 94     Cola ld a,(Cola_de_desplazamiento)
  83+ BA3A A7               and a
  84+ BA3B CC 2E BB         call z,Incrementa_Puntero_indice_mov                        ; Fin de la cadena de MOVIMIENTO ???.
  85+ BA3E 28 30            jr z,Reinicia_el_movimiento
  86+ BA40
  87+ BA40 FE FF            cp $ff
  88+ BA42 28 2C            jr z,Reinicia_el_movimiento                                 ; Bucle infinito del MOVIMIENTO?.
  89+ BA44
  90+ BA44 FE FE            cp $fe
  91+ BA46 CC B3 BA         call z,Fijamos_bucle
  92+ BA49 28 25            jr z,Reinicia_el_movimiento
  93+ BA4B
  94+ BA4B FE FD            cp $fd
  95+ BA4D 20 11            jr nz,1F
  96+ BA4F
  97+ BA4F              ; ---
  98+ BA4F              ; Ya estamos ejecutando una repetición del último MOVIMIENTO ???.
  99+ BA4F
 100+ BA4F 3A E5 93         ld a,(Ctrl_2)
 101+ BA52 CB 5F            bit 3,a
 102+ BA54 20 1A            jr nz,Reinicia_el_movimiento
 103+ BA56
 104+ BA56              ; Si no es así, iniciamos la REPETICIÓN del movimiento activando el BIT 3 de Ctrl_2.
 105+ BA56
 106+ BA56 21 E5 93         ld hl,Ctrl_2                                                ; Vamos a indicar con este BIT a la rutina [Reinicia_el_movimiento],_
 107+ BA59 CB DE            set 3,(hl)                                                  ; _ que (Cola_de_desplazamiento)="$fe", por lo que vamos a REINICIAR el_
 108+ BA5B
 109+ BA5B CD C4 BA         call Inicia_Repetimos_movimiento
 110+ BA5E 28 10            jr z,Reinicia_el_movimiento                                 ; _ MOVIMIENTO (X nº de veces), siendo X un valor comprendido entre (1-255).
 111+ BA60              ; ---
 112+ BA60
 113+ BA60 FE 01        1 cp 1
 114+ BA62 CA 9D BA         jp z,Siguiente_desplazamiento                               ; Pasamos al siguiente desplazamiento del movimiento?.
 115+ BA65
 116+ BA65 3D               dec a
 117+ BA66 32 0F 94         ld (Cola_de_desplazamiento),a
 118+ BA69
 119+ BA69 3A 0D 94         ld a,(Repetimos_desplazamiento_backup)                      ; Cuando (Cola_de_desplazamiento) actúa como contador del_
 120+ BA6C 32 0C 94         ld (Repetimos_desplazamiento),a                             ; _ desplazamiento y este no ha llegado a "0", decrementamos_
 121+ BA6F              ;                                                               ; _ el contador y RESTAURAMOS (Repetimos_desplazamiento).
 122+ BA6F C9               ret
 123+ BA70
 124+ BA70              Reinicia_el_movimiento
 125+ BA70
 126+ BA70 3A E5 93         ld a,(Ctrl_2)
 127+ BA73 CB 5F            bit 3,a
 128+ BA75 28 1B            jr z,2F
 129+ BA77
 130+ BA77              ; (Cola_de_desplazamiento)="254".
 131+ BA77
 132+ BA77 21 0E 94         ld hl,Repetimos_movimiento                                  ; Decrementamos (Repetimos_movimiento) hasta completar repeticiones.
 133+ BA7A 35               dec (hl)
 134+ BA7B 20 15            jr nz,2F
 135+ BA7D
 136+ BA7D              ; Fin de las repeticiones del último movimiento.
 137+ BA7D
 138+ BA7D 21 E5 93         ld hl,Ctrl_2
 139+ BA80 CB 9E            res 3,(hl)                                                  ; Decrementamos el BIT de repeticiones de movimiento.
 140+ BA82
 141+ BA82 2A 06 94         ld hl,(Puntero_mov)
 142+ BA85 23               inc hl
 143+ BA86 23               inc hl
 144+ BA87 23               inc hl
 145+ BA88 22 06 94         ld (Puntero_mov),hl                                         ; Situamos (Puntero_mov) en (Cola_de_desplazamiento) y saltamos a `Cola'_
 146+ BA8B              ;                                                               ; _ para ejecutar su mandato. :)
 147+ BA8B 7E               ld a,(hl)
 148+ BA8C 32 0F 94         ld (Cola_de_desplazamiento),a
 149+ BA8F
 150+ BA8F C3 37 BA         jp Cola
 151+ BA92
 152+ BA92 CD CF BA     2 call Inicia_Puntero_mov
 153+ BA95
 154+ BA95 21 E5 93         ld hl,Ctrl_2
 155+ BA98 CB 96            res 2,(hl)
 156+ BA9A
 157+ BA9A C3 07 BA         jp Movimiento
 158+ BA9D
 159+ BA9D              Siguiente_desplazamiento
 160+ BA9D
 161+ BA9D              ;   Situamos (Puntero_mov) en el siguiente desplazamiento del movimiento.
 162+ BA9D              ;   Indicamos que hay que iniciar un nuevo desplazamiento.
 163+ BA9D
 164+ BA9D 21 E5 93         ld hl,Ctrl_2
 165+ BAA0 CB 96            res 2,(hl)
 166+ BAA2
 167+ BAA2 2A 06 94         ld hl,(Puntero_mov)
 168+ BAA5 23               inc hl
 169+ BAA6 23               inc hl
 170+ BAA7 22 06 94         ld (Puntero_mov),hl
 171+ BAAA
 172+ BAAA 7E               ld a,(hl)
 173+ BAAB A7               and a
 174+ BAAC CC 2E BB         call z,Incrementa_Puntero_indice_mov
 175+ BAAF CA 70 BA         jp z,Reinicia_el_movimiento
 176+ BAB2
 177+ BAB2 C9               ret
 178+ BAB3
 179+ BAB3              ; Subrutinas -----------------------------------------
 180+ BAB3              ; ---------- --------- --------- ---------- ----------
 181+ BAB3              ;
 182+ BAB3              ;   24/07/23
 183+ BAB3              ;
 184+ BAB3              ;   Fijamos_bucle
 185+ BAB3              ;
 186+ BAB3              ;
 187+ BAB3
 188+ BAB3              Fijamos_bucle
 189+ BAB3
 190+ BAB3 3A 0A 94         ld a,(Incrementa_puntero)
 191+ BAB6 3C               inc a
 192+ BAB7 32 0B 94         ld (Incrementa_puntero_backup),a
 193+ BABA
 194+ BABA CD 2E BB         call Incrementa_Puntero_indice_mov
 195+ BABD 2A 04 94         ld hl,(Puntero_indice_mov)
 196+ BAC0 22 08 94         ld (Puntero_indice_mov_bucle),hl
 197+ BAC3 C9               ret
 198+ BAC4
 199+ BAC4              ; ---------- --------- --------- ---------- ----------
 200+ BAC4              ;
 201+ BAC4              ;   07/7/23
 202+ BAC4              ;
 203+ BAC4              ;   Inicia_Repetimos_movimiento
 204+ BAC4              ;
 205+ BAC4              ;
 206+ BAC4
 207+ BAC4              Inicia_Repetimos_movimiento
 208+ BAC4
 209+ BAC4              ; Iniciamos (Repetimos_movimiento).
 210+ BAC4
 211+ BAC4 DD 2A 06 94      ld ix,(Puntero_mov)
 212+ BAC8 DD 7E 02         ld a,(ix+2)
 213+ BACB 32 0E 94         ld (Repetimos_movimiento),a
 214+ BACE
 215+ BACE C9               ret
 216+ BACF
 217+ BACF              ; ---------- --------- --------- ---------- ----------
 218+ BACF              ;
 219+ BACF              ;   28/06/26
 220+ BACF              ;
 221+ BACF              ;   Inicia_Puntero_mov
 222+ BACF              ;
 223+ BACF              ;
 224+ BACF
 225+ BACF              Inicia_Puntero_mov:
 226+ BACF
 227+ BACF 2A 04 94         ld hl,(Puntero_indice_mov)
 228+ BAD2 CD C2 9D         call Extrae_address
 229+ BAD5
 230+ BAD5 22 06 94         ld (Puntero_mov),hl
 231+ BAD8
 232+ BAD8 C9               ret
 233+ BAD9
 234+ BAD9              ; ---------- --------- --------- ---------- ----------
 235+ BAD9              ;
 236+ BAD9              ;   27/06/23
 237+ BAD9              ;
 238+ BAD9              ;   Aplica_movimiento.
 239+ BAD9
 240+ BAD9              Aplica_desplazamiento
 241+ BAD9
 242+ BAD9              ; Analizamos (bit a bit) el nibble alto del 3er byte que compone el desplazamiento y ejecutamos.
 243+ BAD9
 244+ BAD9 2A 06 94         ld hl, (Puntero_mov)
 245+ BADC
 246+ BADC 7E               ld a,(hl)
 247+ BADD E6 F0            and $f0
 248+ BADF C8               ret z                       ; Salimos de la rutina si no hay desplazamiento.
 249+ BAE0
 250+ BAE0 CB 7E            bit 7,(hl)
 251+ BAE2 28 03            jr z,1F
 252+ BAE4 CD E9 B6         call Mov_up
 253+ BAE7 2A 06 94     1 ld hl, (Puntero_mov)
 254+ BAEA CB 76            bit 6,(hl)
 255+ BAEC 28 03            jr z,2F
 256+ BAEE CD B9 B6         call Mov_down
 257+ BAF1
 258+ BAF1              ; Se ha aplicado reinicio ???
 259+ BAF1              ; Si es así, dejamos de aplicar desplazamiento, (RET).
 260+ BAF1
 261+ BAF1              ;    ld a,(Ctrl_3)
 262+ BAF1              ;    bit 1,a
 263+ BAF1              ;    ret nz
 264+ BAF1
 265+ BAF1 2A 06 94     2 ld hl, (Puntero_mov)
 266+ BAF4 CB 6E            bit 5,(hl)
 267+ BAF6 28 03            jr z,3F
 268+ BAF8 CD 33 B8         call Mov_left
 269+ BAFB 2A 06 94     3 ld hl, (Puntero_mov)
 270+ BAFE CB 66            bit 4,(hl)
 271+ BB00 C8               ret z
 272+ BB01 CD 29 B7         call Mov_right
 273+ BB04 C9               ret
 274+ BB05
 275+ BB05              ; ---------- --------- --------- ---------- ----------
 276+ BB05              ;
 277+ BB05              ;   26/06/23
 278+ BB05              ;
 279+ BB05              ;   Ajusta_velocidad_desplazamiento.
 280+ BB05
 281+ BB05              Ajusta_velocidad_desplazamiento
 282+ BB05
 283+ BB05              ; 1er byte de la cadena de movimiento.
 284+ BB05              ; Indica (Vel_up), (nibble alto) y (Vel_down) el nibble bajo.
 285+ BB05
 286+ BB05 CD 23 BB         call Extrae_nibble_alto
 287+ BB08
 288+ BB08 32 00 94         ld (Vel_up),a
 289+ BB0B 79               ld a,c
 290+ BB0C E6 0F            and $0f
 291+ BB0E 32 01 94         ld (Vel_down),a
 292+ BB11
 293+ BB11              ; Saltamos al 2º byte de la cadena de movimiento.
 294+ BB11              ; Indica (Vel_left), (nibble alto) y (Vel_right) el nibble bajo.
 295+ BB11
 296+ BB11 23               inc hl
 297+ BB12 CD 23 BB         call Extrae_nibble_alto
 298+ BB15
 299+ BB15 32 FE 93         ld (Vel_left),a
 300+ BB18 79               ld a,c
 301+ BB19 E6 0F            and $0f
 302+ BB1B 32 FF 93         ld (Vel_right),a
 303+ BB1E
 304+ BB1E              ; Nos situamos en el 3er byte del desplazamiento. Actualizamos (Puntero_mov).
 305+ BB1E
 306+ BB1E 23               inc hl
 307+ BB1F 22 06 94         ld (Puntero_mov),hl
 308+ BB22 C9               ret
 309+ BB23
 310+ BB23 06 04        Extrae_nibble_alto ld b,4
 311+ BB25 7E               ld a,(hl)
 312+ BB26 4F               ld c,a
 313+ BB27 E6 F0            and $f0
 314+ BB29 CB 3F        1 srl a
 315+ BB2B 10 FC            djnz 1B
 316+ BB2D C9               ret
 317+ BB2E
 318+ BB2E              ; ---------- --------- --------- ---------- ----------
 319+ BB2E              ;
 320+ BB2E              ;   5/7/23
 321+ BB2E              ;
 322+ BB2E              ;   Incrementa_Puntero_indice_mov
 323+ BB2E
 324+ BB2E              Incrementa_Puntero_indice_mov
 325+ BB2E
 326+ BB2E 21 0A 94         ld hl,Incrementa_puntero
 327+ BB31 34               inc (hl)
 328+ BB32
 329+ BB32 2A 04 94         ld hl,(Puntero_indice_mov)
 330+ BB35 01 02 00         ld bc,2
 331+ BB38 A7               and a
 332+ BB39 09               add hl,bc
 333+ BB3A 22 04 94         ld (Puntero_indice_mov),hl
 334+ BB3D
 335+ BB3D 7E               ld a,(hl)
 336+ BB3E A7               and a
 337+ BB3F
 338+ BB3F              ;! STOP. Fin del patrón de movimiento de la entidad.
 339+ BB3F
 340+ BB3F              ;    jr z,$
 341+ BB3F
 342+ BB3F              ;! Reinicia el Patrón de movimiento.
 343+ BB3F
 344+ BB3F CC 44 BB         call z,Inicializa_Puntero_indice_mov_2
 345+ BB42
 346+ BB42 AF               xor a                                   ; Siempre salimos de la rutina con el flag "Z" activo.
 347+ BB43
 348+ BB43 C9               ret
 349+ BB44
 350+ BB44              ; ---------- --------- --------- ---------- ----------
 351+ BB44              ;
 352+ BB44              ;   15/01/24
 353+ BB44              ;
 354+ BB44              ;   Inicializa_Puntero_indice_mov
 355+ BB44
 356+ BB44              Inicializa_Puntero_indice_mov_2
 357+ BB44
 358+ BB44              ; Existe etiqueta de bucle principal???
 359+ BB44
 360+ BB44 2A 08 94         ld hl,(Puntero_indice_mov_bucle)
 361+ BB47 24               inc h
 362+ BB48 25               dec h
 363+ BB49 28 05            jr z,2F
 364+ BB4B
 365+ BB4B 22 04 94         ld (Puntero_indice_mov),hl
 366+ BB4E 18 14            jr 3F
 367+ BB50
 368+ BB50              ; Inicializamos (Puntero_indice_mov) con la 1ª dirección del índice del patrón de movimiento.
 369+ BB50
 370+ BB50 3A 0A 94     2 ld a,(Incrementa_puntero)
 371+ BB53 47               ld b,a
 372+ BB54
 373+ BB54 2A 04 94         ld hl,(Puntero_indice_mov)
 374+ BB57 2B           1 dec hl
 375+ BB58 2B               dec hl
 376+ BB59 10 FC            djnz 1B
 377+ BB5B 22 04 94         ld (Puntero_indice_mov),hl
 378+ BB5E
 379+ BB5E AF               xor a
 380+ BB5F 32 0A 94         ld (Incrementa_puntero),a
 381+ BB62 18 06            jr 4F
 382+ BB64
 383+ BB64 3A 0B 94     3 ld a,(Incrementa_puntero_backup)
 384+ BB67 32 0A 94         ld (Incrementa_puntero),a
 385+ BB6A
 386+ BB6A C9           4 ret
 387+ BB6B
# file closed: Movimiento.asm
3125  BB6B              	include "Disparo.asm"
# file opened: Disparo.asm
   1+ BB6B              ;------------------------------------------
   2+ BB6B              ;
   3+ BB6B              ;	22/07/26
   4+ BB6B              ;
   5+ BB6B
   6+ BB6B              Autoriza_disparo_de_entidades:
   7+ BB6B
   8+ BB6B 3E 01            ld a,1
   9+ BB6D 32 3C 94     	ld (Permiso_de_disparo_Entidades),a
  10+ BB70
  11+ BB70 3A 66 94     	ld a,(Repone_CLOCK_disparos)
  12+ BB73 FE 19        	cp 25													; 25 fps. Es el tiempo mínimo que habrá entre disparo y disparo de entidad.
  13+ BB75
  14+ BB75 28 08        	jr z,2F
  15+ BB77 30 04            jr nc,1F
  16+ BB79
  17+ BB79 3E 19            ld a,25
  18+ BB7B 18 02            jr 2F
  19+ BB7D
  20+ BB7D D6 02        1 sub 2													    ; Aumenta la cadencia del disparo.
  21+ BB7F
  22+ BB7F 32 66 94     2 ld (Repone_CLOCK_disparos),a
  23+ BB82 32 67 94     	ld (CLOCK_disparos_de_entidades),a
  24+ BB85
  25+ BB85 C9           	ret
  26+ BB86
  27+ BB86              ;------------------------------------------
  28+ BB86              ;
  29+ BB86              ;	22/7/26
  30+ BB86              ;
  31+ BB86              ;	Nota: en la bandeja DRAW se encuentran los datos de la entidad que va a disparar.
  32+ BB86
  33+ BB86              Entidad_genera_disparo_si_procede:
  34+ BB86
  35+ BB86 21 02 90         ld hl,Numeros_aleatorios+2
  36+ BB89
  37+ BB89 AF               xor a                                                   ; Carry a "0".
  38+ BB8A
  39+ BB8A CB 06            rlc (hl)
  40+ BB8C
  41+ BB8C DC ED BC     	call c,Genera_disparo_de_entidad_maldosa
  42+ BB8F
  43+ BB8F C9           	ret
  44+ BB90
  45+ BB90              ; --------------------------------------------------------------------------------------
  46+ BB90              ;
  47+ BB90              ;   2/12/24
  48+ BB90              ;
  49+ BB90
  50+ BB90              Motor_de_disparos_entidades:
  51+ BB90
  52+ BB90 3A 3A 94         ld a,(Numero_de_disparos_de_entidades)
  53+ BB93 FE 07            cp 7
  54+ BB95 C8               ret z                                                                ; Salimos si todas las cajas están vacías.
  55+ BB96
  56+ BB96 06 07            ld b,7                                                               ; Contador de disparos, (cajas de disparos).
  57+ BB98 21 5C 90         ld hl,Indice_de_disparos_entidades
  58+ BB9B
  59+ BB9B CD C2 9D     1 call Extrae_address
  60+ BB9E
  61+ BB9E 13               inc de
  62+ BB9F 13               inc de
  63+ BBA0
  64+ BBA0 ED 53 50 94      ld (Puntero_DESPLZ_DISPARO_ENTIDADES),de
  65+ BBA4
  66+ BBA4               ; Caja vacía ???
  67+ BBA4
  68+ BBA4 2D               dec l
  69+ BBA5
  70+ BBA5 7E               ld a,(hl)
  71+ BBA6 A7               and a
  72+ BBA7 28 45            jr z,3F                                                              ; Caja vacía.
  73+ BBA9
  74+ BBA9              ; --- Trabajamos con caja:
  75+ BBA9
  76+ BBA9 2C               inc l
  77+ BBAA
  78+ BBAA              ; --- Existe posibilidad de impacto ???
  79+ BBAA
  80+ BBAA 3A 75 94         ld a,(Shield)
  81+ BBAD A7               and a
  82+ BBAE 20 07            jr nz,6F                                                             ; No comprobamos impacto. El escudo está activado.
  83+ BBB0
  84+ BBB0 CB 46            bit 0,(hl)
  85+ BBB2 C4 F2 BB         call nz, Comprueba_impacto_con_Amadeus
  86+ BBB5 20 37            jr nz,3F
  87+ BBB7
  88+ BBB7 CD 79 BC     6 call Rota_disparo_si_procede
  89+ BBBA
  90+ BBBA              ; ------------------------------------------------------------
  91+ BBBA
  92+ BBBA 2D               dec l
  93+ BBBB 2D               dec l
  94+ BBBC
  95+ BBBC CD C2 9D         call Extrae_address
  96+ BBBF
  97+ BBBF              ;   (Puntero_de_impresion) del disparo en HL
  98+ BBBF              ;   Hay que modificar el puntero de impresión ??? ---------------------
  99+ BBBF
 100+ BBBF 3A 4E 94         ld a,(Ctrl_5)
 101+ BBC2 CB 57            bit 2,a
 102+ BBC4 28 09            jr z,4F
 103+ BBC6
 104+ BBC6 CB 97            res 2,a
 105+ BBC8 32 4E 94         ld (Ctrl_5),a
 106+ BBCB
 107+ BBCB 2C               inc l
 108+ BBCC 2C               inc l
 109+ BBCD 18 0C            jr 5F
 110+ BBCF
 111+ BBCF CB 5F        4 bit 3,a
 112+ BBD1 28 08            jr z,5F
 113+ BBD3
 114+ BBD3 CB 9F            res 3,a
 115+ BBD5 32 4E 94         ld (Ctrl_5),a
 116+ BBD8 2D               dec l
 117+ BBD9 2D               dec l
 118+ BBDA 2D               dec l
 119+ BBDB
 120+ BBDB              ; ---------------------------------------------------------------------
 121+ BBDB
 122+ BBDB              ;! Velocidad del disparo de entidades.
 123+ BBDB
 124+ BBDB CD F4 9D     5 call NextScan
 125+ BBDE CD F4 9D         call NextScan
 126+ BBE1
 127+ BBE1              ; Después de mover el disparo comprobamos si ha salido por la parte baja de la pantalla.
 128+ BBE1
 129+ BBE1 CD 56 BC         call Fin_de_disparo_de_entidad
 130+ BBE4
 131+ BBE4 EB               ex de,hl
 132+ BBE5
 133+ BBE5 73               ld (hl),e
 134+ BBE6 23               inc hl
 135+ BBE7 72               ld (hl),d                                                            ; Nuevo (Puntero_de_impresion) en su correspondiente caja.
 136+ BBE8
 137+ BBE8 2A 50 94         ld hl,(Puntero_DESPLZ_DISPARO_ENTIDADES)
 138+ BBEB 18 02            jr 2F
 139+ BBED
 140+ BBED C9               ret
 141+ BBEE
 142+ BBEE EB           3 ex de,hl
 143+ BBEF 10 AA        2 djnz 1B
 144+ BBF1
 145+ BBF1 C9               ret
 146+ BBF2
 147+ BBF2              ; ------------- ------------- ------------
 148+ BBF2              ;
 149+ BBF2              ;   1/11/24
 150+ BBF2
 151+ BBF2              Comprueba_impacto_con_Amadeus:
 152+ BBF2
 153+ BBF2              ;   El disparo se encuentra en zona de Amadeus.
 154+ BBF2              ;   Comparten coordenadas ?, hay riesgo de colisión ??
 155+ BBF2
 156+ BBF2              ;   Modificamos registros, así que guardamos ...
 157+ BBF2
 158+ BBF2 C5               push bc
 159+ BBF3 E5               push hl
 160+ BBF4 D5               push de
 161+ BBF5
 162+ BBF5 2D               dec l
 163+ BBF6 2D               dec l
 164+ BBF7
 165+ BBF7 CD C2 9D         call Extrae_address
 166+ BBFA
 167+ BBFA 3A D8 90         ld a,(CX_Amadeus)
 168+ BBFD 4F               ld c,a              ; 1ª coordenada X de Amadeus en C.
 169+ BBFE
 170+ BBFE 7D               ld a,l
 171+ BBFF E6 1F            and $1f             ; 1ª coordenada X del disparo en A.
 172+ BC01
 173+ BC01 06 03            ld b,3
 174+ BC03
 175+ BC03 B9           1 cp c
 176+ BC04 28 15            jr z,Coincidencia
 177+ BC06 0C               inc c
 178+ BC07 10 FA            djnz 1B
 179+ BC09
 180+ BC09 0D               dec c
 181+ BC0A 0D               dec c
 182+ BC0B 0D               dec c
 183+ BC0C
 184+ BC0C 3C               inc a
 185+ BC0D B9               cp c
 186+ BC0E 28 0B            jr z,Coincidencia
 187+ BC10
 188+ BC10 3C               inc a
 189+ BC11 B9               cp c
 190+ BC12 28 07            jr z,Coincidencia
 191+ BC14
 192+ BC14 D1           2 pop de
 193+ BC15 E1               pop hl
 194+ BC16 C1               pop bc
 195+ BC17
 196+ BC17              ; No se produce impacto, restauramos el bit0 de Control antes de salir.
 197+ BC17
 198+ BC17 CB 86            res 0,(hl)
 199+ BC19 AF               xor a                       ; Z before RET.
 200+ BC1A C9               ret
 201+ BC1B
 202+ BC1B              Coincidencia
 203+ BC1B
 204+ BC1B              ;   Alguna de las coordenadas X del disparo coincide con alguna de las coordenadas X de Amadeus.
 205+ BC1B              ;   Existe posibilidad de impacto.
 206+ BC1B              ;   Vamos a averiguarlo ...
 207+ BC1B
 208+ BC1B 1D               dec e
 209+ BC1C 1D               dec e
 210+ BC1D 1D               dec e
 211+ BC1E
 212+ BC1E              ; DE en Puntero_objeto del disparo.
 213+ BC1E              ; HL en Puntero_de_impresión del disparo.
 214+ BC1E
 215+ BC1E              ; Comparador:
 216+ BC1E
 217+ BC1E 06 03            ld b,3
 218+ BC20
 219+ BC20 1A           3 ld a,(de)
 220+ BC21 4F               ld c,a
 221+ BC22 A6               and (hl)
 222+ BC23 B9               cp c
 223+ BC24
 224+ BC24              ;>  *************************************************************************
 225+ BC24              ;>  *************************************************************************
 226+ BC24              ;>  ***** Comentando la siguiente linea no nos afectan los disparos enemigos.
 227+ BC24 20 06            jr nz,Amadeus_impactado
 228+ BC26
 229+ BC26 2C               inc l
 230+ BC27 1C               inc e
 231+ BC28
 232+ BC28 10 F6            djnz 3B
 233+ BC2A
 234+ BC2A 18 E8            jr 2B
 235+ BC2C
 236+ BC2C              Amadeus_impactado
 237+ BC2C
 238+ BC2C              ; Borramos disparo.
 239+ BC2C
 240+ BC2C              ;   Exclusion.
 241+ BC2C
 242+ BC2C D1               pop de
 243+ BC2D E1               pop hl
 244+ BC2E
 245+ BC2E E5               push hl
 246+ BC2F D5               push de
 247+ BC30
 248+ BC30 CD E4 BC         call Borra_6_bytes
 249+ BC33
 250+ BC33 21 3A 94         ld hl,Numero_de_disparos_de_entidades
 251+ BC36 34               inc (hl)                                                            ; Incrementamos el nº de disparos de entidades.
 252+ BC37
 253+ BC37              ; Iniciamos el proceso de explosión de Amadeus.
 254+ BC37
 255+ BC37 21 CF 90         ld hl,Impacto_Amadeus
 256+ BC3A 36 01            ld (hl),1
 257+ BC3C
 258+ BC3C              ; Corregimos la posición de Amadeus siempre que se encuentre en el extremo derecho de la pantalla.
 259+ BC3C              ; Evitamos así que la explosión aparezca también por el lado izquierdo de la pantalla.
 260+ BC3C
 261+ BC3C 3A D0 90         ld a,(p.imp.amadeus)
 262+ BC3F FE DE            cp $de
 263+ BC41 20 04            jr nz,1F
 264+ BC43
 265+ BC43 3D               dec a
 266+ BC44 32 D0 90         ld (p.imp.amadeus),a
 267+ BC47
 268+ BC47              ; Situamos también el (Puntero_de_almacen_de_mov_masticados) de Amadeus en la primero explosión.
 269+ BC47
 270+ BC47 11 F6 8B     1 ld de,Indice_Explosion_Amadeus
 271+ BC4A 21 D2 90         ld hl,Pamm_Amadeus
 272+ BC4D
 273+ BC4D 73               ld (hl),e
 274+ BC4E 23               inc hl
 275+ BC4F 72               ld (hl),d
 276+ BC50
 277+ BC50 D1               pop de
 278+ BC51 E1               pop hl
 279+ BC52 C1               pop bc
 280+ BC53
 281+ BC53 AF               xor a
 282+ BC54 3C               inc a               ; NZ before RET.
 283+ BC55 C9               ret
 284+ BC56
 285+ BC56              ; ------------- ------------- ------------
 286+ BC56              ;
 287+ BC56              ;   31/10/24
 288+ BC56
 289+ BC56              Fin_de_disparo_de_entidad:
 290+ BC56
 291+ BC56              ; Estamos en zona de Amadeus ??
 292+ BC56
 293+ BC56 7C               ld a,h
 294+ BC57 FE 54            cp $54
 295+ BC59 38 0D            jr c,1F
 296+ BC5B
 297+ BC5B D5               push de                                                              ; DE se encuentra en el .db (Puntero_de_impresion) de la caja del disparo que estamos moviendo.
 298+ BC5C
 299+ BC5C 5D               ld e,l
 300+ BC5D 54               ld d,h
 301+ BC5E
 302+ BC5E 21 E0 57         ld hl,$57e0
 303+ BC61 ED 52            sbc hl,de
 304+ BC63
 305+ BC63 38 6F            jr c,Elimina_disparo_entidad
 306+ BC65
 307+ BC65 6B               ld l,e
 308+ BC66 62               ld h,d
 309+ BC67
 310+ BC67 D1               pop de
 311+ BC68
 312+ BC68 7C           1 ld a,h
 313+ BC69 FE 50            cp $50
 314+ BC6B D8               ret c
 315+ BC6C
 316+ BC6C 7D               ld a,l
 317+ BC6D FE C0            cp $c0
 318+ BC6F D8               ret c
 319+ BC70
 320+ BC70              ; Estamos en zona de Amadeus. Ponemos a "1" el bit0 de Control del disparo para indicarlo.
 321+ BC70              ; Así podremos comprobar si hay colisión más adelante.
 322+ BC70
 323+ BC70 1C               inc e
 324+ BC71 1C               inc e
 325+ BC72
 326+ BC72 EB               ex de,hl
 327+ BC73 CB C6            set 0,(hl)
 328+ BC75 EB               ex de,hl
 329+ BC76
 330+ BC76 1D               dec e
 331+ BC77 1D               dec e
 332+ BC78
 333+ BC78 C9               ret
 334+ BC79
 335+ BC79              ; ----------------------------------------------------------
 336+ BC79              ;
 337+ BC79              ;   08/10/24
 338+ BC79
 339+ BC79              ;   Estructura de un disparo de entidades.
 340+ BC79
 341+ BC79              ;   Disparo_1 defw 0								; Puntero objeto.
 342+ BC79              ; 	defw 0											; Puntero de impresión.
 343+ BC79              ;	defw 0											; Control.
 344+ BC79
 345+ BC79              ;   El byte bajo de Control indica la velocidad a la que fué lanzado el disparo, (Velocidad)_
 346+ BC79              ;   _de la entidad en el momento de disparar.
 347+ BC79
 348+ BC79              ;   El byte alto muestra la siguiente información:
 349+ BC79              ;
 350+ BC79              ;   Nibble bajo    ..... Inicialmente contiene "7d". Utilizaremos estos bits para desplazar X nº de veces el disparo hacia abajo_
 351+ BC79              ;                        _antes de desplazarse a derecha/izquierda.
 352+ BC79              ;
 353+ BC79              ;   Nibble alto    ..... Bits (6) y (7) ..... Indican si el disparo va hacia la derecha o hacia la izquierda.
 354+ BC79              ;
 355+ BC79              ;                        10xx ..... Izquierda.
 356+ BC79              ;                        01xx ..... Derecha.
 357+ BC79              ;                        00xx ..... Recto.
 358+ BC79
 359+ BC79              Rota_disparo_si_procede:
 360+ BC79
 361+ BC79              ;   Nos situamos en el byte alto de (Control).
 362+ BC79
 363+ BC79 CB 76            bit 6,(hl)
 364+ BC7B 20 2D            jr nz,Rota_a_derecha
 365+ BC7D CB 7E            bit 7,(hl)
 366+ BC7F C8               ret z                                                               ; Salimos el disparo va recto, no se modifica.
 367+ BC80
 368+ BC80              Rota_a_izq
 369+ BC80
 370+ BC80 E5               push hl
 371+ BC81
 372+ BC81 7D               ld a,l
 373+ BC82 D6 05            sub 5
 374+ BC84 6F               ld l,a
 375+ BC85
 376+ BC85 E5               push hl
 377+ BC86 FD E1            pop iy
 378+ BC88
 379+ BC88 A7               and a
 380+ BC89
 381+ BC89 FD CB 02 16      rl (iy+02)
 382+ BC8D FD CB 01 16      rl (iy+01)
 383+ BC91 FD CB 00 16      rl (iy+00)
 384+ BC95
 385+ BC95 30 3B            jr nc,Exit
 386+ BC97
 387+ BC97              ; Desplazamiento completo hasta Carry.
 388+ BC97              ; Modificamos datos y decremento (Puntero_de_impresión).
 389+ BC97
 390+ BC97 FD 36 02 03      ld (iy+02),$03
 391+ BC9B FD 36 01 00      ld (iy+01),$00
 392+ BC9F FD 36 00 00      ld (iy+00),$00
 393+ BCA3
 394+ BCA3 21 4E 94         ld hl,Ctrl_5
 395+ BCA6 CB DE            set 3,(hl)
 396+ BCA8
 397+ BCA8 18 28            jr Exit
 398+ BCAA
 399+ BCAA              Rota_a_derecha
 400+ BCAA
 401+ BCAA E5               push hl
 402+ BCAB
 403+ BCAB 7D               ld a,l
 404+ BCAC D6 05            sub 5
 405+ BCAE 6F               ld l,a
 406+ BCAF
 407+ BCAF E5               push hl
 408+ BCB0 FD E1            pop iy
 409+ BCB2
 410+ BCB2 A7               and a
 411+ BCB3
 412+ BCB3 FD CB 00 1E      rr (iy+00)
 413+ BCB7 FD CB 01 1E      rr (iy+01)
 414+ BCBB FD CB 02 1E      rr (iy+02)
 415+ BCBF
 416+ BCBF 30 11            jr nc,Exit
 417+ BCC1
 418+ BCC1              ; Desplazamiento completo hasta Carry.
 419+ BCC1              ; Modificamos datos e incremento (Puntero_de_impresión).
 420+ BCC1
 421+ BCC1 FD 36 00 01      ld (iy+00),$01
 422+ BCC5 FD 36 01 80      ld (iy+01),$80
 423+ BCC9 FD 36 02 00      ld (iy+02),$00
 424+ BCCD
 425+ BCCD 21 4E 94         ld hl,Ctrl_5
 426+ BCD0 CB D6            set 2,(hl)
 427+ BCD2
 428+ BCD2 E1           Exit pop hl
 429+ BCD3 C9               ret
 430+ BCD4
 431+ BCD4              ; ------------ ----------- ------------
 432+ BCD4              ;
 433+ BCD4              ;   25/9/24
 434+ BCD4
 435+ BCD4              Elimina_disparo_entidad:
 436+ BCD4
 437+ BCD4 21 3A 94         ld hl,Numero_de_disparos_de_entidades
 438+ BCD7 34               inc (hl)                                                            ; Incrementamos el nº de disparos de entidades.
 439+ BCD8
 440+ BCD8 E1               pop hl
 441+ BCD9 E5               push hl
 442+ BCDA
 443+ BCDA 2C               inc l
 444+ BCDB 2C               inc l
 445+ BCDC
 446+ BCDC CD E4 BC         call Borra_6_bytes
 447+ BCDF
 448+ BCDF D1               pop de
 449+ BCE0
 450+ BCE0 21 00 00         ld hl,0
 451+ BCE3
 452+ BCE3 C9               ret
 453+ BCE4
 454+ BCE4              ; ----- ----- ----- ----- -----
 455+ BCE4
 456+ BCE4              Borra_6_bytes
 457+ BCE4
 458+ BCE4 16 06            ld d,6                                                    ; Contador
 459+ BCE6 AF               xor a                                                     ; Borrador
 460+ BCE7 77           1 ld (hl),a
 461+ BCE8 2D               dec l
 462+ BCE9 15               dec d
 463+ BCEA 20 FB            jr nz,1B
 464+ BCEC
 465+ BCEC C9               ret
 466+ BCED
 467+ BCED              ; --------------------------------------------------------------------------------------
 468+ BCED              ;
 469+ BCED              ;   22/08/25
 470+ BCED              ;
 471+ BCED
 472+ BCED              Genera_disparo_de_entidad_maldosa:
 473+ BCED
 474+ BCED              ;   Estructura de un disparo de entidades.
 475+ BCED
 476+ BCED              ;   Disparo_1 defw 0								; Puntero objeto.
 477+ BCED              ; 	defw 0											; Puntero de impresión.
 478+ BCED              ;	defw 0											; Control.
 479+ BCED
 480+ BCED              ;   El byte bajo de Control indica la velocidad a la que fué lanzado el disparo, (Velocidad)_
 481+ BCED              ;   _de la entidad en el momento de disparar.
 482+ BCED
 483+ BCED              ;   El byte de control muestra la siguiente información:
 484+ BCED
 485+ BCED              ;   Nibble alto    ..... Bits (6) y (7) ..... Indican si el disparo va hacia la derecha o hacia la izquierda.
 486+ BCED              ;
 487+ BCED              ;                        10xx ..... Izquierda.
 488+ BCED              ;                        01xx ..... Derecha.
 489+ BCED              ;                        00xx ..... Recto.
 490+ BCED
 491+ BCED              ;*  Exclusiones.
 492+ BCED
 493+ BCED              ;   La entidad no podrá disparar si hay 7 disparos en pantalla.
 494+ BCED
 495+ BCED 3A 3A 94         ld a,(Numero_de_disparos_de_entidades)
 496+ BCF0 A7               and a
 497+ BCF1 C8               ret z
 498+ BCF2
 499+ BCF2 2A DD 93         ld hl,(Puntero_de_impresion)
 500+ BCF5
 501+ BCF5 7C               ld a,h
 502+ BCF6 FE 40            cp $40
 503+ BCF8 D8               ret c                           ; La entidad no dispara en ROM.
 504+ BCF9
 505+ BCF9 CD C8 9D         call calcula_tercio
 506+ BCFC A7               and a
 507+ BCFD 20 06            jr nz,2F
 508+ BCFF
 509+ BCFF 7D               ld a,l
 510+ BD00 FE 60            cp $60
 511+ BD02 D8               ret c                           ; La entidad no puede disparar en las Filas 0,1 y 2.
 512+ BD03
 513+ BD03 18 08            jr 3F
 514+ BD05
 515+ BD05 3D           2 dec a
 516+ BD06 7D               ld a,l
 517+ BD07 28 04            jr z,3F
 518+ BD09
 519+ BD09              ; Estamos en el último tercio de pantalla. No se genera disparo enn las proximidades de Amadeus.
 520+ BD09
 521+ BD09 7D               ld a,l
 522+ BD0A FE 60            cp $60
 523+ BD0C D0               ret nc                          ; La entidad no puede disparar en las Filas (19-23).
 524+ BD0D
 525+ BD0D              ;   La entidad no podrá disparar en las columnas 0 y 31
 526+ BD0D
 527+ BD0D E6 1F        3 and $1f
 528+ BD0F C8               ret z
 529+ BD10 FE 1F            cp $1f
 530+ BD12 C8               ret z
 531+ BD13
 532+ BD13              ;   En este punto el registro B siempre está a "0" y HL apunta al `nuevo´ ( Puntero de impresión) de la entidad.
 533+ BD13              ;   (Puntero_objeto) del disparo inicial siempre será el mismo en cualquier caso, ( para que quede centrado ) en cualquier_
 534+ BD13              ;   _ posición de cualquier entidad, (como ocurre con el puntero de impresión de las explosiones de entidades).
 535+ BD13
 536+ BD13 21 3C 94         ld hl,Permiso_de_disparo_Entidades
 537+ BD16 35               dec (hl)                                            ; No más disparos en este FRAME.
 538+ BD17
 539+ BD17              ;   Decrementa el numero de disparos de entidades.
 540+ BD17
 541+ BD17 21 3A 94         ld hl,Numero_de_disparos_de_entidades
 542+ BD1A 35               dec (hl)
 543+ BD1B
 544+ BD1B 21 5C 90         ld hl,Indice_de_disparos_entidades
 545+ BD1E
 546+ BD1E CD C2 9D     1 call Extrae_address
 547+ BD21
 548+ BD21 13               inc de
 549+ BD22 13               inc de
 550+ BD23
 551+ BD23 ED 53 50 94      ld (Puntero_DESPLZ_DISPARO_ENTIDADES),de
 552+ BD27
 553+ BD27              ;   Comprobamos si la caja está vacía.
 554+ BD27
 555+ BD27 2D               dec l
 556+ BD28 7E               ld a,(hl)
 557+ BD29 A7               and a
 558+ BD2A 20 1D            jr nz,Situa_en_siguiente_disparo                    ; Avanza a la siguiente caja si esta esta completa.
 559+ BD2C 2C               inc l
 560+ BD2D
 561+ BD2D              ;   Caja vacía, vamos a generar un disparo.
 562+ BD2D              ;   Empezaremos de atrás hacia adelante, (1º los bytes de control), asi podremos modificar el (Puntero_de_impresión) antes de guardarlo.
 563+ BD2D
 564+ BD2D CD 4E BD         call Genera_byte_inclinacion
 565+ BD30
 566+ BD30 7E               ld a,(hl)
 567+ BD31 08               ex af,af                                            ; Copia de seguridad del byte de inclinación en A´.
 568+ BD32
 569+ BD32 2D               dec l
 570+ BD33
 571+ BD33 CD 6A BD         call Modifica_puntero_de_impresion                  ; (También seleccionamos en IY el puntero objeto adecuado, izq. o derecha) y fija en BC el (Puntero_de_impresion).
 572+ BD36
 573+ BD36 70               ld (hl),b
 574+ BD37 2D               dec l
 575+ BD38 71               ld (hl),c
 576+ BD39
 577+ BD39 2D               dec l
 578+ BD3A
 579+ BD3A              ;   Por último, generamos los tres .db que imprimirán el disparo en pantalla.
 580+ BD3A
 581+ BD3A FD 7E 02         ld a,(iy+02)
 582+ BD3D 77               ld (hl),a
 583+ BD3E 2D               dec l
 584+ BD3F
 585+ BD3F FD 7E 01         ld a,(iy+01)
 586+ BD42 77               ld (hl),a
 587+ BD43 2D               dec l
 588+ BD44
 589+ BD44 FD 7E 00         ld a,(iy+00)
 590+ BD47 77               ld (hl),a
 591+ BD48
 592+ BD48 C9               ret
 593+ BD49
 594+ BD49              ;   --- --- ---
 595+ BD49
 596+ BD49              Situa_en_siguiente_disparo
 597+ BD49
 598+ BD49 2A 50 94         ld hl,(Puntero_DESPLZ_DISPARO_ENTIDADES)
 599+ BD4C 18 D0            jr 1B
 600+ BD4E
 601+ BD4E              ; --------------------------------------------------------------------------------------
 602+ BD4E              ;
 603+ BD4E              ;   09/10/24
 604+ BD4E              ;
 605+ BD4E
 606+ BD4E              Genera_byte_inclinacion
 607+ BD4E
 608+ BD4E              ; Determina tendencia del disparo.
 609+ BD4E
 610+ BD4E 3A D8 90         ld a,(CX_Amadeus)
 611+ BD51 47               ld b,a
 612+ BD52 3A E9 93         ld a,(Coordenada_X)
 613+ BD55 90               sub b
 614+ BD56 38 07            jr c,Disparo_a_derecha
 615+ BD58
 616+ BD58 FE 06        Disparo_a_izquierda cp 6
 617+ BD5A
 618+ BD5A D8               ret c
 619+ BD5B C8               ret z
 620+ BD5C
 621+ BD5C CB FE            set 7,(hl)
 622+ BD5E C9               ret
 623+ BD5F
 624+ BD5F 47           Disparo_a_derecha ld b,a
 625+ BD60 3E FF            ld a,$ff
 626+ BD62 90               sub b
 627+ BD63
 628+ BD63 FE 05            cp 5
 629+ BD65
 630+ BD65 D8               ret c
 631+ BD66 C8               ret z
 632+ BD67
 633+ BD67 CB F6            set 6,(hl)
 634+ BD69 C9               ret
 635+ BD6A
 636+ BD6A              ; --------------------------------------------------------------------------------------
 637+ BD6A              ;
 638+ BD6A              ;   09/10/24
 639+ BD6A              ;
 640+ BD6A
 641+ BD6A              Modifica_puntero_de_impresion
 642+ BD6A
 643+ BD6A              ;   Puntero de impresión del disparo en BC.
 644+ BD6A
 645+ BD6A E5               push hl
 646+ BD6B
 647+ BD6B 2A 52 94         ld hl,(Puntero_de_impresion_disparo_de_entidad)
 648+ BD6E CD F4 9D         call NextScan
 649+ BD71
 650+ BD71 4D               ld c,l
 651+ BD72 44               ld b,h
 652+ BD73
 653+ BD73 E1               pop hl
 654+ BD74
 655+ BD74 08               ex af,af
 656+ BD75 CB 77            bit 6,a
 657+ BD77 28 06            jr z,1F
 658+ BD79
 659+ BD79 FD 21 58 85  2 ld iy,Disparo_de_entidad_derecho
 660+ BD7D 0C               inc c
 661+ BD7E C9               ret
 662+ BD7F
 663+ BD7F CB 7F        1 bit 7,a
 664+ BD81 28 F6            jr z,2B
 665+ BD83
 666+ BD83 FD 21 5B 85      ld iy,Disparo_de_entidad_izquierdo
 667+ BD87 0D               dec c
 668+ BD88
 669+ BD88 C9               ret
 670+ BD89
 671+ BD89              ; --------------------------------------------------------------------------------------
 672+ BD89              ;
 673+ BD89              ;   23/3/25
 674+ BD89              ;
 675+ BD89
 676+ BD89              Compara_con_coordenadas_de_disparo
 677+ BD89
 678+ BD89 DD 7E 0D         ld a,(ix+13)                                                 ; ld a,(coordenada_y)
 679+ BD8C 47               ld b,a
 680+ BD8D 3A 57 94         ld a,(Coordenadas_disparo_certero)
 681+ BD90 90               sub b
 682+ BD91
 683+ BD91              ; A = "0" ok
 684+ BD91              ; A = "1" ok
 685+ BD91
 686+ BD91 28 08            jr z,Comprueba_coordenada_X
 687+ BD93 3D               dec a
 688+ BD94 28 05            jr z,Comprueba_coordenada_X
 689+ BD96
 690+ BD96              ; A = "$ff" ok
 691+ BD96
 692+ BD96 FE FE            cp $fe
 693+ BD98 28 01            jr z,Comprueba_coordenada_X
 694+ BD9A
 695+ BD9A C9               ret
 696+ BD9B
 697+ BD9B              Comprueba_coordenada_X
 698+ BD9B
 699+ BD9B DD 7E 0C         ld a,(ix+12)                                                  ; ld a,(Coordenada_X)
 700+ BD9E 47               ld b,a
 701+ BD9F 21 58 94         ld hl,Coordenadas_disparo_certero+1
 702+ BDA2 7E               ld a,(hl)
 703+ BDA3 90               sub b
 704+ BDA4
 705+ BDA4              ; A = "0" ok
 706+ BDA4              ; A = "1" ok
 707+ BDA4
 708+ BDA4 28 09            jr z,Activa_Impacto_en_entidad
 709+ BDA6 3D               dec a
 710+ BDA7 28 06            jr z,Activa_Impacto_en_entidad
 711+ BDA9
 712+ BDA9              ; A = "2" ok
 713+ BDA9
 714+ BDA9 3D               dec a
 715+ BDAA 28 03            jr z,Activa_Impacto_en_entidad
 716+ BDAC
 717+ BDAC              ; A = "$ff"
 718+ BDAC
 719+ BDAC FE FD            cp $fd
 720+ BDAE C0               ret nz
 721+ BDAF
 722+ BDAF              Activa_Impacto_en_entidad
 723+ BDAF
 724+ BDAF              ; Esta unidad ha sido impactada.
 725+ BDAF              ; En 1er lugar eliminamos el disparo de Amadeus.
 726+ BDAF
 727+ BDAF 21 58 90         ld hl,Disparo_Amad
 728+ BDB2 2C               inc l
 729+ BDB3 2C               inc l
 730+ BDB4
 731+ BDB4 CD 3B BE         call Elimina_disparo_Amadeus
 732+ BDB7
 733+ BDB7              ;   Indica Impacto en la entidad por disparo de Amadeus, "2".
 734+ BDB7
 735+ BDB7 3E 02            ld a,2
 736+ BDB9 DD 77 03         ld (ix+3),a                                                  ; (ix+4) = (Impacto)
 737+ BDBC
 738+ BDBC              ;   (Puntero_de_almacen_de_mov_masticados) ahora apuntará a la explosión.
 739+ BDBC
 740+ BDBC 11 60 8B         ld de,Indice_Explosion_entidades
 741+ BDBF
 742+ BDBF DD 73 06         ld (ix+6),e
 743+ BDC2 DD 72 07         ld (ix+7),d                                                  ; (ix+7/8) = (Puntero_de_almacen_de_mov_masticados).
 744+ BDC5
 745+ BDC5              ;   Hemos encontrado la entidad impactada, Restauramos FLAG para dejar de buscar en este FRAME.
 746+ BDC5
 747+ BDC5 21 54 94         ld hl,Impacto2
 748+ BDC8 CB 9E            res 3,(hl)
 749+ BDCA
 750+ BDCA C9               ret
 751+ BDCB
 752+ BDCB              ; --------------------------------------------------------------------------------------
 753+ BDCB              ;
 754+ BDCB              ;   13/10/24
 755+ BDCB              ;
 756+ BDCB
 757+ BDCB              ;   HL contiene (Album_de_pintado_disparos_Amadeus).
 758+ BDCB
 759+ BDCB              Limpia_album_de_pintado_disparos_Amadeus
 760+ BDCB
 761+ BDCB 2A 2E 94         ld hl,(Album_de_pintado_disparos_Amadeus)
 762+ BDCE 06 06            ld b,6
 763+ BDD0 AF               xor a
 764+ BDD1 77           1 ld (hl),a
 765+ BDD2 2C               inc l
 766+ BDD3 10 FC            djnz 1B
 767+ BDD5
 768+ BDD5 C9               ret
 769+ BDD6
 770+ BDD6              ; --------------------------------------------------------------------------------------
 771+ BDD6              ;
 772+ BDD6              ;   29/09/24
 773+ BDD6              ;
 774+ BDD6
 775+ BDD6              Calcula_bytes_pintado_disparos
 776+ BDD6
 777+ BDD6 2A 32 94         ld hl,(Album_de_pintado_disparos_Entidades)
 778+ BDD9 45               ld b,l
 779+ BDDA 2A 36 94         ld hl,(Nivel_scan_disparos_album_de_pintado)
 780+ BDDD 7D               ld a,l
 781+ BDDE
 782+ BDDE 90               sub b
 783+ BDDF 32 38 94         ld (Num_de_bytes_album_de_disparos),a
 784+ BDE2
 785+ BDE2 C9               ret
 786+ BDE3
 787+ BDE3              ; --------------------------------------------------------------------------------------
 788+ BDE3              ;
 789+ BDE3              ;   26/10/24
 790+ BDE3              ;
 791+ BDE3              ;   Limpia la diferencia de bytes entre el (album_de_pintado_disparos) del FRAME anterior y el_
 792+ BDE3              ;   _(album_de_pintado_disparos) del FRAME actual, (siempre que el álbum del FRAME anterior contenga más_
 793+ BDE3              ;   _disparos que el álbum del FRAME actual).
 794+ BDE3
 795+ BDE3              Limpia_album_de_pintado_disparos_entidades
 796+ BDE3
 797+ BDE3 21 39 94         ld hl,Num_de_bytes_album_de_disparos+1
 798+ BDE6 7E               ld a,(hl)
 799+ BDE7 2D               dec l
 800+ BDE8 46               ld b,(hl)
 801+ BDE9 90               sub b
 802+ BDEA
 803+ BDEA D8               ret c
 804+ BDEB C8               ret z
 805+ BDEC
 806+ BDEC F5               push af
 807+ BDED 80               add b
 808+ BDEE 77               ld (hl),a
 809+ BDEF F1               pop af
 810+ BDF0
 811+ BDF0              ; Clean.
 812+ BDF0
 813+ BDF0 47           2 ld b,a
 814+ BDF1 AF               xor a
 815+ BDF2 2A 36 94         ld hl,(Nivel_scan_disparos_album_de_pintado)
 816+ BDF5 77           1 ld (hl),a
 817+ BDF6 23               inc hl
 818+ BDF7 10 FC            djnz 1B
 819+ BDF9
 820+ BDF9 C9               ret
 821+ BDFA
 822+ BDFA              ; --------------------------------------------------------------------------------------
 823+ BDFA              ;
 824+ BDFA              ;   27/4/25
 825+ BDFA              ;
 826+ BDFA
 827+ BDFA              Motor_Disparos_Amadeus:
 828+ BDFA
 829+ BDFA 21 59 90         ld hl,Disparo_Amad+1
 830+ BDFD
 831+ BDFD 34               inc (hl)
 832+ BDFE 35               dec (hl)
 833+ BDFF
 834+ BDFF C8               ret z                                                                ; Salimos si la caja no contiene disparo.
 835+ BE00
 836+ BE00              ;   Existe un disparo de Amadeus.
 837+ BE00
 838+ BE00 CD 07 BE         call Consulta_Impacto
 839+ BE03 CD 1D BE         call Mueve_disparo_Amadeus                                           ; Movemos el disparo de Amadeus aunque exista colisión, (bit3 Impacto2 a "1")_
 840+ BE06              ;                                                                            _pués no sabemos si se trata de una entidad u otro objeto.
 841+ BE06 C9               ret
 842+ BE07
 843+ BE07              ; ----------------------
 844+ BE07              ;
 845+ BE07              ;   1/5/25
 846+ BE07              ;
 847+ BE07              ;   Estructura del disparo de Amadeus.
 848+ BE07              ;
 849+ BE07              ;   Disparo_Amad defw 0                            ; Puntero objeto.
 850+ BE07              ;                           defw 0                            ; Puntero de impresión.
 851+ BE07              ;
 852+ BE07              ;   INPUTS: HL apunta al byte alto de (Puntero objeto) del disparo de Amadeus.
 853+ BE07
 854+ BE07
 855+ BE07              ;   OUTPUT: (Z) / (NZ) FLAG. NZ indica que existe (Impacto).
 856+ BE07
 857+ BE07
 858+ BE07              Consulta_Impacto
 859+ BE07
 860+ BE07              ;   Vamos a comprobar si existe (Impacto) de este disparo con alguna entidad antes de mover la entidad y el propio disparo. Lo vamos a hacer así para que la detección_
 861+ BE07              ;   _sea lo más coherente posible.
 862+ BE07
 863+ BE07 E5               push hl
 864+ BE08
 865+ BE08 2B               dec hl
 866+ BE09
 867+ BE09 CD CF BE         call Detecta_impacto_en_disparo_de_Amadeus                          ; Nos situamos en el 1er .db de la caja y comprobamos Impacto.
 868+ BE0C
 869+ BE0C E1               pop hl
 870+ BE0D
 871+ BE0D 23               inc hl                                                                                            ; (Puntero_de_impresion) en HL.
 872+ BE0E
 873+ BE0E C8               ret z                                                                                             ; RET. No hay impacto.
 874+ BE0F
 875+ BE0F              ; Impacto en el proyectil de Amadeus !!!
 876+ BE0F              ; Puede existir impacto con otro proyectil. Hay que detectarlo.
 877+ BE0F
 878+ BE0F 3A 54 94         ld a,(Impacto2)                                                                             ; Indica que hemos alcanzado un objeto, puede ser una entidad u otro objeto.
 879+ BE12 CB DF            set 3,a
 880+ BE14 32 54 94         ld (Impacto2),a
 881+ BE17
 882+ BE17 E5               push hl                                                                                         ; PUSH Puntero_de_impresion del disparo.
 883+ BE18 CD BC BE         call Genera_coordenadas_de_disparo_Amadeus
 884+ BE1B E1               pop hl                                                                                           ; POP Puntero_de_impresion del disparo.
 885+ BE1C
 886+ BE1C C9               ret
 887+ BE1D
 888+ BE1D              ; ----------------------
 889+ BE1D              ;
 890+ BE1D              ;
 891+ BE1D              ;   INPUTS: HL debe apuntar al (Puntero_de_impresion) del disparo.
 892+ BE1D
 893+ BE1D              Mueve_disparo_Amadeus
 894+ BE1D
 895+ BE1D CD C2 9D         call Extrae_address
 896+ BE20
 897+ BE20 CD 15 9E         call PreviousScan
 898+ BE23 CD 15 9E         call PreviousScan
 899+ BE26 CD 15 9E         call PreviousScan
 900+ BE29 CD 15 9E         call PreviousScan
 901+ BE2C
 902+ BE2C              ; Después de mover el disparo comprobamos si ha salido de la parte alta de la pantalla.
 903+ BE2C
 904+ BE2C 7C               ld a,h
 905+ BE2D
 906+ BE2D FE 48            cp $48
 907+ BE2F 30 03            jr nc,1F
 908+ BE31
 909+ BE31              ; El disparo se encuentra en la parte alta de la pantalla.
 910+ BE31              ; Comprobamos si ha llegado al area del marcador del juego.
 911+ BE31
 912+ BE31 7D               ld a,l
 913+ BE32 FE 60            cp $60
 914+ BE34
 915+ BE34 EB           1 ex de,hl
 916+ BE35 38 04            jr c,Elimina_disparo_Amadeus
 917+ BE37
 918+ BE37               ; Introduce nuevo puntero_de_impresión en la caja.
 919+ BE37
 920+ BE37 73               ld (hl),e
 921+ BE38 23               inc hl
 922+ BE39 72               ld (hl),d
 923+ BE3A
 924+ BE3A C9               ret
 925+ BE3B
 926+ BE3B              ; ----------------------
 927+ BE3B              ;
 928+ BE3B              ;   29/9/24
 929+ BE3B
 930+ BE3B              Elimina_disparo_Amadeus
 931+ BE3B
 932+ BE3B              ; HL apunta al .db (Puntero_de_impresion) del disparo.
 933+ BE3B              ; Recordemos la estructura de datos de una caja de disparos de Amadeus:
 934+ BE3B
 935+ BE3B              ;   Disparo_1A defw 0							        ; Puntero objeto.
 936+ BE3B              ;   	defw 0											; Puntero de impresión.
 937+ BE3B
 938+ BE3B 2C               inc l
 939+ BE3C
 940+ BE3C AF               xor a
 941+ BE3D
 942+ BE3D 77               ld (hl),a
 943+ BE3E 2D               dec l
 944+ BE3F 77               ld (hl),a
 945+ BE40 2D               dec l
 946+ BE41 77               ld (hl),a
 947+ BE42 2D               dec l
 948+ BE43 77               ld (hl),a                                           ; Disparo de Amadeus borrado.
 949+ BE44
 950+ BE44 CD CB BD         call Limpia_album_de_pintado_disparos_Amadeus
 951+ BE47
 952+ BE47 3C               inc a                                               ; Siempre que eliminamos un disparo tenemos: "NZ".
 953+ BE48
 954+ BE48 C9               ret
 955+ BE49
 956+ BE49              ; --------------------------------------------------------------------------------------
 957+ BE49              ;
 958+ BE49              ;   13/10/24
 959+ BE49              ;
 960+ BE49              ;   Modifica: HL,BC y DE.
 961+ BE49
 962+ BE49
 963+ BE49              Genera_datos_de_impresion_disparos_Amadeus
 964+ BE49
 965+ BE49 ED 73 22 94      ld (Stack),sp
 966+ BE4D 31 58 90         ld sp,Disparo_Amad                                        ;? SP se sitúa en el .db (Puntero objeto) de la caja de disparos de Amadeus.
 967+ BE50 D1               pop de                                                    ;? Puntero_objeto del disparo en DE.
 968+ BE51
 969+ BE51 14               inc d                                                     ;? Salimos si no hay disparo.
 970+ BE52 15               dec d
 971+ BE53
 972+ BE53 28 0E            jr z,Salida
 973+ BE55
 974+ BE55              Genera_scanlines_de_disparo_Amadeus
 975+ BE55
 976+ BE55 E1               pop hl                                                    ;? Puntero_objeto del disparo en DE.
 977+ BE56              ;                                                             ;? Puntero_de_impresión del disparo en HL.
 978+ BE56 ED 7B 2E 94      ld sp,(Album_de_pintado_disparos_Amadeus)
 979+ BE5A
 980+ BE5A C1               pop bc
 981+ BE5B C1               pop bc
 982+ BE5C C1               pop bc
 983+ BE5D
 984+ BE5D E5               push hl                                                   ;? Sube 2º scanline al álbum.
 985+ BE5E CD 15 9E         call PreviousScan
 986+ BE61 E5               push hl                                                   ;? Sube 1er scanline al álbum.
 987+ BE62 D5               push de                                                   ;? Sube Puntero_objeto del disparo al álbum.
 988+ BE63
 989+ BE63              Salida
 990+ BE63
 991+ BE63 ED 7B 22 94      ld sp,(Stack)
 992+ BE67
 993+ BE67 C9               ret
 994+ BE68
 995+ BE68              ; --------------------------------------------------------------------------------------
 996+ BE68              ;
 997+ BE68              ;   12/09/24
 998+ BE68              ;
 999+ BE68
1000+ BE68              Genera_disparo_Amadeus:
1001+ BE68
1002+ BE68              ;*  Exclusiones.
1003+ BE68
1004+ BE68 3A 3B 94         ld a,(Permiso_de_disparo_Amadeus)
1005+ BE6B A7               and a
1006+ BE6C C0               ret nz                                                   ; Salimos si no hay permiso de disparo.
1007+ BE6D
1008+ BE6D 3E 26            ld a,$26                                                 ; Nº de fps que tendremos "deshabilitado" el disparo de Amadeus.
1009+ BE6F 32 3B 94         ld (Permiso_de_disparo_Amadeus),a                        ; No volveremos a tener permiso de disparo hasta que (Permiso_de_disparo_Amadeus) = "0".
1010+ BE72
1011+ BE72              Define_puntero_objeto_disparo
1012+ BE72
1013+ BE72              ;   Se produce un nuevo disparo de Amadeus.
1014+ BE72              ;   Iniciamos sonido.
1015+ BE72
1016+ BE72 21 01 16         ld hl,Shot_sound_init_value
1017+ BE75 22 7D 94         ld (Shot_sound),hl                                       ; Valor inicial $1801. $16, (H) es el n° de ondas completas que mide el efecto, (duración).
1018+ BE78              ;                                                            ; $01, (L) es la nota inicial del efecto, (longitud de cada semiciclo).
1019+ BE78
1020+ BE78 CD 10 C1         call Play_shot_sound_effect                              ; Inicia el sonido del disparo.
1021+ BE7B
1022+ BE7B              ;   Inicializamos contador.
1023+ BE7B
1024+ BE7B 06 00            ld b,0
1025+ BE7D
1026+ BE7D 2A D0 90         ld hl,(p.imp.amadeus)
1027+ BE80 2C               inc l
1028+ BE81
1029+ BE81 3E 80            ld a,$80
1030+ BE83 BE               cp (hl)
1031+ BE84 28 0D            jr z,1F
1032+ BE86
1033+ BE86 04               inc b
1034+ BE87
1035+ BE87 3E 60            ld a,$60
1036+ BE89 BE               cp (hl)
1037+ BE8A 28 07            jr z,1F
1038+ BE8C
1039+ BE8C
1040+ BE8C 04               inc b
1041+ BE8D
1042+ BE8D 3E 18            ld a,$18
1043+ BE8F BE               cp (hl)
1044+ BE90 28 01            jr z,1F
1045+ BE92
1046+ BE92 04               inc b
1047+ BE93
1048+ BE93              ;   Calcula el Puntero_de_impresión del disparo.
1049+ BE93
1050+ BE93              ;   El Puntero_de_impresión del disparo apunta al último scanline de los tres que componen el disparo, (el de abajo).
1051+ BE93
1052+ BE93 CD 15 9E     1 call PreviousScan
1053+ BE96
1054+ BE96 78               ld a,b
1055+ BE97 CB 3F            srl a
1056+ BE99 28 03            jr z,4F
1057+ BE9B
1058+ BE9B              ; --- Guarda el puntero_de_impresión del disparo en la pila.
1059+ BE9B E5               push hl
1060+ BE9C 18 02            jr 5F
1061+ BE9E 2D           4 dec l
1062+ BE9F E5               push hl
1063+ BEA0              ; ---
1064+ BEA0
1065+ BEA0              ;   Calcula el Puntero_objeto del disparo.
1066+ BEA0
1067+ BEA0 21 5E 85     5 ld hl,Indice_disparo_Amadeus
1068+ BEA3 04               inc b
1069+ BEA4 05               dec b
1070+ BEA5 28 04            jr z,2F
1071+ BEA7
1072+ BEA7              ;   Nos desplazamos por el índice de disparos.
1073+ BEA7
1074+ BEA7 2C           3 inc l
1075+ BEA8 2C               inc l
1076+ BEA9 10 FC            djnz 3B
1077+ BEAB
1078+ BEAB              ; --- Guarda el Puntero_objeto del disparo en la pila.
1079+ BEAB CD C2 9D     2 call Extrae_address
1080+ BEAE E5               push hl
1081+ BEAF              ; ---
1082+ BEAF
1083+ BEAF              ; Almacenamos (Puntero_objeto) y (Puntero_de_impresion) en su correspondiente caja.
1084+ BEAF              ; HL en el 1er .db de la caja.
1085+ BEAF
1086+ BEAF 21 58 90         ld hl,Disparo_Amad
1087+ BEB2
1088+ BEB2 06 02            ld b,2
1089+ BEB4
1090+ BEB4 D1           6 pop de
1091+ BEB5 73               ld (hl),e
1092+ BEB6 23               inc hl
1093+ BEB7 72               ld (hl),d
1094+ BEB8 23               inc hl
1095+ BEB9
1096+ BEB9 10 F9            djnz 6B
1097+ BEBB
1098+ BEBB C9               ret
1099+ BEBC
1100+ BEBC              Genera_coordenadas_de_disparo_Amadeus
1101+ BEBC
1102+ BEBC              ;   HL apunta al .db (Puntero_de_impresion) del disparo de Amadeus.
1103+ BEBC              ;   Esta parte de la rutina sólo aplica cuando un disparo nuestro alcanza algún objeto.
1104+ BEBC              ;   Genera las coordenadas de nuestro disparo.
1105+ BEBC
1106+ BEBC CD C2 9D         call Extrae_address
1107+ BEBF CD DE AA         call Genera_coordenadas
1108+ BEC2
1109+ BEC2 3D               dec a
1110+ BEC3
1111+ BEC3 21 57 94         ld hl,Coordenadas_disparo_certero
1112+ BEC6 77               ld (hl),a                                           ;   Almacenamos la Coordenada_Y, (Fila) del disparo.
1113+ BEC7 23               inc hl
1114+ BEC8 3A E9 93         ld a,(Coordenada_X)
1115+ BECB 77               ld (hl),a                                           ;   Almacenamos la Coordenada_X, (Columna) del disparo.
1116+ BECC
1117+ BECC AF               xor a
1118+ BECD 3C               inc a                                               ;   Fuerza "NZ" a la salida.
1119+ BECE
1120+ BECE C9               ret
1121+ BECF
1122+ BECF              ; ----- ----- ----- ----- ----- ----- ----- ----- ----- ----- ----- ----- ----- ----- ----- ----- ----- ----- ----- -----
1123+ BECF              ; ----- ----- ----- ----- ----- ----- ----- ----- ----- ----- ----- ----- ----- ----- ----- ----- ----- ----- ----- -----
1124+ BECF              ; ----- ----- ----- ----- ----- ----- ----- ----- ----- ----- ----- ----- ----- ----- ----- ----- ----- ----- ----- -----
1125+ BECF
1126+ BECF              ; ----------------------------------------------
1127+ BECF              ;
1128+ BECF              ;   22/03/25
1129+ BECF              ;
1130+ BECF              ;   INPUTS: HL contiene el .defw (Puntero_objeto) de la caja de disparo de Amadeus.
1131+ BECF              ;   OUTPUT: FLAG Z indica NO IMPACTO, NZ indica IMPACTO.
1132+ BECF
1133+ BECF              Detecta_impacto_en_disparo_de_Amadeus
1134+ BECF
1135+ BECF              Extraccion_de_datos
1136+ BECF
1137+ BECF              ; Album_de_pintado_disparos_Amadeus $8cac
1138+ BECF              ; Album_de_borrado_disparos_Amadeus $8cae
1139+ BECF              ; Amadeus_disparos_scanlines_album equ $827c
1140+ BECF              ; Amadeus_disparos_scanlines_album_2 equ $8282
1141+ BECF
1142+ BECF 5E               ld e,(hl)
1143+ BED0 2C               inc l
1144+ BED1 56               ld d,(hl)
1145+ BED2
1146+ BED2 1C               inc e
1147+ BED3 1C               inc e                                                   ; DE contiene Puntero_objeto `aumentado' del_
1148+ BED4              ;                                                                _disparo de Amadeus.
1149+ BED4 2C               inc l
1150+ BED5
1151+ BED5 4E               ld c,(hl)
1152+ BED6 2C               inc l
1153+ BED7 46               ld b,(hl)
1154+ BED8
1155+ BED8 C5               push bc
1156+ BED9 E1               pop hl                                                 ; Puntero_de_impresión del disparo en HL.
1157+ BEDA
1158+ BEDA              ;   La detección de colisión se efectúa con el disparo impreso en pantalla.
1159+ BEDA
1160+ BEDA CD 15 9E         call PreviousScan
1161+ BEDD CD 15 9E         call PreviousScan
1162+ BEE0
1163+ BEE0              Detecta_impacto_
1164+ BEE0
1165+ BEE0 1A               ld a,(de)
1166+ BEE1 A6               and (hl)
1167+ BEE2 C0               ret nz
1168+ BEE3
1169+ BEE3 1C               inc e
1170+ BEE4 2C               inc l
1171+ BEE5
1172+ BEE5 1A               ld a,(de)
1173+ BEE6 A6               and (hl)
1174+ BEE7
1175+ BEE7 C9               ret
1176+ BEE8
1177+ BEE8              ; -------------------------------------------------------------------------------------------------------------
1178+ BEE8              ;
1179+ BEE8              ;   25/11//24
1180+ BEE8              ;
1181+ BEE8              ;   La entidad se encuentra en la fila $14,$15 o $16 de pantalla.
1182+ BEE8              ;   Vamos a comprobar si la entidad ocupa alguna de las columnas ocupadas por Amadeus y por lo_
1183+ BEE8              ;   _ tanto, existe riesgo alto de colisión entre ambas.
1184+ BEE8              ;
1185+ BEE8              ;   MODIFICA: HL,DE,BC y A.
1186+ BEE8              ;   OUTPUTS: (Coordenadas_X_Entidad) y (Coordenadas_X_Amadeus) contienen el nº de las columnas que ocupan en pantalla.
1187+ BEE8              ;            (Impacto) se coloca a "1" si coincide alguna de las columnas. Alto riesgo de colisión.
1188+ BEE8
1189+ BEE8              Colision_Entidad_Amadeus
1190+ BEE8
1191+ BEE8              ; Posible contacto de entidad con Amadeus. ?????
1192+ BEE8
1193+ BEE8              ; Exclusiones:
1194+ BEE8
1195+ BEE8 3A 75 94         ld a,(Shield)
1196+ BEEB A7               and a
1197+ BEEC C0               ret nz                                                  ; No comprobamos contacto si existe Shield.
1198+ BEED
1199+ BEED 21 4C 94         ld hl,Ctrl_3
1200+ BEF0 CB 76            bit 6,(hl)
1201+ BEF2 C0               ret nz                                                  ; Salimos si Amadeus ha sido destruido y estamos esperando nueva nave o mensaje final.
1202+ BEF3
1203+ BEF3 21 54 94         ld hl,Impacto2
1204+ BEF6 CB 56            bit 2,(hl)
1205+ BEF8 C0               ret nz                                                  ; Salimos si tenemos una posible colisión de una entidad anterior. Tenemos almacenadas las coordenadas X de otra entidad.
1206+ BEF9
1207+ BEF9 DD 7E 0D     	ld a,(ix+13)                                            ; ld a,(coordenada_y)
1208+ BEFC FE 14        	cp $14
1209+ BEFE D8           	ret c                                                   ; Salimos si la entidad no está en zona de Amadeus.
1210+ BEFF
1211+ BEFF 3A CF 90         ld a,(Impacto_Amadeus)
1212+ BF02 A7               and a
1213+ BF03 C0               ret nz                                                  ; Evita que se produzca colisión con dos entidades a la vez.
1214+ BF04
1215+ BF04              Genera_coordenadas_X:
1216+ BF04
1217+ BF04              ;   Guardamos las coordenadas_X de la entidad y Amadeus en sus correspondientes almacenes.
1218+ BF04              ;   DRAW tiene almacenados, en este momento, los datos de la última ENTIDAD que hemos desplazado.
1219+ BF04
1220+ BF04              ;   Limpiamos almacenes.
1221+ BF04
1222+ BF04              ;    call Limpia_Coordenadas_X
1223+ BF04
1224+ BF04              ;   Almacenamos las coordenadas X de la entidad peligrosa, (en curso).
1225+ BF04
1226+ BF04 21 59 94         ld hl,Coordenadas_X_Entidad
1227+ BF07 DD 7E 0C         ld a,(ix+12)                                             ; ld a,(Coordenada_X)
1228+ BF0A CD 2F BF         call Guarda_coordenadas_X
1229+ BF0D
1230+ BF0D              ;   Almacenamos las coordenadas X de Amadeus.
1231+ BF0D
1232+ BF0D 3A D8 90         ld a,(CX_Amadeus)
1233+ BF10 CD 2F BF         call Guarda_coordenadas_X
1234+ BF13
1235+ BF13 DD E5            push ix
1236+ BF15 CD 43 BF         call Compara_coordenadas_X
1237+ BF18 DD E1            pop ix
1238+ BF1A
1239+ BF1A              ;>   **************************************************************************
1240+ BF1A              ;>   **************************************************************************
1241+ BF1A              ;>   ***** Descomentando el siguiente RET anulamos la colisión AMADEUS-ENTIDAD.
1242+ BF1A              ;    ret
1243+ BF1A
1244+ BF1A C0               ret nz
1245+ BF1B
1246+ BF1B 3E 01            ld a,1                                               ; El .db (Impacto)="1" indica que es altamente probable que esta_
1247+ BF1D DD 77 03         ld (ix+3),a                                          ; _ entidad colisione con Amadeus, (ha superado, o está en la fila $14) y
1248+ BF20
1249+ BF20 DD E5            push ix
1250+ BF22 E1               pop hl
1251+ BF23
1252+ BF23 23               inc hl
1253+ BF24 23               inc hl
1254+ BF25 23               inc hl
1255+ BF26
1256+ BF26 22 55 94         ld (Entidad_sospechosa_de_colision),hl               ; Almacena la dirección del .db (Impacto) de la caja de esta entidad.
1257+ BF29              ;                                                        ; En caso de que no exista colisión con Amadeus hemos de poner el .db (Impacto) de la (Entidad_sospechosa_de_colision) a "0" más adelante.
1258+ BF29
1259+ BF29 21 54 94         ld hl,Impacto2                                       ; _ alguna de las columnas_X que ocupa coinciden con las de Amadeus.
1260+ BF2C CB D6            set 2,(hl)
1261+ BF2E
1262+ BF2E C9               ret
1263+ BF2F
1264+ BF2F               ; ----- ----- ----- ----- -----
1265+ BF2F
1266+ BF2F 77           Guarda_coordenadas_X ld (hl),a
1267+ BF30 3C               inc a
1268+ BF31 2C               inc l
1269+ BF32 77               ld (hl),a
1270+ BF33 3C               inc a
1271+ BF34 2C               inc l
1272+ BF35 77               ld (hl),a
1273+ BF36 2C               inc l
1274+ BF37 C9               ret
1275+ BF38
1276+ BF38 AF           Limpia_Coordenadas_X xor a
1277+ BF39 06 06            ld b,6
1278+ BF3B 21 5C 94         ld hl,Coordenadas_X_Amadeus
1279+ BF3E 77           1 ld (hl),a
1280+ BF3F 23               inc hl
1281+ BF40 10 FC            djnz 1B
1282+ BF42 C9               ret
1283+ BF43
1284+ BF43              ; ----- ----- ----- ----- -----
1285+ BF43
1286+ BF43              Compara_coordenadas_X
1287+ BF43
1288+ BF43 DD 21 59 94      ld ix,Coordenadas_X_Entidad
1289+ BF47 DD 7E 00         ld a,(ix+0)
1290+ BF4A CD 58 BF         call Comparando
1291+ BF4D C8               ret z
1292+ BF4E
1293+ BF4E 3C               inc a
1294+ BF4F CD 67 BF         call Comparando_1
1295+ BF52 C8               ret z
1296+ BF53
1297+ BF53 3C               inc a
1298+ BF54 CD 67 BF         call Comparando_1
1299+ BF57
1300+ BF57 C9               ret
1301+ BF58
1302+ BF58              ; ----- ----- ----- ----- -----
1303+ BF58              ;
1304+ BF58              ;   4/12/23
1305+ BF58              ;
1306+ BF58              ;   Sub. de [Compara_coordenadas_X]. Deja de comparar cuando encuentra coincidencia.
1307+ BF58
1308+ BF58              Comparando
1309+ BF58
1310+ BF58 DD 2C            inc ixl
1311+ BF5A DD 2C            inc ixl
1312+ BF5C DD 2C            inc ixl
1313+ BF5E
1314+ BF5E DD 46 00         ld b,(ix+0)
1315+ BF61 DD 4E 01         ld c,(ix+1)
1316+ BF64 DD 56 02         ld d,(ix+2)
1317+ BF67
1318+ BF67 B8           Comparando_1 cp b
1319+ BF68 C8               ret z
1320+ BF69 B9               cp c
1321+ BF6A C8               ret z
1322+ BF6B BA               cp d
1323+ BF6C C9               ret
1324+ BF6D
1325+ BF6D              ; -----------------------------------------------------------------------
1326+ BF6D              ;
1327+ BF6D              ;   04/7/24
1328+ BF6D              ;
1329+ BF6D
1330+ BF6D              Detecta_colision_nave_entidad:
1331+ BF6D
1332+ BF6D              ; Exclusiones:
1333+ BF6D
1334+ BF6D              ; Salimos de la rutina si no hay advertencia de posible colisión.
1335+ BF6D
1336+ BF6D 21 54 94     	ld hl,Impacto2
1337+ BF70 CB 56        	bit 2,(hl)
1338+ BF72 C8           	ret z
1339+ BF73
1340+ BF73              ; Detección byte a byte de colisión ENTIDAD-NAVE.
1341+ BF73
1342+ BF73 2A D2 90         ld hl,(Pamm_Amadeus)
1343+ BF76 CD C2 9D         call Extrae_address
1344+ BF79 54               ld d,h
1345+ BF7A 5D               ld e,l                                         ; (Puntero_objeto) en DE.
1346+ BF7B
1347+ BF7B 2A D0 90         ld hl,(p.imp.amadeus)                          ; (Puntero_de_impresion) en HL.
1348+ BF7E 06 10            ld b,16                                        ; Contador de scanlines en B.
1349+ BF80 FD 2E 03         ld iyl,3                                       ; Contador de impacto. Si su valor es "0" se considera "Colisión". Esto me permitirá ajustar la sensibilidad de la colisión en Amadeus.
1350+ BF83
1351+ BF83 C5           1 push bc
1352+ BF84 06 03            ld b,3
1353+ BF86 E5               push hl
1354+ BF87
1355+ BF87              ; .db
1356+ BF87
1357+ BF87 1A           3 ld a,(de)
1358+ BF88 A7               and a
1359+ BF89 20 03            jr nz,4F
1360+ BF8B
1361+ BF8B 2C               inc l
1362+ BF8C 18 08            jr 2F                                         ; No aplica CPI, no hay píxels en este .db.
1363+ BF8E
1364+ BF8E ED A1        4 cpi                                             ; Comparamos el 1er .db de los tres de ancho que tiene el sprite de Amadeus.
1365+ BF90 28 04            jr z,2F
1366+ BF92
1367+ BF92              ; Impacto.
1368+ BF92 FD 2D            dec iyl
1369+ BF94 28 22            jr z,5F
1370+ BF96
1371+ BF96 1C           2 inc e
1372+ BF97 10 EE            djnz 3B
1373+ BF99
1374+ BF99 E1               pop hl
1375+ BF9A
1376+ BF9A              ; Hay salto de línea en el puntero de impresión ???
1377+ BF9A
1378+ BF9A 7C               ld a,h
1379+ BF9B D6 57            sub $57
1380+ BF9D 20 0A            jr nz,6F
1381+ BF9F
1382+ BF9F              ; Comprobamos la parte baja de Amadeus. Modifico manualmente el salto de línea en HL para no haver llamadas a [NextScan].
1383+ BF9F
1384+ BF9F 2A D0 90         ld hl,(p.imp.amadeus)
1385+ BFA2 3E 20            ld a,$20
1386+ BFA4 A7               and a
1387+ BFA5 85               add l
1388+ BFA6 6F               ld l,a
1389+ BFA7 18 01            jr 7F
1390+ BFA9
1391+ BFA9 24           6 inc h
1392+ BFAA
1393+ BFAA C1           7 pop bc
1394+ BFAB 10 D6            djnz 1B
1395+ BFAD
1396+ BFAD              ;   Fin de la comparativa.
1397+ BFAD
1398+ BFAD              ;   NO HAY COLISIÓN !!!!!.
1399+ BFAD              ;
1400+ BFAD              ;   .db (Impacto) de Amadeus a "0".
1401+ BFAD              ;   RES el bit2 de (Impacto2).
1402+ BFAD              ;
1403+ BFAD              ;   Nota: El .db (Impacto) de la entidad implicada lo puso a "1" la rutina [Compara_coordenadas_X].
1404+ BFAD              ;   Lo colocamos a "0".
1405+ BFAD
1406+ BFAD 21 54 94         ld hl,Impacto2
1407+ BFB0 CB 96            res 2,(hl)
1408+ BFB2 2A 55 94         ld hl,(Entidad_sospechosa_de_colision)
1409+ BFB5 36 00            ld (hl),0                                       ; Coloca a "0" el .db (Impacto) de la (Entidad_sospechosa_de_colision).
1410+ BFB7 C9               ret
1411+ BFB8
1412+ BFB8              ;   COLISIÓN !!!!!.
1413+ BFB8              ;
1414+ BFB8              ;   .db (Impacto) de Amadeus a "1".
1415+ BFB8              ;   SET el bit3 de (Impacto2).
1416+ BFB8              ;
1417+ BFB8              ;   Nota: El .db (Impacto) de la entidad implicada lo puso a "1" la rutina [Compara_coordenadas_X].
1418+ BFB8
1419+ BFB8 E1           5 pop hl
1420+ BFB9 C1               pop bc
1421+ BFBA
1422+ BFBA 21 CF 90         ld hl,Impacto_Amadeus
1423+ BFBD 36 01            ld (hl),1
1424+ BFBF 21 54 94         ld hl,Impacto2                                 ; Cuando se produce Colisión, RES el bit2 de (Impacto2) y_
1425+ BFC2 CB 96            res 2,(hl)                                     ; _ SET el bit3. El bit3 de (Impacto2) indica que hay contacto_
1426+ BFC4
1427+ BFC4 11 60 8B         ld de,Indice_Explosion_entidades
1428+ BFC7 2A 55 94         ld hl,(Entidad_sospechosa_de_colision)         ; Situamos el (Puntero_de_almacen_de_mov_masticados) de la entidad impactada en la primera palabra del índice de explosiones.
1429+ BFCA
1430+ BFCA 23               inc hl
1431+ BFCB 23               inc hl
1432+ BFCC 23               inc hl
1433+ BFCD
1434+ BFCD 73               ld (hl),e
1435+ BFCE 23               inc hl
1436+ BFCF 72               ld (hl),d
1437+ BFD0
1438+ BFD0              ; Situamos también el (Puntero_de_almacen_de_mov_masticados) de Amadeus en la primero explosión.
1439+ BFD0
1440+ BFD0 11 F6 8B         ld de,Indice_Explosion_Amadeus
1441+ BFD3 21 D2 90         ld hl,Pamm_Amadeus
1442+ BFD6
1443+ BFD6 73               ld (hl),e
1444+ BFD7 23               inc hl
1445+ BFD8 72               ld (hl),d
1446+ BFD9
1447+ BFD9 C9               ret
1448+ BFDA
1449+ BFDA
1450+ BFDA
1451+ BFDA
# file closed: Disparo.asm
3126  BFDA              	include "Sound.asm"
# file opened: Sound.asm
   1+ BFDA              ; ----------------------------------------------------------
   2+ BFDA              ;
   3+ BFDA              ;   26/09/26
   4+ BFDA              ;
   5+ BFDA              ;   Voy a utilizar los 6 bytes de las variables:
   6+ BFDA              ;
   7+ BFDA              ;   (Indice_Sprite_der)
   8+ BFDA              ;   (Indice_Sprite_izq)
   9+ BFDA              ;   (Puntero_DESPLZ_der)
  10+ BFDA              ;
  11+ BFDA              ;   Para almacenar el perfil de la nota que está en ejecución.
  12+ BFDA              ;
  13+ BFDA              ;   Con una rutina de sonido `IN TIME´, ejecutando unicamente una onda. La nota más alta que podremos ejecutar es $01b0.
  14+ BFDA
  15+ BFDA              Play_DONE_in_time:
  16+ BFDA
  17+ BFDA              ;   Nota en ejecución??
  18+ BFDA
  19+ BFDA 21 F0 93         ld hl,Indice_Sprite_der                           ; Caja de nota en ejecución.
  20+ BFDD 7E               ld a,(hl)
  21+ BFDE A7               and a
  22+ BFDF 28 02            jr z,New_note                                     ; Caja vacía o anterior nota finalizada. Adquiere una nueva nota del índice de notas de la canción.
  23+ BFE1
  24+ BFE1 18 0F            jr Get_note                                       ; No hemos terminado de ejecutar la nota. Recuperamos el 'resto' de la nota de la caja.
  25+ BFE3
  26+ BFE3              ;   Extrae una nueva, (o primera nota) del índice de notas de la canción.
  27+ BFE3
  28+ BFE3              New_note:
  29+ BFE3
  30+ BFE3 2A 82 94         ld hl,(Puntero_musical)
  31+ BFE6 CD C2 9D         call Extrae_address
  32+ BFE9
  33+ BFE9              ;   Detecta final de canción.
  34+ BFE9
  35+ BFE9 7C               ld a,h
  36+ BFEA B5               or l
  37+ BFEB C8               ret z
  38+ BFEC
  39+ BFEC              ;   Actualiza el puntero de notas, (Puntero_musical).
  40+ BFEC
  41+ BFEC 13               inc de
  42+ BFED 13               inc de
  43+ BFEE
  44+ BFEE ED 53 82 94      ld (Puntero_musical),de                           ; (Puntero_musical) está situado en la siguiente nota del índice.
  45+ BFF2
  46+ BFF2              Get_note:
  47+ BFF2
  48+ BFF2 ED 73 22 94      ld (Stack),sp
  49+ BFF6
  50+ BFF6 F9               ld sp,hl
  51+ BFF7
  52+ BFF7 C1               pop bc                                            ; (B) indica PAUSE. "Z" NO PAUSE, "NZ" PAUSE.
  53+ BFF8
  54+ BFF8 04               inc b
  55+ BFF9 05               dec b
  56+ BFFA 20 2E            jr nz, Aplica_pausa
  57+ BFFC
  58+ BFFC D1               pop de
  59+ BFFD E1               pop hl                                            ; (HL) contiene la duración de cada semiciclo que forma la onda sonora, (nota).
  60+ BFFE
  61+ BFFE              ;   Tenemos la nota cargada en os registros.
  62+ BFFE              ;   Determinamos si la nota se ejecuta con incremento o decremento.
  63+ BFFE
  64+ BFFE              ;   (D)="0" Nota sin incremento o decremento.
  65+ BFFE              ;   (D)="1" Note with INCREASE.
  66+ BFFE              ;   (D)="2" Note with DECREASE.
  67+ BFFE
  68+ BFFE 14               inc d
  69+ BFFF 15               dec d
  70+ C000 28 09            jr z,3F
  71+ C002
  72+ C002 15               dec d
  73+ C003 20 04            jr nz, Note_Decrease
  74+ C005
  75+ C005              Note_Increase:
  76+ C005
  77+ C005 23               inc hl
  78+ C006 23               inc hl
  79+ C007 18 02            jr 3F
  80+ C009
  81+ C009              Note_Decrease:
  82+ C009
  83+ C009 2B               dec hl
  84+ C00A 2B               dec hl
  85+ C00B
  86+ C00B 0D           3 dec c
  87+ C00C 0D               dec c
  88+ C00D
  89+ C00D 28 15            jr z,Last_note
  90+ C00F 38 13            jr c,Last_note
  91+ C011
  92+ C011              ;   Guardamos la nota incrementda/decrementada para seguir más tarde con la ejecución:
  93+ C011
  94+ C011 31 F6 93         ld sp,Indice_Sprite_der+6                         ; Almacenaremos la nota en la caja de notas, (6 bytes). No hemos terminado con la ejecución.
  95+ C014
  96+ C014 E5               push hl
  97+ C015 D5               push de
  98+ C016 C5               push bc
  99+ C017
 100+ C017              ;   Siguiente fragmento de la nota guardado. Restauramos SP.
 101+ C017
 102+ C017 ED 7B 22 94  2 ld sp,(Stack)
 103+ C01B
 104+ C01B              ;   Preparamos y ejecutamos la nota.
 105+ C01B
 106+ C01B 0E 02            ld c,2                                           ; Duración de la nota.
 107+ C01D
 108+ C01D 22 78 94         ld (Sound),hl
 109+ C020
 110+ C020 CD D9 9E         call Sound_Generator
 111+ C023
 112+ C023 C9               ret
 113+ C024
 114+ C024              Last_note:
 115+ C024
 116+ C024 AF               xor a
 117+ C025 32 F0 93         ld (Indice_Sprite_der),a                         ; Indica que pasamos a la siguiente nota.
 118+ C028
 119+ C028 18 ED            jr 2B
 120+ C02A
 121+ C02A              Aplica_pausa:
 122+ C02A
 123+ C02A 18 FE            jr $
 124+ C02C
 125+ C02C
 126+ C02C              ; ----------------------------------------------------------------------------------------------
 127+ C02C              ;
 128+ C02C              ;   26/09/26
 129+ C02C              ;
 130+ C02C              ;   Melodía DONE. NIVEL SUPERADO !!!
 131+ C02C              ;
 132+ C02C              ;   La melodía DONE se ejecuta en DI, (interrupciones deshabilitadas).
 133+ C02C              ;
 134+ C02C              ;   Está compuesta por 15 notes y 5 pausas.
 135+ C02C              ;
 136+ C02C              ;   Hay que introducir los parámetros de cada nota que forma la melodía y llamar a la función de sonido [Sound_Generator].
 137+ C02C              ;   Los parámetros son:
 138+ C02C              ;
 139+ C02C              ;   INPUTS: C contiene el nº de veces que vamos a generar la onda del sonido, (duración de la nota).
 140+ C02C              ;           D Indica si el sonido es ascendente, "1" o descendente, "0".
 141+ C02C              ;           E Indica el nº de incrementos/decrementos que sumeremos/restaremos al delay inicial.
 142+ C02C              ;           B = "1". Indica que vamos a generar un efecto de ruido, (pseudo RND).
 143+ C02C              ;          HL = (NOTA). Duracíon del semiciclo.
 144+ C02C              ;
 145+ C02C              ;   MODIFY: NO MODIFY REGS. !!!
 146+ C02C
 147+ C02C              Done_melody:
 148+ C02C
 149+ C02C F5               push af
 150+ C02D C5               push bc
 151+ C02E D5               push de
 152+ C02F E5               push hl                                                 ; Store regs.
 153+ C030
 154+ C030              Note_1:
 155+ C030
 156+ C030 01 14 00     	ld bc,$0014                                             ; No ruido / 20 ondas completas
 157+ C033 11 05 00     	ld de,$0005                                             ; Nota descendente / 5 unid. decrease.
 158+ C036 21 5E 01     	ld hl,$015e                                             ; Note init. value.
 159+ C039
 160+ C039 22 78 94     	ld (Sound),hl
 161+ C03C CD D9 9E         call Sound_Generator 		                            ; Tras la primera nota descendente (HL) se sitúa_
 162+ C03F              ;                                                           ; _ en la primera nota de la melodía. (HL)=$00fa
 163+ C03F
 164+ C03F              Note_2:
 165+ C03F
 166+ C03F 0E 14            ld c,$14                                                ; Duración de la nueva nota, 20 ondas.
 167+ C041 1E 00            ld e,0                                                  ; No existe decremento. (sonido plano).
 168+ C043
 169+ C043 22 78 94         ld (Sound),hl
 170+ C046 CD D9 9E         call Sound_Generator                                    ; Ejecuta nota.
 171+ C049
 172+ C049              Note_3:
 173+ C049
 174+ C049 0E 24        	ld c,$24                                                ; Duración de la nueva nota.
 175+ C04B 2E A5        	ld l,$a5                                                ; (HL) = $00a5. Nota, (duración de un semiciclo).
 176+ C04D              ;                                                           ; (E) = $00, no existe decremento. (sonido plano).
 177+ C04D 22 78 94     	ld (Sound),hl
 178+ C050 CD D9 9E         call Sound_Generator 									; Ejecuta nota.
 179+ C053
 180+ C053              Pause_1:
 181+ C053
 182+ C053 01 00 40         ld bc,$4000
 183+ C056 CD EA 9A     	call DELAY 												; PAUSE. Pausa entre notas, las tres primeras se ejecutan ligadas.
 184+ C059
 185+ C059              Note_4:
 186+ C059
 187+ C059 0E 14        	ld c,$14                                                ; Duración de la nueva nota.
 188+ C05B 2E FA        	ld l,$fa                                                ; New note, (HL) = $00fa
 189+ C05D              ;                                                           ; (E) = $00, no existe decremento. (sonido plano).
 190+ C05D 22 78 94     	ld (Sound),hl
 191+ C060 CD D9 9E         call Sound_Generator 									; Ejecuta nota.
 192+ C063
 193+ C063              Note_5:
 194+ C063
 195+ C063 0E 21        	ld c,$21                                                ; Duración de la nueva nota.
 196+ C065 2E B7        	ld l,$b7                                                ; New note, (HL) = $00b7
 197+ C067              ;                                                           ; (E) = $00, no existe decremento. (sonido plano).
 198+ C067 22 78 94     	ld (Sound),hl
 199+ C06A CD D9 9E         call Sound_Generator 									; Ejecuta nota.
 200+ C06D
 201+ C06D              Pause_2:
 202+ C06D
 203+ C06D 01 00 40         ld bc,$4000
 204+ C070 CD EA 9A     	call DELAY 												; PAUSE.
 205+ C073
 206+ C073              Note_6:
 207+ C073
 208+ C073 0E 14            ld c,$14                                                ; Duración de la nueva nota.
 209+ C075 2E FA        	ld l,$fa                                                ; New note, (HL) = $00fa
 210+ C077              ;                                                           ; (E) = $00, no existe decremento. (sonido plano).
 211+ C077 22 78 94     	ld (Sound),hl
 212+ C07A CD D9 9E         call Sound_Generator 			                        ; PLAY NOTE.
 213+ C07D
 214+ C07D              Note_7:
 215+ C07D
 216+ C07D 0E 24        	ld c,$24                                                ; Duración de la nueva nota.
 217+ C07F 2E CD        	ld l,$cd                                                ; New note, (HL) = $00cd
 218+ C081              ;                                                           ; (E) = $00, no existe decremento. (sonido plano).
 219+ C081 22 78 94     	ld (Sound),hl
 220+ C084 CD D9 9E         call Sound_Generator 									; PLAY NOTE.
 221+ C087
 222+ C087              Nota_8:
 223+ C087
 224+ C087 0E 2D            ld c,$2d                                                ; Duración de la nueva nota.
 225+ C089 11 01 01         ld de,$0101                                             ; Nota ascendente / 1 unid. increase..
 226+ C08C              ;                                                           ; (HL) sigue siendo $00cd, (subirá hasta la siguiente nota).
 227+ C08C 22 78 94         ld (Sound),hl
 228+ C08F CD D9 9E         call Sound_Generator                                    ; Down to Note_9: / PLAY NOTE.
 229+ C092
 230+ C092              Pause_3:
 231+ C092
 232+ C092 01 00 10         ld bc,$1000
 233+ C095 CD EA 9A     	call DELAY 												; PAUSE.
 234+ C098
 235+ C098              Note_9:
 236+ C098
 237+ C098 15               dec d
 238+ C099 1D               dec e                                                   ; Prepara Nota descendente / "0" decrease. Sonido plano.
 239+ C09A              ;                                                           ; (HL) ha subido hasta $00fa.
 240+ C09A 0E 16            ld c,$16                                                ; Duración, 22 ondas de sonido.
 241+ C09C
 242+ C09C 22 78 94     	ld (Sound),hl
 243+ C09F CD D9 9E         call Sound_Generator 									; PLAY NOTE.
 244+ C0A2
 245+ C0A2              Note_10:
 246+ C0A2
 247+ C0A2 0E 21        	ld c,$21
 248+ C0A4 2E CD        	ld l,$cd
 249+ C0A6
 250+ C0A6 22 78 94     	ld (Sound),hl
 251+ C0A9 CD D9 9E         call Sound_Generator
 252+ C0AC
 253+ C0AC              Pause_4:
 254+ C0AC
 255+ C0AC 01 00 40         ld bc,$4000
 256+ C0AF CD EA 9A         call DELAY 												; PAUSE.
 257+ C0B2
 258+ C0B2              Note_11:
 259+ C0B2
 260+ C0B2 0E 21        	ld c,$21
 261+ C0B4 2E D4        	ld l,$d4
 262+ C0B6
 263+ C0B6 22 78 94     	ld (Sound),hl
 264+ C0B9 CD D9 9E         call Sound_Generator
 265+ C0BC
 266+ C0BC              Pause_5:
 267+ C0BC
 268+ C0BC 01 F0 5F         ld bc,$5ff0
 269+ C0BF CD EA 9A         call DELAY 												; PAUSE.
 270+ C0C2
 271+ C0C2              Note_12:
 272+ C0C2
 273+ C0C2 0E 23        	ld c,$23
 274+ C0C4 21 17 01     	ld hl,$0117
 275+ C0C7
 276+ C0C7 22 78 94     	ld (Sound),hl
 277+ C0CA CD D9 9E         call Sound_Generator 									; PLAY NOTE.
 278+ C0CD
 279+ C0CD              Note_13:
 280+ C0CD
 281+ C0CD 0E 14         	ld c,$14                                                ; Duración.
 282+ C0CF 1E 03            ld e,3                                                  ; (D)="0" / Decrease "3".
 283+ C0D1              ;                                                           ; (HL) down to $00db, (Note).
 284+ C0D1 22 78 94     	ld (Sound),hl
 285+ C0D4 CD D9 9E         call Sound_Generator 	                                ; PLAY NOTE.
 286+ C0D7
 287+ C0D7              Note_14:
 288+ C0D7
 289+ C0D7 0E 10            ld c,$10
 290+ C0D9 11 02 01         ld de,$0102                                             ; (D)="1" / Increase "2"
 291+ C0DC              ;                                                           ; (HL) up to $00fb
 292+ C0DC 22 78 94         ld (Sound),hl
 293+ C0DF CD D9 9E         call Sound_Generator                                    ; PLAY NOTE.
 294+ C0E2
 295+ C0E2
 296+ C0E2              Note_15:
 297+ C0E2
 298+ C0E2 2D               dec l                                                   ; Note: $00fa.
 299+ C0E3
 300+ C0E3 1D               dec e
 301+ C0E4 1D               dec e                                                   ; Clear increase.
 302+ C0E5
 303+ C0E5 0E 40            ld c,$40                                                ; Duration.
 304+ C0E7
 305+ C0E7 22 78 94         ld (Sound),hl
 306+ C0EA CD D9 9E         call Sound_Generator                                    ; PLAY NOTE.
 307+ C0ED
 308+ C0ED E1               pop hl
 309+ C0EE D1               pop de
 310+ C0EF C1               pop bc
 311+ C0F0 F1               pop af                                                  ; Restore regs.
 312+ C0F1
 313+ C0F1 C9               ret
 314+ C0F2
 315+ C0F2              ; ----------------------------------------------------------------------------------------------
 316+ C0F2              ;
 317+ C0F2              ;   17/9/26
 318+ C0F2              ;
 319+ C0F2              ;   Emite un BEEP utilizando el núcleo de audio [Sound_Generator].
 320+ C0F2              ;
 321+ C0F2              ;   NO MODIFICA NINGÚN REGISTRO.
 322+ C0F2
 323+ C0F2              BEEP:
 324+ C0F2
 325+ C0F2 F5               push af
 326+ C0F3 C5               push bc
 327+ C0F4 D5               push de
 328+ C0F5 E5               push hl                                 ; STORE Regs.
 329+ C0F6
 330+ C0F6              ;   Parámetros de entrada para ejecutar [Sound_Generator].
 331+ C0F6
 332+ C0F6              ;   Configuración de un BEEP.
 333+ C0F6
 334+ C0F6              ;   INPUTS: C contiene el nº de veces que vamos a generar la onda del sonido.
 335+ C0F6              ;           D Indica si el sonido es ascendente, "1" o descendente, "0".
 336+ C0F6              ;           E Indica el nº de incrementos/decrementos que sumeremos/restaremos al delay inicial.
 337+ C0F6              ;           B = "1". Indica que vamos a generar un efecto de ruido, (pseudo RND).
 338+ C0F6              ;        (HL) = Contiene el sonido, (duración del semiciclo), NOTA.
 339+ C0F6
 340+ C0F6
 341+ C0F6 01 02 00         ld bc,$0002
 342+ C0F9 11 00 00         ld de,0
 343+ C0FC 21 D0 00         ld hl,$00d0
 344+ C0FF
 345+ C0FF 22 78 94         ld (Sound),hl
 346+ C102
 347+ C102 CD D9 9E         call Sound_Generator
 348+ C105
 349+ C105 21 00 00         ld hl,0
 350+ C108 22 78 94         ld (Sound),hl
 351+ C10B
 352+ C10B E1               pop hl                                  ; RECOVERY Regs.
 353+ C10C D1               pop de
 354+ C10D C1               pop bc
 355+ C10E F1               pop af
 356+ C10F
 357+ C10F C9               ret
 358+ C110
 359+ C110              ; ----- ----- ----- ----- -----
 360+ C110              ;
 361+ C110              ;   23/9/26
 362+ C110              ;
 363+ C110              ;   El efecto del disparo de Amadeus es de tipo descendente.
 364+ C110              ;
 365+ C110              ;   HL define el sonido.
 366+ C110              ;
 367+ C110              ;   Valor inicial $1601. $16, (H) es el n° de ondas completas que mide el efecto, (duración).
 368+ C110              ;                        $01, (L) es la nota inicial del efecto, (longitud de cada semiciclo).
 369+ C110              ;
 370+ C110              ;   El efecto del disparo no activa el inhibidor de efectos de sonido, (Bit_0 Ctrl_6) pues el efecto de las explosiones y el del_
 371+ C110              ;   _ escudo tienen prioridad sobre este efecto.
 372+ C110              ;
 373+ C110              ;   La rutina no se ejecuta si se está reproduciendo una explosión o un efecto SHIELD.
 374+ C110              ;
 375+ C110              ;   INPUTS: (Shot_sound) <> "0".
 376+ C110              ;
 377+ C110              ;   MODIFY: AF, HL y BC.
 378+ C110              ;
 379+ C110              ;   OUTPUT: (Shot_sound) actualizado.
 380+ C110
 381+ C110              Play_shot_sound_effect:
 382+ C110
 383+ C110              ;   Exclusiones:
 384+ C110
 385+ C110 2A 7D 94         ld hl,(Shot_sound)
 386+ C113 7C               ld a,h
 387+ C114 B5               or l
 388+ C115 C8               ret z                   ; RET si no se ha producido disparo.
 389+ C116
 390+ C116 3A 4F 94         ld a,(Ctrl_6)
 391+ C119 CB 47            bit 0,a
 392+ C11B C0               ret nz                  ; RET si el inhibidor de sonido está activo, (se está ejecutando una explosión).
 393+ C11C
 394+ C11C 0E 02            ld c,2                  ; Nº de ondas de sonido que vamos a ejecutar por FRAME.
 395+ C11E
 396+ C11E              Loop_1:
 397+ C11E
 398+ C11E 3E 10            ld a,%00010000          ; Borde negro.
 399+ C120 D3 FE            out ($fe),a             ; Semiciclo POSITIVO de la onda, BEEPER ON.
 400+ C122
 401+ C122 45               ld b,l
 402+ C123
 403+ C123 10 FE        Delay_3 djnz Delay_3
 404+ C125
 405+ C125 AF               xor a                   ; Borde negro.
 406+ C126 D3 FE            out ($fe),a             ; Semiciclo NEGATIVO de la onda, BEEPER OFF.
 407+ C128
 408+ C128 45               ld b,l
 409+ C129
 410+ C129 10 FE        Delay_4 djnz Delay_4
 411+ C12B
 412+ C12B              ; Hemos generado una onda sonora. La siguiente onda generará un sonido más grave, para ello incrementamos el Delay de la señal.
 413+ C12B
 414+ C12B 2C               inc l
 415+ C12C 2C               inc l
 416+ C12D 2C               inc l
 417+ C12E 2C               inc l
 418+ C12F
 419+ C12F 25               dec h
 420+ C130
 421+ C130 CC 3A C1         call z,Clean_shot_effect
 422+ C133
 423+ C133 0D               dec c
 424+ C134
 425+ C134 20 E8            jr nz,Loop_1
 426+ C136
 427+ C136 22 7D 94         ld (Shot_sound),hl
 428+ C139
 429+ C139 C9               ret
 430+ C13A
 431+ C13A              Clean_shot_effect:
 432+ C13A
 433+ C13A 21 00 00         ld hl,0
 434+ C13D 0E 01            ld c,1
 435+ C13F
 436+ C13F C9               ret
 437+ C140
 438+ C140              ;   -------------------------------------------------------------------------------------------
 439+ C140              ;
 440+ C140              ;   23/9/26
 441+ C140              ;
 442+ C140              ;   Ejecuta el sonido de una explosión siempre que (Burst_sound) se haya iniciado y no haya otra en curso, (Bit_0 Ctrl_6).
 443+ C140              ;
 444+ C140              ;   Las explosiones de las entidades y Amadeus se generan con el módulo [Noise_efect] de la herramienta_
 445+ C140              ;   _ [Sound_Generator].
 446+ C140              ;
 447+ C140              ;   La duración de la explosión está definido por el valor de (H), no es relevante el valor que contenga (L):
 448+ C140              ;
 449+ C140              ;   Burst_sound_init_value equ $35                ;   Longitud de la explosión de las entidades, (duración).
 450+ C140              ;   Amadeus_Burst_sound_init_value equ $75        ;   Longitud de la explosión de Amadeus, (duración).
 451+ C140              ;
 452+ C140              ;   INPUTS: (Burst_sound) iniciado, <> "0".
 453+ C140              ;
 454+ C140              ;   MODIFY: AF',AF, HL, DE y BC.
 455+ C140              ;
 456+ C140              ;   OUTPUT: Actualiza (Burst_sound).
 457+ C140
 458+ C140              Play_burst_sound_effect:
 459+ C140
 460+ C140              ;   Exclusiones:
 461+ C140
 462+ C140 3A 7F 94         ld a,(Burst_sound)
 463+ C143 A7               and a
 464+ C144 C8               ret z                   ; RET si (Burst_sound) no está iniciado, (no hay explosión).
 465+ C145
 466+ C145 08               ex af,af
 467+ C146
 468+ C146 3A 4F 94         ld a,(Ctrl_6)
 469+ C149 CB 47            bit 0,a
 470+ C14B C0               ret nz                  ; RET si está activo el bit "Inhibidor de efectos de sonido". (Explosión anterior en curso).
 471+ C14C
 472+ C14C              ;   ----------------------
 473+ C14C
 474+ C14C CB C7            set 0,a
 475+ C14E 32 4F 94         ld (Ctrl_6),a           ; Activa el inhibidor de sounds effects.
 476+ C151
 477+ C151 08               ex af,af                ; Restore (Burst_sound).
 478+ C152
 479+ C152 67               ld h,a
 480+ C153 2E 00            ld l,0                  ; (HL) contiene (Burst_sound).
 481+ C155
 482+ C155 E5               push hl                 ; Cantidad de explosión que queda por ejecutar.
 483+ C156
 484+ C156 22 78 94         ld (Sound),hl           ; Cargamos el sonido de la explosión en (Sound) y definimos el nº de ondas a reproducir.
 485+ C159 0E 03            ld c,3
 486+ C15B CD 12 9F         call Noise_efect
 487+ C15E
 488+ C15E D1               pop de                  ; Hemos de averiguar que la explosión no tiene valor negativo. Evitamos que entre en un bucle infinito de ejecución.
 489+ C15F
 490+ C15F 7A               ld a,d                  ; Así podemos ejecutar una explosión con la duración que queramos.
 491+ C160 94               sub h
 492+ C161
 493+ C161 38 05            jr c,Clean_burst_efect  ; Burst end, (Clean_burst_efect).
 494+ C163
 495+ C163 7C               ld a,h
 496+ C164 32 7F 94         ld (Burst_sound),a
 497+ C167
 498+ C167 C9               ret
 499+ C168
 500+ C168              Clean_burst_efect:
 501+ C168
 502+ C168 AF               xor a
 503+ C169 32 7F 94         ld (Burst_sound),a
 504+ C16C
 505+ C16C 3A 4F 94         ld a,(Ctrl_6)
 506+ C16F CB 87            res 0,a
 507+ C171 32 4F 94         ld (Ctrl_6),a
 508+ C174
 509+ C174 C9               ret
 510+ C175
 511+ C175              ;   -------------------------------------------------------------------------------------------
 512+ C175              ;
 513+ C175              ;   23/9/26
 514+ C175              ;
 515+ C175              ;   Shield_sound_effect es el efecto de sonido (in game time) con más prioridad de los tres, los otros dos efectos son: Burst_sound_efect y _
 516+ C175              ;   _ Shield_sound_effect.
 517+ C175              ;
 518+ C175              ;   La rutina se ejecuta siempre que (Shield_sound) se haya iniciado, (su valor no sea "0"). Ignora el inhibidor de efectos de sonido debido _
 519+ C175              ;   _a que el efecto se reproduce completamente cada vez que se ejecuta la rutina.
 520+ C175              ;
 521+ C175              ;   El efecto es una especie de BEEP corto. Su duración es de dos ondas completas y la duración del semiciclo está contenida en 1 byte.
 522+ C175              ;
 523+ C175              ;   INPUT: (Shield_sound) contiene (Shield_sound_init_value), ($c0).
 524+ C175              ;
 525+ C175              ;   MODIFY: AF'y BC.
 526+ C175
 527+ C175              Play_Shield_sound_effect:
 528+ C175
 529+ C175 3A 80 94         ld a,(Shield_sound)
 530+ C178 A7               and a
 531+ C179 C8               ret z                   ; RET si no se ha iniciado SHIELD.
 532+ C17A
 533+ C17A 0E 02            ld c,2                  ; 2 ondas completas per frame.
 534+ C17C
 535+ C17C              Loop_3:
 536+ C17C
 537+ C17C 08               ex af,af
 538+ C17D
 539+ C17D 3E 10            ld a,%00010000          ; Black BORDER.
 540+ C17F D3 FE            out ($fe),a             ; Beeper ON.
 541+ C181
 542+ C181 08               ex af,af
 543+ C182
 544+ C182 47               ld b,a
 545+ C183
 546+ C183 10 FE        Delay_7 djnz Delay_7
 547+ C185
 548+ C185 08               ex af,af
 549+ C186
 550+ C186 AF               xor a                   ; Black BORDER.
 551+ C187 D3 FE            out ($fe),a             ; Semiciclo NEGATIVO de la onda, BEEPER OFF.
 552+ C189
 553+ C189 08               ex af,af
 554+ C18A
 555+ C18A 47               ld b,a
 556+ C18B
 557+ C18B 10 FE        Delay_8 djnz Delay_8
 558+ C18D
 559+ C18D 0D               dec c
 560+ C18E
 561+ C18E 20 EC            jr nz,Loop_3
 562+ C190
 563+ C190 AF               xor a
 564+ C191 32 80 94         ld (Shield_sound),a
 565+ C194
 566+ C194 C9               ret
 567+ C195
 568+ C195              ; ---------------------------------------------------------------
 569+ C195              ;
 570+ C195              ;   18/9/26
 571+ C195              ;
 572+ C195              ;   Inicializa la variable (Burst_sound) con el valor de la longitud de la onda que genera la explosión a ejecutar:
 573+ C195              ;
 574+ C195              ;   Burst_sound_init_value equ $35                   - Longitud de la explosión de las entidades, (duración).
 575+ C195              ;   Amadeus_Burst_sound_init_value equ $70           - Longitud de la explosión de Amadeus, (duración).
 576+ C195              ;
 577+ C195              ;   MODIFY: A y H.
 578+ C195              ;
 579+ C195              ;   OUTPUT: (Burst_sound) y H contienen la duración del semiciclo de la onda que ha de generar la explosión.
 580+ C195
 581+ C195
 582+ C195              Init_Burst_sound:
 583+ C195
 584+ C195 3A 7F 94         ld a,(Burst_sound)
 585+ C198 A7               and a
 586+ C199 C0               ret nz                                           ; RET si ya está iniciado el efecto.
 587+ C19A
 588+ C19A              ;   Init Burst_sound_efect.
 589+ C19A
 590+ C19A              ;   La explosión de Amadeus ha de ser más larga que la de las entidades.
 591+ C19A
 592+ C19A 26 35            ld h,Burst_sound_init_value
 593+ C19C
 594+ C19C 3A CF 90         ld a,(Impacto_Amadeus)
 595+ C19F A7               and a
 596+ C1A0 28 02            jr z,1F
 597+ C1A2
 598+ C1A2 26 75            ld h,Amadeus_Burst_sound_init_value
 599+ C1A4
 600+ C1A4 7C           1 ld a,h
 601+ C1A5
 602+ C1A5 32 7F 94         ld (Burst_sound),a
 603+ C1A8
 604+ C1A8 C9               ret
 605+ C1A9
 606+ C1A9
# file closed: Sound.asm
3127  C1A9              	include "Print_text_msg.asm"
# file opened: Print_text_msg.asm
   1+ C1A9              ; ----------------------------------------------------------
   2+ C1A9              ;
   3+ C1A9              ;   16/6/26
   4+ C1A9              ;
   5+ C1A9
   6+ C1A9              Print_new_best_score:
   7+ C1A9
   8+ C1A9 CD A3 AC     	call Cartel_Best_Score                      ; Imprime el Cartel "Best Score" en la esquina inferior izquierda de la pantalla_
   9+ C1AC              ;                                               ; _del menú principal.
  10+ C1AC
  11+ C1AC              ;   Print msg.
  12+ C1AC
  13+ C1AC 11 C1 50         ld de,Line_22+1
  14+ C1AF
  15+ C1AF 3E 47            ld a,%01000111
  16+ C1B1 06 00            ld b,0
  17+ C1B3 21 B5 94         ld hl,Nombre_del_campeon
  18+ C1B6 CD 86 9E         call Print_text_msg
  19+ C1B9
  20+ C1B9 1C               inc e
  21+ C1BA 1C               inc e
  22+ C1BB
  23+ C1BB 3E 47            ld a,%01000111
  24+ C1BD 06 00            ld b,0
  25+ C1BF 21 C3 95         ld hl,a10
  26+ C1C2 CD 86 9E         call Print_text_msg
  27+ C1C5
  28+ C1C5 1C               inc e
  29+ C1C6 1C               inc e
  30+ C1C7
  31+ C1C7 3E C5            ld a,%11000101
  32+ C1C9 06 00            ld b,0
  33+ C1CB 21 AF 94         ld hl,Score_max_msg
  34+ C1CE CD 86 9E         call Print_text_msg
  35+ C1D1
  36+ C1D1 C9           	ret
  37+ C1D2
  38+ C1D2              ; ----------------------------------------------------------
  39+ C1D2              ;
  40+ C1D2              ;   20/5/26
  41+ C1D2              ;
  42+ C1D2
  43+ C1D2              Print_New_Record:
  44+ C1D2
  45+ C1D2 CD F6 C1         call Mide_msg
  46+ C1D5
  47+ C1D5              ;   Centramos el msg. en función del nº de dígitos.
  48+ C1D5
  49+ C1D5 11 8E 48         ld de,Line_12 + 14
  50+ C1D8 CD E6 C1         call Centra_New_Record_msg
  51+ C1DB
  52+ C1DB              ;   Print msg.
  53+ C1DB
  54+ C1DB 3E 47            ld a,%01000111
  55+ C1DD 06 00            ld b,0
  56+ C1DF 21 AF 94         ld hl,Score_max_msg
  57+ C1E2 CD 86 9E         call Print_text_msg
  58+ C1E5
  59+ C1E5 C9               ret
  60+ C1E6
  61+ C1E6              ; ----------------------------------------------------------
  62+ C1E6              ;
  63+ C1E6              ;   20/5/26
  64+ C1E6              ;
  65+ C1E6              ;   INPUTS: C contiene el nº de dígitos que tiene el msg a centrar.
  66+ C1E6              ;           E nº de columna, (dirección de pantalla).
  67+ C1E6
  68+ C1E6
  69+ C1E6              Centra_New_Record_msg:
  70+ C1E6
  71+ C1E6 3E 05            ld a,5
  72+ C1E8 B9               cp c
  73+ C1E9 C8               ret z
  74+ C1EA
  75+ C1EA 3D               dec a
  76+ C1EB
  77+ C1EB B9               cp c
  78+ C1EC C8               ret z
  79+ C1ED
  80+ C1ED 1C               inc e
  81+ C1EE
  82+ C1EE 3D               dec a
  83+ C1EF B9               cp c
  84+ C1F0 C8               ret z
  85+ C1F1
  86+ C1F1 3D               dec a
  87+ C1F2 B9               cp c
  88+ C1F3 C8               ret z
  89+ C1F4
  90+ C1F4 1C               inc e
  91+ C1F5
  92+ C1F5 C9               ret
  93+ C1F6
  94+ C1F6              ; ----------------------------------------------------------
  95+ C1F6              ;
  96+ C1F6              ;   21/05/26
  97+ C1F6              ;
  98+ C1F6              ;   MODIFY: A,C y HL
  99+ C1F6              ;   OUTPUT: C contiene el nº de dígitos, (chars) que tiene el msg. de la máx. puntuación.
 100+ C1F6
 101+ C1F6              Mide_msg:
 102+ C1F6
 103+ C1F6 21 AE 94         ld hl,Score_max_msg-1
 104+ C1F9 0E FF            ld c,$ff
 105+ C1FB
 106+ C1FB 23           1 inc hl
 107+ C1FC 0C               inc c
 108+ C1FD
 109+ C1FD 7E               ld a,(hl)
 110+ C1FE A7               and a
 111+ C1FF 20 FA            jr nz,1B
 112+ C201
 113+ C201 C9               ret
 114+ C202
 115+ C202              ; ----------------------------------------------------------
 116+ C202              ;
 117+ C202              ;   13/5/26
 118+ C202              ;
 119+ C202
 120+ C202              New_best_msg:
 121+ C202
 122+ C202 21 9A 95         ld hl,a8                                                ; "New Best Score!.".
 123+ C205 11 29 48         ld de,Line_9 + 9
 124+ C208 3E 45            ld a,%01000101                                          ; attrs. black paper, cyan ink.
 125+ C20A 06 00            ld b,0
 126+ C20C CD 86 9E         call Print_text_msg
 127+ C20F
 128+ C20F CD 41 C2         call Make_Score_max_msg                                 ; Construye un mensaje de texto con la puntuación máx. obtenida.
 129+ C212
 130+ C212 CD D2 C1         call Print_New_Record
 131+ C215
 132+ C215 21 AA 95         ld hl,a9                                                ; "Enter your name".
 133+ C218 11 04 50         ld de,Line_16 + 4
 134+ C21B 3E 46            ld a,%01000110                                          ; attrs. black paper, yellow ink.
 135+ C21D 06 00            ld b,0
 136+ C21F CD 86 9E         call Print_text_msg
 137+ C222
 138+ C222              ;   Attrs. en la zona del nombre.
 139+ C222
 140+ C222 21 8E 50         ld hl,Line_20 + 14
 141+ C225
 142+ C225              Flash:
 143+ C225
 144+ C225 26 5A            ld h,$5a                                                ; Siempre FLASH en el 3er tercio de pantalla.
 145+ C227
 146+ C227 3E C7            ld a,%11000111                                          ; FLASH, (next to char. printed).
 147+ C229 77               ld (hl),a
 148+ C22A
 149+ C22A 3A 4F 94         ld a,(Ctrl_6)
 150+ C22D CB 67            bit 4,a                                                 ; FLAG. Indica DELETE a subrutina FLASH.
 151+ C22F C8               ret z
 152+ C230
 153+ C230 CB A7            res 4,a
 154+ C232 32 4F 94         ld (Ctrl_6),a
 155+ C235
 156+ C235 AF               xor a
 157+ C236 77               ld (hl),a
 158+ C237
 159+ C237 1B               dec de
 160+ C238 12               ld (de),a
 161+ C239 ED 53 BB 94      ld (Puntero_del_nombre_del_campeon),de                  ; Actualizamos puntero.
 162+ C23D
 163+ C23D 0C               inc c
 164+ C23E
 165+ C23E 2D               dec l
 166+ C23F 18 E4            jr Flash
 167+ C241
 168+ C241              ; ------------------------------------------------------------------------
 169+ C241              ;
 170+ C241              ;	15/5/26
 171+ C241              ;
 172+ C241              ;	Construye un mensaje de texto con la puntuación obtenida, (Score_hex_max). Este es el nuevo máximo.
 173+ C241
 174+ C241
 175+ C241              Make_Score_max_msg:
 176+ C241
 177+ C241              ;   Non_authorized_KEY_CODES db $18,$23,$24,$1c,$14,$0c,$04,$03,$0b,$13,$1b
 178+ C241
 179+ C241              ;   Necesito fabricar un msg. con la máxima puntuación.
 180+ C241              ;   Para ello necesitamos el ASCII CODE de cada dígito del marcador SCORE.
 181+ C241
 182+ C241 01 00 05         ld bc,$0500                              ; El marcador SCORE consta de 5 dígitos decimales.
 183+ C244 21 A0 94         ld hl,Score_BCD_decenas_de_millar        ; Para evitar imprimir "0", crearemos el mensaje de izquierda a derecha.
 184+ C247              ;                                            ; Inicialmente (Score_BCD_decenas_de_millar).
 185+ C247 11 AF 94         ld de,Score_max_msg
 186+ C24A
 187+ C24A              KEY_CODE_de_BCD:
 188+ C24A
 189+ C24A 7E           1 ld a,(hl)
 190+ C24B A7               and a
 191+ C24C 20 07            jr nz,3F
 192+ C24E
 193+ C24E              ;   El dígito es "0".
 194+ C24E
 195+ C24E 0C               inc c
 196+ C24F 0D               dec c
 197+ C250 20 03            jr nz,3F
 198+ C252
 199+ C252 1B               dec de                                   ; No queremos "0"´s delante de la cantidad.
 200+ C253 18 11            jr Next_digit                            ; Aún no hemos impreso ningún dígito de mayor peso.
 201+ C255
 202+ C255 D5           3 push de                                    ; PUSH Score_max_msg.
 203+ C256
 204+ C256 11 C0 94         ld de,Non_authorized_KEY_CODES+2         ; KEY_CODE numbers list.
 205+ C259
 206+ C259 A7               and a
 207+ C25A 28 04            jr z,4F
 208+ C25C
 209+ C25C 13           2 inc de
 210+ C25D 3D               dec a
 211+ C25E 20 FC            jr nz,2B                                 ; Nos situamos en el KEY_CODE correspondiente a este dígito.
 212+ C260
 213+ C260 1A           4 ld a,(de)                                  ; KEY_CODE en A.
 214+ C261
 215+ C261 D1               pop de                                   ; Score_max_msg en DE.
 216+ C262
 217+ C262 CD 6B C2         call ASCII_CODE_de_KEYCODE
 218+ C265
 219+ C265 0C               inc c                                    ; Indica que a partir de ahora se imprimen todos los "0".
 220+ C266
 221+ C266              Next_digit:
 222+ C266
 223+ C266 13               inc de                                   ; Siguiente char del msg. que estamos creando.
 224+ C267 2B               dec hl                                   ; Siguiente díguito decimal a traducir, (centenas, decenas, ...).
 225+ C268
 226+ C268 10 E0            djnz 1B                                  ; Digit counter.
 227+ C26A
 228+ C26A C9            	ret
 229+ C26B
 230+ C26B              ; ---------------------------------------
 231+ C26B
 232+ C26B              ASCII_CODE_de_KEYCODE:
 233+ C26B
 234+ C26B              ;   A contiene el código ASCII.
 235+ C26B              ;   DE apunta al msg, (Score_max_msg).
 236+ C26B
 237+ C26B E5               push hl
 238+ C26C C5               push bc
 239+ C26D
 240+ C26D 4F               ld c,a
 241+ C26E 06 00            ld b,0
 242+ C270
 243+ C270 21 D0 94         ld hl,Tabla_de_conversion_KEYCODE_ASCII_CODE
 244+ C273 09               add hl,bc
 245+ C274
 246+ C274 7E               ld a,(hl)
 247+ C275 12               ld (de),a                                                 ; ASCII_code almacenado.
 248+ C276
 249+ C276 C1               pop bc
 250+ C277 E1               pop hl
 251+ C278
 252+ C278 C9               ret
 253+ C279
 254+ C279              ; ----------------------------------------------------------
 255+ C279              ;
 256+ C279              ;   25/3/26
 257+ C279              ;
 258+ C279
 259+ C279              Print_level_msg:
 260+ C279
 261+ C279 2A 8B 94         ld hl,(Puntero_de_mensajes_de_niveles)
 262+ C27C CD C2 9D         call Extrae_address
 263+ C27F
 264+ C27F              ;   HL apunta al 1er .db del mensaje de niveles, (centrado en pantalla del msg).
 265+ C27F
 266+ C27F 11 26 48         ld de,Fila_msg_de_nivel                                     ; Línea de impresión de los mensajes de nivel $4826.
 267+ C282
 268+ C282 46               ld b,(hl)
 269+ C283 48               ld c,b                                                      ; Columnas a incrementar el carro de impresión en B y C.
 270+ C284
 271+ C284 1C           1 inc e
 272+ C285 10 FD            djnz 1B                                                     ; DE contiene la dirección donde imprimiremos el 1er char.
 273+ C287
 274+ C287 23               inc hl                                                      ; HL apunta al 2º .db del mensaje de niveles, (nº de caracteres que tiene el msg).
 275+ C288
 276+ C288 46               ld b,(hl)
 277+ C289 ED 43 CE 94      ld (Desplazamiento_level_msg),bc                            ; Guarda el desplazamiento del carro, (para centrar el mensage) y el nº de chars.
 278+ C28D              ;                                                               ; Estos datos son necesarios para borrar el mensaje más adelante.
 279+ C28D              ;                                                               ; (B) contiene la longitud del msg.
 280+ C28D              ;                                                               ; (C) contiene el n° de columnas a sumar a $4826.
 281+ C28D 23               inc hl
 282+ C28E
 283+ C28E              ;   HL apunta al "msg" a imprimir. Asignamos attrs. y temporización.
 284+ C28E
 285+ C28E 3E 47            ld a,%01000111                                              ; attrs. Paper white, black ink.
 286+ C290              ;    ld b,150                                                   ; TEMPORIZADOR DE CARACTERES ON !!!
 287+ C290 06 01            ld b,1
 288+ C292
 289+ C292 CD 86 9E         call Print_text_msg
 290+ C295
 291+ C295 C9               ret
 292+ C296
 293+ C296              ; -------------------------------------------------------
 294+ C296              ;
 295+ C296              ;   27/03/26
 296+ C296
 297+ C296              Clear_level_msg:
 298+ C296
 299+ C296 21 26 48         ld hl,Fila_msg_de_nivel
 300+ C299
 301+ C299 3A CE 94         ld a,(Desplazamiento_level_msg)
 302+ C29C 47               ld b,a
 303+ C29D
 304+ C29D 2C           1 inc l
 305+ C29E 10 FD            djnz 1B
 306+ C2A0
 307+ C2A0 3A CF 94         ld a,(Counter_msg_char)
 308+ C2A3 3D               dec a
 309+ C2A4 47               ld b,a
 310+ C2A5
 311+ C2A5 2C           2 inc l
 312+ C2A6 10 FD            djnz 2B                                                     ; HL está situado en el último char. a borrar.
 313+ C2A8
 314+ C2A8 3C               inc a
 315+ C2A9
 316+ C2A9 47               ld b,a
 317+ C2AA
 318+ C2AA              ;   Estamos en el último char. del mensaje de nivel.
 319+ C2AA
 320+ C2AA 1E FE        5 ld e,%11111110                                              ; Utilizaremos esta máscara para ir borrando. Comenzamos con el último bit.
 321+ C2AC
 322+ C2AC C5               push bc                                                   ; PUSH nº de chars -1.
 323+ C2AD
 324+ C2AD 06 08            ld b,8                                                    ; 8 bits. 8 interacciones para borrar un byte.
 325+ C2AF C5           4 push bc
 326+ C2B0
 327+ C2B0 06 08            ld b,8
 328+ C2B2
 329+ C2B2 E5               push hl
 330+ C2B3
 331+ C2B3 7E           3 ld a,(hl)
 332+ C2B4 A3               and e
 333+ C2B5 77               ld (hl),a
 334+ C2B6 24               inc h
 335+ C2B7 10 FA            djnz 3B
 336+ C2B9
 337+ C2B9 01 00 06         ld bc,$0600                                               ; Velocidad del borrado del mensaje.
 338+ C2BC CD EA 9A         call DELAY
 339+ C2BF
 340+ C2BF E1               pop hl
 341+ C2C0
 342+ C2C0 CB 23            sla e
 343+ C2C2
 344+ C2C2 C1               pop bc
 345+ C2C3 10 EA            djnz 4B
 346+ C2C5
 347+ C2C5 2D               dec l
 348+ C2C6 C1               pop bc
 349+ C2C7 10 E1            djnz 5B
 350+ C2C9
 351+ C2C9 C9               ret
 352+ C2CA
 353+ C2CA              ; ----------------------------------------------------------
 354+ C2CA              ;
 355+ C2CA              ;   11/3/26
 356+ C2CA              ;
 357+ C2CA
 358+ C2CA              Define_menu:
 359+ C2CA
 360+ C2CA              ;   Borramos el menú principal.
 361+ C2CA
 362+ C2CA CD 16 C5         call Clean_main_menu
 363+ C2CD
 364+ C2CD              ;   Imprime DEFINE MENU:
 365+ C2CD
 366+ C2CD              ;   Title.
 367+ C2CD
 368+ C2CD 21 CF 95         ld hl,b0                                                ; "DEFINE CONTROLS KEYS:".
 369+ C2D0 11 09 48         ld de,Line_8 + 9
 370+ C2D3 3E 46            ld a,%01000110                                          ; attrs. Yellow ink.
 371+ C2D5 06 00            ld b,0
 372+ C2D7 CD 86 9E         call Print_text_msg
 373+ C2DA
 374+ C2DA              ;   LEFT. -----------------------------------------------------------------------------------------------------------------
 375+ C2DA
 376+ C2DA 21 DF 95         ld hl,b1                                                ; "LEFT".
 377+ C2DD 11 8C 48         ld de,Line_12 + 12
 378+ C2E0 3E C7            ld a,%11000111                                          ; attrs. Flash White.
 379+ C2E2 06 00            ld b,0
 380+ C2E4 CD 86 9E         call Print_text_msg
 381+ C2E7
 382+ C2E7              ;   Retardo antes de leer el teclado. Evita que la rutina de escaneo recoga la tecla "D".
 383+ C2E7
 384+ C2E7 01 FF FF         ld bc,$ffff
 385+ C2EA CD EA 9A         call DELAY
 386+ C2ED
 387+ C2ED D5               push de                                                 ; Guardo la posición del carro de impresión.
 388+ C2EE
 389+ C2EE 21 0F 96         ld hl,Move_LEFT
 390+ C2F1 11 13 96         ld de,Move_LEFT_ASCII_CODE
 391+ C2F4 CD E4 C3         call Define_key                                         ; Almacena Key_code y ASCII_code en sus respectivas variables.
 392+ C2F7
 393+ C2F7 21 0E 96         ld hl,No_repeat_key_code
 394+ C2FA 34               inc (hl)
 395+ C2FB
 396+ C2FB 21 8C 48         ld hl,Line_12+12
 397+ C2FE 06 04            ld b,4
 398+ C300 CD 45 C4         call Modifica_atributos                                 ; Cambia atributos de la función a definir, NO FLASH.
 399+ C303
 400+ C303              ; Imprime tecla pulsada, (LEFT).
 401+ C303
 402+ C303 21 13 96         ld hl,Move_LEFT_ASCII_CODE
 403+ C306 D1               pop de                                                  ; Recupera posición del carro de impresión.
 404+ C307
 405+ C307 1C               inc e
 406+ C308 1C               inc e
 407+ C309 1C               inc e
 408+ C30A 1C               inc e
 409+ C30B
 410+ C30B 3E 68            ld a,%01101000
 411+ C30D 06 00            ld b,0
 412+ C30F CD 86 9E         call Print_text_msg
 413+ C312
 414+ C312              ;   RIGHT. -----------------------------------------------------------------------------------------------------------------
 415+ C312
 416+ C312 21 E4 95         ld hl,b2                                                ; "RIGHT".
 417+ C315 11 CC 48         ld de,Line_14 + 12
 418+ C318 3E C7            ld a,%11000111                                          ; attrs. Flash White.
 419+ C31A 06 00            ld b,0
 420+ C31C CD 86 9E         call Print_text_msg
 421+ C31F
 422+ C31F              ;   Retardo antes de leer el teclado. Evita que la rutina de escaneo recoga (Move LEFT).
 423+ C31F
 424+ C31F 01 FF FF         ld bc,$ffff
 425+ C322 CD EA 9A         call DELAY
 426+ C325
 427+ C325 D5               push de                                                 ; Guardo la posición del carro de impresión.
 428+ C326
 429+ C326 21 10 96         ld hl,Move_RIGHT
 430+ C329 11 19 96         ld de,Move_RIGHT_ASCII_CODE
 431+ C32C CD E4 C3         call Define_key                                         ; Almacena Key_code y ASCII_codeen sus respectivas variables.
 432+ C32F
 433+ C32F 21 0E 96         ld hl,No_repeat_key_code
 434+ C332 34               inc (hl)
 435+ C333
 436+ C333 21 CC 48         ld hl,Line_14+12
 437+ C336 06 05            ld b,5
 438+ C338 CD 45 C4         call Modifica_atributos                                 ; Cambia atributos de la función a definir, NO FLASH.
 439+ C33B
 440+ C33B              ; Imprime tecla pulsada, (RIGHT).
 441+ C33B
 442+ C33B 21 19 96         ld hl,Move_RIGHT_ASCII_CODE
 443+ C33E D1               pop de                                                  ; Recupera posición del carro de impresión.
 444+ C33F
 445+ C33F 1C               inc e
 446+ C340 1C               inc e
 447+ C341 1C               inc e
 448+ C342
 449+ C342 3E 68            ld a,%01101000
 450+ C344 06 00            ld b,0
 451+ C346 CD 86 9E         call Print_text_msg
 452+ C349
 453+ C349              ;   FIRE. -----------------------------------------------------------------------------------------------------------------
 454+ C349
 455+ C349 21 EA 95         ld hl,b3                                                ; "FIRE".
 456+ C34C 11 0C 50         ld de,Line_16 + 12
 457+ C34F 3E C7            ld a,%11000111                                          ; attrs. Flash White.
 458+ C351 06 00            ld b,0
 459+ C353 CD 86 9E         call Print_text_msg
 460+ C356
 461+ C356              ;   Retardo antes de leer el teclado. Evita que la rutina de escaneo recoga (Move_RIGHT).
 462+ C356
 463+ C356 01 FF FF         ld bc,$ffff
 464+ C359 CD EA 9A         call DELAY
 465+ C35C
 466+ C35C D5               push de                                                 ; Guardo la posición del carro de impresión.
 467+ C35D
 468+ C35D 21 11 96         ld hl,Move_FIRE
 469+ C360 11 1F 96         ld de,Move_FIRE_ASCII_CODE
 470+ C363 CD E4 C3         call Define_key                                         ; Almacena Key_code y ASCII_codeen sus respectivas variables.
 471+ C366
 472+ C366 21 0E 96         ld hl,No_repeat_key_code
 473+ C369 34               inc (hl)
 474+ C36A
 475+ C36A 21 0C 50         ld hl,Line_16+12
 476+ C36D 06 04            ld b,4
 477+ C36F CD 45 C4         call Modifica_atributos                                 ; Cambia atributos de la función a definir, NO FLASH.
 478+ C372
 479+ C372              ; Imprime tecla pulsada, (FIRE).
 480+ C372
 481+ C372 21 1F 96         ld hl,Move_FIRE_ASCII_CODE
 482+ C375 D1               pop de                                                  ; Recupera posición del carro de impresión.
 483+ C376
 484+ C376 1C               inc e
 485+ C377 1C               inc e
 486+ C378 1C               inc e
 487+ C379 1C               inc e
 488+ C37A
 489+ C37A 3E 68            ld a,%01101000
 490+ C37C 06 00            ld b,0
 491+ C37E CD 86 9E         call Print_text_msg
 492+ C381
 493+ C381              ;   SHIELD. -----------------------------------------------------------------------------------------------------------------
 494+ C381
 495+ C381 21 EF 95         ld hl,b4                                                ; "SHIELD".
 496+ C384 11 4C 50         ld de,Line_18 + 12
 497+ C387 3E C7            ld a,%11000111                                          ; attrs. Flash White.
 498+ C389 06 00            ld b,0
 499+ C38B CD 86 9E         call Print_text_msg
 500+ C38E
 501+ C38E              ;   Retardo antes de leer el teclado. Evita que la rutina de escaneo recoga (Move_FIRE).
 502+ C38E
 503+ C38E 01 FF FF         ld bc,$ffff
 504+ C391 CD EA 9A         call DELAY
 505+ C394
 506+ C394 D5               push de                                                 ; Guardo la posición del carro de impresión.
 507+ C395
 508+ C395 21 12 96         ld hl,Move_SHIELD
 509+ C398 11 25 96         ld de,Move_SHIELD_ASCII_CODE
 510+ C39B CD E4 C3         call Define_key                                         ; Almacena Key_code y ASCII_codeen sus respectivas variables.
 511+ C39E
 512+ C39E 21 4C 50         ld hl,Line_18+12
 513+ C3A1 06 06            ld b,6
 514+ C3A3 CD 45 C4         call Modifica_atributos                                 ; Cambia atributos de la función a definir, NO FLASH.
 515+ C3A6
 516+ C3A6              ; Imprime tecla pulsada, (FIRE).
 517+ C3A6
 518+ C3A6 21 25 96         ld hl,Move_SHIELD_ASCII_CODE
 519+ C3A9 D1               pop de                                                  ; Recupera posición del carro de impresión.
 520+ C3AA
 521+ C3AA 1C               inc e
 522+ C3AB 1C               inc e
 523+ C3AC
 524+ C3AC 3E 68            ld a,%01101000
 525+ C3AE 06 00            ld b,0
 526+ C3B0 CD 86 9E         call Print_text_msg
 527+ C3B3
 528+ C3B3              ; Teclas definidas.
 529+ C3B3
 530+ C3B3 01 FF FF         ld bc,$ffff
 531+ C3B6 CD EA 9A         call DELAY
 532+ C3B9 01 FF FF         ld bc,$ffff
 533+ C3BC CD EA 9A         call DELAY
 534+ C3BF 01 FF FF         ld bc,$ffff
 535+ C3C2 CD EA 9A         call DELAY
 536+ C3C5 01 FF FF         ld bc,$ffff
 537+ C3C8 CD EA 9A         call DELAY                                              ; DELAY before exit to Main menu.
 538+ C3CB 01 FF FF         ld bc,$ffff
 539+ C3CE CD EA 9A         call DELAY
 540+ C3D1 01 FF FF         ld bc,$ffff
 541+ C3D4 CD EA 9A         call DELAY                                              ; DELAY before exit to Main menu.
 542+ C3D7
 543+ C3D7              ; Clean Define menu.
 544+ C3D7
 545+ C3D7 CD F7 C4         call Clean_Define_menu
 546+ C3DA
 547+ C3DA 21 4F 94         ld hl,Ctrl_6
 548+ C3DD CB CE            set 1,(hl)                                              ; Bit 1 "1", means: Return to Main menu.
 549+ C3DF
 550+ C3DF AF               xor a
 551+ C3E0
 552+ C3E0 32 0E 96         ld (No_repeat_key_code),a
 553+ C3E3
 554+ C3E3 C9               ret
 555+ C3E4
 556+ C3E4              ; -----------------------------------------------------------------------------------------------------------
 557+ C3E4              ;
 558+ C3E4              ;   10/04/26
 559+ C3E4              ;
 560+ C3E4              ;   INPUTS: HL apunta a la variable que almacenará el correspondiente (KEY_CODE), ej: Move_LEFT.
 561+ C3E4              ;           DE apunta a la variable que almacenará el correspondiente (ASCII_CODE), ej: Move_LEFT_ASCII_CODE.
 562+ C3E4
 563+ C3E4
 564+ C3E4              Define_key:
 565+ C3E4
 566+ C3E4 E5               push hl
 567+ C3E5 D5               push de
 568+ C3E6
 569+ C3E6 CD E8 9F     3 call ROM_Key_Scan                                         ; Scan keyboard.
 570+ C3E9
 571+ C3E9              ;   Guarda el correspondiente KEY CODE / KEY ASCII CODE.
 572+ C3E9
 573+ C3E9              ;    ld a,e                                                  ; Key code en A.
 574+ C3E9
 575+ C3E9              ;   Hay que evitar que se "defina" la misma tecla para realizar distintas funciones.
 576+ C3E9
 577+ C3E9 3A 0E 96         ld a,(No_repeat_key_code)
 578+ C3EC A7               and a
 579+ C3ED 28 0B            jr z,2F                                                 ; (A)="0" Indica que estamos definiendo Move_LEFT.
 580+ C3EF
 581+ C3EF 47               ld b,a                                                  ; B contiene el nº de teclas definidas-1.
 582+ C3F0
 583+ C3F0 21 0F 96         ld hl,Move_LEFT
 584+ C3F3 7E           4 ld a,(hl)                                                 ; KEY_CODE de Move_LEFT en A.
 585+ C3F4 BB               cp e                                                    ; Comparo con el Key_code recién adquirido.
 586+ C3F5 28 EF            jr z,3B                                                 ; Esta tecla ya se definió anteriormente. Volvemos a escanear el teclado.
 587+ C3F7
 588+ C3F7 23               inc hl                                                  ; Next key_code to compare.
 589+ C3F8
 590+ C3F8 10 F9            djnz 4B
 591+ C3FA
 592+ C3FA 7B           2 ld a,e                                                    ; KEY_code en A.
 593+ C3FB
 594+ C3FB D1               pop de
 595+ C3FC E1               pop hl
 596+ C3FD
 597+ C3FD 77               ld (hl),a                                               ; Key_code almacenado.
 598+ C3FE
 599+ C3FE              ;   Sonido, (BEEP) de la pulsación de las teclas, (cuando está autorizada). No se ejecuta [BEEP] si la tecla ya está definida.
 600+ C3FE
 601+ C3FE CD F2 C0         call BEEP
 602+ C401
 603+ C401              ;   Special Key_code ???
 604+ C401
 605+ C401 FE 18            cp $18
 606+ C403 28 1C            jr z,Print_SYMB
 607+ C405 FE 20            cp $20
 608+ C407 28 1F            jr z,Print_SPACE
 609+ C409 FE 21            cp $21
 610+ C40B 28 22            jr z,Print_ENTER
 611+ C40D FE 27            cp $27
 612+ C40F 28 25            jr z,Print_CAPS
 613+ C411
 614+ C411              ;   No special key_code.
 615+ C411
 616+ C411              ;   Seleccionamos el ASCII_code correspondiente y lo almacenamos.
 617+ C411
 618+ C411 4F               ld c,a
 619+ C412 06 00            ld b,0
 620+ C414
 621+ C414 21 D0 94         ld hl,Tabla_de_conversion_KEYCODE_ASCII_CODE
 622+ C417
 623+ C417 09               add hl,bc
 624+ C418
 625+ C418 06 04            ld b,4                                                  ; Contador de "0" para limpiar .db después de almacenar el ASCII_code.
 626+ C41A
 627+ C41A 7E               ld a,(hl)
 628+ C41B 12           1 ld (de),a                                                 ; ASCII_code almacenado.
 629+ C41C AF               xor a                                                   ; Ahora almacenamos "0"´s.
 630+ C41D 13               inc de
 631+ C41E 10 FB            djnz 1B
 632+ C420
 633+ C420 C9               ret
 634+ C421
 635+ C421              Print_SYMB
 636+ C421
 637+ C421 21 F6 95         ld hl,Symbol_key
 638+ C424 CD 3D C4         call Get_ascii_message
 639+ C427 C8               ret z
 640+ C428
 641+ C428              Print_SPACE
 642+ C428
 643+ C428 21 FC 95         ld hl,Space_key
 644+ C42B CD 3D C4         call Get_ascii_message
 645+ C42E C8               ret z
 646+ C42F
 647+ C42F              Print_ENTER
 648+ C42F
 649+ C42F 21 02 96         ld hl,Enter_key
 650+ C432 CD 3D C4         call Get_ascii_message
 651+ C435 C8               ret z
 652+ C436
 653+ C436              Print_CAPS
 654+ C436
 655+ C436 21 08 96         ld hl,Caps_key
 656+ C439 CD 3D C4         call Get_ascii_message
 657+ C43C C8               ret z
 658+ C43D
 659+ C43D              Get_ascii_message:
 660+ C43D
 661+ C43D 7E               ld a,(hl)
 662+ C43E 12               ld (de),a
 663+ C43F
 664+ C43F A7               and a
 665+ C440 C8               ret z
 666+ C441
 667+ C441 23               inc hl
 668+ C442 13               inc de
 669+ C443
 670+ C443 18 F8            jr Get_ascii_message
 671+ C445
 672+ C445              ; Modifica attrs. de left. NO FLASH NOW. Key pressed.
 673+ C445
 674+ C445              Modifica_atributos:
 675+ C445
 676+ C445 CD D2 9D         call Calcula_direccion_atributos
 677+ C448 3E 47            ld a,%01000111
 678+ C44A
 679+ C44A 77           1 ld (hl),a
 680+ C44B 2C               inc l
 681+ C44C 10 FC            djnz 1B
 682+ C44E
 683+ C44E C9               ret
 684+ C44F
 685+ C44F              ; ----------------------------------------------------------
 686+ C44F              ;
 687+ C44F              ;   10/3/26
 688+ C44F              ;
 689+ C44F
 690+ C44F              Show_controls_keys:
 691+ C44F
 692+ C44F              ;   Hay que corregir la posición donde escribiremos la primera línea de texto si hemos definido "SPACE" o "Enter"_
 693+ C44F              ;   _como alguna de las teclas de movimiento de Amadeus
 694+ C44F
 695+ C44F              ;   Borramos el menú principal.
 696+ C44F
 697+ C44F CD 16 C5         call Clean_main_menu
 698+ C452
 699+ C452              ;   Imprimimos CONTROLES.
 700+ C452
 701+ C452 21 90 95         ld hl,a7                                                ; "Controls:".
 702+ C455 11 0C 48         ld de,Line_8 + 12
 703+ C458 06 00            ld b,0
 704+ C45A 3E 46            ld a,%01000110                                          ; attrs.
 705+ C45C CD 86 9E         call Print_text_msg                                     ; Print "Controls:".
 706+ C45F
 707+ C45F 21 0F 96         ld hl,Move_LEFT
 708+ C462 11 86 48         ld de,Line_12 + 6                                       ; Posición de inicio de línea.
 709+ C465
 710+ C465 CD 77 C5         call Corrige_inicio_de_linea
 711+ C468
 712+ C468 23               inc hl
 713+ C469
 714+ C469 CD 77 C5         call Corrige_inicio_de_linea                            ; Hemos corregido el carro de impresión, (si hemos pulsado teclas especiales).
 715+ C46C
 716+ C46C 21 3C 95         ld hl,a0                                                ; "Press ".
 717+ C46F 3E 47            ld a,%01000111                                          ; attrs.
 718+ C471 06 00            ld b,0
 719+ C473 CD 86 9E         call Print_text_msg                                     ; Print "Press ".
 720+ C476
 721+ C476 1C               inc e
 722+ C477
 723+ C477              ;   Next msn
 724+ C477
 725+ C477 21 13 96         ld hl,Move_LEFT_ASCII_CODE                              ; Move_LEFT_ASCII_CODE -----
 726+ C47A CD 8F C5         call Print_ctrl_key                                     ; Print (LEFT_ASCII_CODE).
 727+ C47D
 728+ C47D 1C               inc e
 729+ C47E
 730+ C47E              ;   Next msn
 731+ C47E
 732+ C47E 21 43 95         ld hl,a1                                                ; "or ".
 733+ C481 3E 47            ld a,%01000111                                          ; attrs.
 734+ C483 06 00            ld b,0
 735+ C485 CD 86 9E         call Print_text_msg                                     ; Print "or ".
 736+ C488
 737+ C488 1C               inc e
 738+ C489
 739+ C489              ;   Next msn
 740+ C489
 741+ C489 21 19 96         ld hl,Move_RIGHT_ASCII_CODE                             ; Move_RIGHT_ASCII_CODE -----
 742+ C48C CD 8F C5         call Print_ctrl_key                                     ; Print (RIGHT_ASCII_CODE).
 743+ C48F
 744+ C48F 1C               inc e
 745+ C490
 746+ C490              ;   Next msn
 747+ C490
 748+ C490 21 48 95         ld hl,a2                                                ; " to move ".
 749+ C493 3E 47            ld a,%01000111                                          ; attrs.
 750+ C495 06 00            ld b,0
 751+ C497 CD 86 9E         call Print_text_msg                                     ; Print " to move".
 752+ C49A
 753+ C49A 1C               inc e
 754+ C49B
 755+ C49B              ;   Next msn
 756+ C49B
 757+ C49B 21 52 95         ld hl,a3                                                ; " LEFT and RIGHT.".
 758+ C49E 11 C8 48         ld de,Line_14 + 8
 759+ C4A1 3E 47            ld a,%01000111                                          ; attrs.
 760+ C4A3 06 00            ld b,0
 761+ C4A5 CD 86 9E         call Print_text_msg                                     ; Print " LEFT and RIGHT.".
 762+ C4A8
 763+ C4A8 1C               inc e
 764+ C4A9
 765+ C4A9              ;   Hay que corregir la posición donde escribiremos la tercera línea de texto si hemos definido "SPACE" o "Enter"_
 766+ C4A9              ;   _como alguna de las teclas de disparo o shield.
 767+ C4A9
 768+ C4A9 21 11 96         ld hl,Move_FIRE
 769+ C4AC 11 06 50         ld de,Line_16 + 6                                       ; Posición de inicio de línea.
 770+ C4AF
 771+ C4AF CD 77 C5         call Corrige_inicio_de_linea
 772+ C4B2
 773+ C4B2 23               inc hl
 774+ C4B3
 775+ C4B3 CD 77 C5         call Corrige_inicio_de_linea                            ; Hemos corregido el carro de impresión, (si hemos pulsado teclas especiales).
 776+ C4B6
 777+ C4B6              ;   Next msn
 778+ C4B6
 779+ C4B6 21 3C 95         ld hl,a0                                                ; "Press ".
 780+ C4B9 3E 47            ld a,%01000111                                          ; attrs.
 781+ C4BB 06 00            ld b,0
 782+ C4BD CD 86 9E         call Print_text_msg
 783+ C4C0
 784+ C4C0 1C               inc e                                                   ; Print "Press ".
 785+ C4C1
 786+ C4C1              ;   Next msn
 787+ C4C1
 788+ C4C1 21 1F 96         ld hl,Move_FIRE_ASCII_CODE                              ; Move_FIRE_ASCII_CODE -----
 789+ C4C4 CD 8F C5         call Print_ctrl_key                                     ; Print (FIRE_ASCII_CODE).
 790+ C4C7
 791+ C4C7 1C               inc e
 792+ C4C8
 793+ C4C8              ;   Next msn
 794+ C4C8
 795+ C4C8 21 63 95         ld hl,a4                                                ; " to FIRE and ".
 796+ C4CB 3E 47            ld a,%01000111                                          ; attrs.
 797+ C4CD 06 00            ld b,0
 798+ C4CF CD 86 9E         call Print_text_msg                                     ; Print " to FIRE and ".
 799+ C4D2
 800+ C4D2 1C               inc e
 801+ C4D3
 802+ C4D3              ;   Next msn
 803+ C4D3
 804+ C4D3 21 25 96         ld hl,Move_SHIELD_ASCII_CODE                            ; Move_SHIELD_ASCII_CODE -----
 805+ C4D6 CD 8F C5         call Print_ctrl_key                                     ; Print (SHIELD_ASCII_CODE).
 806+ C4D9
 807+ C4D9              ;   Next msn
 808+ C4D9
 809+ C4D9 21 71 95         ld hl,a5                                                ; "SHIELD".
 810+ C4DC 11 4B 50         ld de,Line_18 + 11
 811+ C4DF 3E 47            ld a,%01000111                                          ; attrs.
 812+ C4E1 06 00            ld b,0
 813+ C4E3 CD 86 9E         call Print_text_msg                                     ; Print " to FIRE and ".
 814+ C4E6
 815+ C4E6              ;   Next msn
 816+ C4E6
 817+ C4E6 21 7C 95         ld hl,a6                                                ; "Press FIRE to START"
 818+ C4E9 11 C7 50         ld de,Line_22 + 7
 819+ C4EC 3E C5            ld a,%11000101                                          ; attrs.
 820+ C4EE 06 00            ld b,0
 821+ C4F0 CD 86 9E         call Print_text_msg                                     ; Print "Press FIRE to START".
 822+ C4F3
 823+ C4F3              ;   Scan KEYBOARD to START GAME.
 824+ C4F3
 825+ C4F3 CD CC A0         call Press_START
 826+ C4F6
 827+ C4F6 C9           	ret
 828+ C4F7
 829+ C4F7              ; ----------------------------------------------------------
 830+ C4F7              ;
 831+ C4F7              ;   9/3/26
 832+ C4F7              ;
 833+ C4F7              ;   CLEAN MENUS ROUTINES.
 834+ C4F7
 835+ C4F7              Clean_Define_menu:
 836+ C4F7
 837+ C4F7 21 00 48         ld hl,Line_8
 838+ C4FA CD 6C C5         call CLean_file
 839+ C4FD
 840+ C4FD 21 80 48         ld hl,Line_12
 841+ C500 CD 6C C5         call CLean_file
 842+ C503
 843+ C503 21 C0 48         ld hl,Line_14
 844+ C506 CD 6C C5         call CLean_file
 845+ C509
 846+ C509 21 00 50         ld hl,Line_16
 847+ C50C CD 6C C5         call CLean_file
 848+ C50F
 849+ C50F 21 40 50         ld hl,Line_18
 850+ C512 CD 6C C5         call CLean_file
 851+ C515
 852+ C515 C9               ret
 853+ C516
 854+ C516              Clean_main_menu:
 855+ C516
 856+ C516 21 20 48         ld hl,Line_9
 857+ C519 CD 6C C5         call CLean_file
 858+ C51C
 859+ C51C 21 60 48         ld hl,Line_11
 860+ C51F CD 6C C5         call CLean_file
 861+ C522
 862+ C522 21 A0 48         ld hl,Line_13
 863+ C525 CD 6C C5         call CLean_file
 864+ C528
 865+ C528 21 E0 48         ld hl,Line_15
 866+ C52B CD 6C C5         call CLean_file
 867+ C52E
 868+ C52E 21 C0 50         ld hl,Line_22
 869+ C531 CD 6C C5         call CLean_file
 870+ C534
 871+ C534 21 60 50         ld hl,Line_19
 872+ C537 CD 6C C5         call CLean_file
 873+ C53A
 874+ C53A 21 80 50         ld hl,Line_20
 875+ C53D CD 6C C5         call CLean_file
 876+ C540
 877+ C540 21 A0 50         ld hl,Line_21
 878+ C543 CD 6C C5         call CLean_file
 879+ C546
 880+ C546 C9               ret
 881+ C547
 882+ C547              Clean_Show_controls_menu:
 883+ C547
 884+ C547 21 00 48         ld hl,Line_8
 885+ C54A CD 6C C5         call CLean_file
 886+ C54D
 887+ C54D 21 80 48         ld hl,Line_12
 888+ C550 CD 6C C5         call CLean_file
 889+ C553
 890+ C553 21 C0 48         ld hl,Line_14
 891+ C556 CD 6C C5         call CLean_file
 892+ C559
 893+ C559 21 00 50         ld hl,Line_16
 894+ C55C CD 6C C5         call CLean_file
 895+ C55F
 896+ C55F 21 40 50         ld hl,Line_18
 897+ C562 CD 6C C5         call CLean_file
 898+ C565
 899+ C565 21 C0 50         ld hl,Line_22
 900+ C568 CD 6C C5         call CLean_file
 901+ C56B
 902+ C56B C9               ret
 903+ C56C
 904+ C56C              CLean_file
 905+ C56C
 906+ C56C CD D2 9D         call Calcula_direccion_atributos
 907+ C56F
 908+ C56F 06 20            ld b,32
 909+ C571 AF               xor a
 910+ C572
 911+ C572 77           1 ld (hl),a
 912+ C573 23               inc hl
 913+ C574 10 FC            djnz 1B
 914+ C576
 915+ C576 C9               ret
 916+ C577
 917+ C577              ; ----------------------------------------------------------
 918+ C577              ;
 919+ C577              ;   28/2/26
 920+ C577              ;
 921+ C577
 922+ C577              Corrige_inicio_de_linea:
 923+ C577
 924+ C577              ;  Comprueba Move_LEFT_ASCII_CODE:
 925+ C577
 926+ C577 3E 18            ld a,$18                                                ; "SYMBOL SHIFT" ascii code.
 927+ C579 BE               cp (hl)
 928+ C57A 28 10            jr z,Retrocede_carro
 929+ C57C
 930+ C57C 3E 20            ld a,$20                                                ; "SPACE" ascii code.
 931+ C57E BE               cp (hl)
 932+ C57F 28 0B            jr z,Retrocede_carro
 933+ C581
 934+ C581 3E 21            ld a,$21                                                ; "ENTER" ascii code.
 935+ C583 BE               cp (hl)
 936+ C584 28 06            jr z,Retrocede_carro
 937+ C586
 938+ C586 3E 27            ld a,$27                                                ; "CAPS SHIFT" ascii code.
 939+ C588 BE               cp (hl)
 940+ C589 28 01            jr z,Retrocede_carro
 941+ C58B
 942+ C58B C9               ret
 943+ C58C
 944+ C58C              ; --------------------------------
 945+ C58C
 946+ C58C              Retrocede_carro
 947+ C58C
 948+ C58C 1D               dec e
 949+ C58D 1D               dec e
 950+ C58E
 951+ C58E C9               ret
 952+ C58F
 953+ C58F              ; -----------------------------------------------
 954+ C58F
 955+ C58F              Print_ctrl_key:
 956+ C58F
 957+ C58F 7E               ld a,(hl)
 958+ C590 FE 0D            cp $0d                                                  ; ENTER ascii code.
 959+ C592 28 0A            jr z,Enter_ascii_code
 960+ C594 FE 20            cp $20
 961+ C596 28 0B            jr z,SPACE_ascii_code                                   ; SPACE ascii code.
 962+ C598
 963+ C598 3E 70        1 ld a,%01110000                                            ; attrs.
 964+ C59A CD 86 9E         call Print_text_msg
 965+ C59D
 966+ C59D C9               ret
 967+ C59E
 968+ C59E              Enter_ascii_code
 969+ C59E
 970+ C59E 21 02 96         ld hl,Enter_key
 971+ C5A1 18 F5            jr 1B
 972+ C5A3
 973+ C5A3              SPACE_ascii_code
 974+ C5A3
 975+ C5A3 21 FC 95         ld hl,Space_key
 976+ C5A6 18 F0            jr 1B
 977+ C5A8
 978+ C5A8              ; ----------------------------------------------------------
 979+ C5A8              ;
 980+ C5A8              ;   16/9/26
 981+ C5A8              ;
 982+ C5A8              ;   Print MAIN MENU.
 983+ C5A8              ;
 984+ C5A8              ;       KEYBOARD
 985+ C5A8              ;       KEMPSTON
 986+ C5A8              ;       SINCLAIR
 987+ C5A8              ;       DEFINE
 988+ C5A8              ;
 989+ C5A8              ;   MODIFY: AF, HL, BC y DE.
 990+ C5A8
 991+ C5A8              Print_Main_menu:
 992+ C5A8
 993+ C5A8 21 F8 94         ld hl,Keyboard                                          ; HL contiene el mensaje.
 994+ C5AB 06 00            ld b,0                                                  ; NO TEMPORIZADOR.
 995+ C5AD 11 2C 48         ld de,Line_9 + 12                                       ; Línea de pantalla donde se imprimirá el msg.
 996+ C5B0 3E 47            ld a,%01000111                                          ; attrs. Ink white.
 997+ C5B2
 998+ C5B2 D5               push de
 999+ C5B3 CD 86 9E         call Print_text_msg
1000+ C5B6 E1               pop hl
1001+ C5B7
1002+ C5B7 06 50            ld b,%01010000                                          ; RED BRIGHT paper, BLACK ink.
1003+ C5B9 CD DA 9D         call Modify_first_char_attr
1004+ C5BC
1005+ C5BC 21 01 95         ld hl,Kempstom                                          ; msg.
1006+ C5BF 01 00 00         ld bc,0                                                 ; NO TEMPORIZADOR.
1007+ C5C2 11 6C 48         ld de,Line_11 + 12                                      ; Línea de pantalla donde se imprimirá el msg.
1008+ C5C5 3E 47            ld a,%01000111                                          ; attrs. Ink white.
1009+ C5C7
1010+ C5C7 D5               push de
1011+ C5C8 CD 86 9E         call Print_text_msg
1012+ C5CB E1               pop hl
1013+ C5CC
1014+ C5CC 2C               inc l
1015+ C5CD
1016+ C5CD 06 70            ld b,%01110000                                          ; YELLOW BRIGHT paper, BLACK ink.
1017+ C5CF CD DA 9D         call Modify_first_char_attr
1018+ C5D2
1019+ C5D2 21 0A 95         ld hl,Interface                                         ; msg.
1020+ C5D5 01 00 00         ld bc,0                                                 ; NO TEMPORIZADOR.
1021+ C5D8 11 AC 48         ld de,Line_13 + 12                                      ; Línea de pantalla donde se imprimirá el msg.
1022+ C5DB 3E 47            ld a,%01000111                                          ; attrs. Ink white.
1023+ C5DD
1024+ C5DD D5               push de
1025+ C5DE CD 86 9E         call Print_text_msg
1026+ C5E1 E1               pop hl
1027+ C5E2
1028+ C5E2 06 60            ld b,%01100000                                          ; GREEN BRIGHT paper, BLACK ink.
1029+ C5E4 CD DA 9D         call Modify_first_char_attr
1030+ C5E7
1031+ C5E7 21 13 95         ld hl,Define                                            ; msg.
1032+ C5EA 01 00 00         ld bc,0                                                 ; NO TEMPORIZADOR.
1033+ C5ED 11 EC 48         ld de,Line_15 + 12                                      ; Línea de pantalla donde se imprimirá el msg.
1034+ C5F0 3E 47            ld a,%01000111                                          ; attrs. Ink white.
1035+ C5F2
1036+ C5F2 D5               push de
1037+ C5F3 CD 86 9E         call Print_text_msg
1038+ C5F6 E1               pop hl
1039+ C5F7
1040+ C5F7 06 48            ld b,%01001000                                          ; BLUE BRIGHT paper, BLACK ink.
1041+ C5F9 CD DA 9D         call Modify_first_char_attr
1042+ C5FC
1043+ C5FC C9               ret
1044+ C5FD
1045+ C5FD              ; ----------------------------------------------------------
1046+ C5FD              ;
1047+ C5FD              ;   21/07/26
1048+ C5FD              ;
1049+ C5FD
1050+ C5FD              Print_DONE:
1051+ C5FD
1052+ C5FD 01 00 00         ld bc,0
1053+ C600 21 2D 95         ld hl,Done                                              ; msg.
1054+ C603 11 6E 48         ld de,Line_11 + 14                                      ; Línea de pantalla donde se imprimirá el msg.
1055+ C606 3E E0            ld a,%11100000                                          ; attrs.
1056+ C608
1057+ C608 CD 86 9E         call Print_text_msg
1058+ C60B
1059+ C60B C9               ret
1060+ C60C
1061+ C60C              Clean_DONE
1062+ C60C
1063+ C60C 21 CA 95         ld hl,a12                                               ; msg., "    ",
1064+ C60F 11 6E 48         ld de,Line_11 + 14                                      ; Línea de pantalla donde se imprimirá el msg.
1065+ C612 3E 00            ld a,0                                                  ; attrs.
1066+ C614
1067+ C614 CD 86 9E         call Print_text_msg
1068+ C617
1069+ C617 C9               ret
1070+ C618
1071+ C618 AF               xor a
1072+ C619 3C               inc a                                                   ; Fuerza NZ a la salida.
1073+ C61A
1074+ C61A C9               ret
1075+ C61B
1076+ C61B              ; ----------------------------------------------------------
1077+ C61B              ;
1078+ C61B              ;   29/4/26
1079+ C61B              ;
1080+ C61B
1081+ C61B              Print_Game_Over:
1082+ C61B
1083+ C61B 21 32 95         ld hl,Game_Over                                         ; msg.
1084+ C61E 11 6C 48         ld de,Line_11 + 12                                      ; Línea de pantalla donde se imprimirá el msg.
1085+ C621 3E 50            ld a,%01010000                                          ; attrs.
1086+ C623 06 00            ld b,0
1087+ C625
1088+ C625 CD 86 9E         call Print_text_msg
1089+ C628
1090+ C628 C9               ret
1091+ C629
1092+ C629
1093+ C629
# file closed: Print_text_msg.asm
3128  C629              	include "Niveles.asm"
# file opened: Niveles.asm
   1+ C629              ; ------------------------------------------------------------------
   2+ C629              ;
   3+ C629              ; 	5/7/26
   4+ C629              ;
   5+ C629
   6+ C629              ;	Fila donde se imprimen los msg: $4826
   7+ C629
   8+ C629              Msg_level_index:
   9+ C629
  10+ C629 33 C6        	defw Msg_1
  11+ C62B 3B C6        	defw Msg_2
  12+ C62D 42 C6        	defw Msg_3
  13+ C62F              ;	defw Msg_4
  14+ C62F
  15+ C62F 00 00        	defw 0
  16+ C631 00 00        	defw 0
  17+ C633
  18+ C633 08 05        Msg_1 db 8,5 									; El 1er .db indica que sumamos +8 columnas a la dirección donde se imprimen los mensajes: $4826.
  19+ C635 46 4C 49 45  	defm "FLIES",0
  19+ C639 53 00
  20+ C63B
  21+ C63B 08 05        Msg_2 db 8,5 									; El 1er .db indica que sumamos +8 columnas a la dirección donde se imprimen los mensajes: $4826.
  22+ C63D 55 46 4F 53  	defm "UFOS",0
  22+ C641 00
  23+ C642
  24+ C642 04 0C        Msg_3 db 4,12
  25+ C644 46 4C 49 45  	defm "FLIES & UFOS",0
  25+ C648 53 20 26 20
  25+ C64C 55 46 4F 53
  25+ C650 00
  26+ C651
  27+ C651              ; --------------------------------------------------------------------------------------------------------------
  28+ C651
  29+ C651              Indice_de_vidas
  30+ C651
  31+ C651 01 40 80 8A  	defw Vida_1,Amadeus,$0302							; (Puntero_de_impresion), (Puntero_objeto) y (Columnas/Filas).
  31+ C655 02 03
  32+ C657 03 40 00 8B  	defw Vida_2,Amadeus_Fb,$0302
  32+ C65B 02 03
  33+ C65D 06 40 80 8A  	defw Vida_3,Amadeus,$0302
  33+ C661 02 03
  34+ C663
  35+ C663              Indice_de_escudos
  36+ C663
  37+ C663 41 40 30 85  	defw Escudo_1,Escudo_00,$0201
  37+ C667 01 02
  38+ C669 43 40 40 85  	defw Escudo_2,Escudo_00_Fb,$0301
  38+ C66D 01 03
  39+ C66F 46 40 30 85  	defw Escudo_3,Escudo_00,$0201
  39+ C673 01 02
  40+ C675
  41+ C675              ; --------------------------------------------------------------------------------------------------------------
  42+ C675
  43+ C675
  44+ C675
  45+ C675              Indice_de_tablas_Random
  46+ C675
  47+ C675              ; Entidades (Tipo) (1), (2) y (3). Son entidades (tipo) BadSat.
  48+ C675
  49+ C675 7D C6        	defw Tabla_Random_BadSat
  50+ C677 9B C6        	defw Tabla_Random_Badplate
  51+ C679 00 00        	defw 0
  52+ C67B
  53+ C67B              ;	...
  54+ C67B              ;	...
  55+ C67B              ;	+ Tablas ...
  56+ C67B
  57+ C67B 00 00        	defw 0
  58+ C67D
  59+ C67D              ; --------------------------------------------------------------------------------------------------------------
  60+ C67D              ;
  61+ C67D              ;	4/3/25
  62+ C67D              ;
  63+ C67D              ;	En 1er lugar identificamos si existe .db de CTRL, ($00).
  64+ C67D              ;	Al .db de CTRL $00 le seguirá otro .db indicando el nº de .defw que compartirán nº aleatorio.
  65+ C67D              ;
  66+ C67D              ;	El siguiente .defw indica:
  67+ C67D              ;
  68+ C67D              ;	Byte alto: Límite superior que puede tener como máximo nuestro nº rnd.
  69+ C67D              ;	Byte bajo: Límite inferior que puede tener como mínimo nuestro nº rnd.
  70+ C67D              ;
  71+ C67D              ;	Los sucesivos .defw indican la dirección o direcciones de memoria correspondientes donde se almacenará el nº aleatorio.
  72+ C67D              ;
  73+ C67D              ; ----- ----- ----- ----- -----
  74+ C67D              ;
  75+ C67D              ;   Factor RANDOM --- BadSat.
  76+ C67D
  77+ C67D              ; Random_1_1_10 (1-10) Bajo_decelerando
  78+ C67D              ; Random_2_1_15 (1-15) Derecha_y_subiendo
  79+ C67D
  80+ C67D              ; Random_3_1_15 (1-15) Derecha_y_bajando_1 ----- Iguales
  81+ C67D              ; Random_4_1_15 (1-15) Derecha_y_bajando_2 -----
  82+ C67D
  83+ C67D              ; Random_5_1_15 (1-5) Izquierda_y_subiendo
  84+ C67D
  85+ C67D              ; Random_6_1_15 (1-5) Izquierda_y_bajando_1 ----- Iguales
  86+ C67D              ; Random_7_1_15 (1-15) Izquierda_y_bajando_2 -----
  87+ C67D              ;
  88+ C67D              ; ----- ----- ----- ----- -----
  89+ C67D              ;
  90+ C67D              ;   Factor RANDOM --- BadPlate.
  91+ C67D
  92+ C67D              ; Random_1_1_10 (1-10) Bajo_decelerando
  93+ C67D              ; Random_8_1_15 (1-15) Tira_pa_la_derecha
  94+ C67D
  95+ C67D              ; Random_9_1_15 (1-15) Tira_pa_la_izq
  96+ C67D              ; Random_A_1_15 (1-15) Diagonal_bajando_izq
  97+ C67D              ; Random_B_1_15 (1-15) Diagonal_bajando_derecha
  98+ C67D              ;
  99+ C67D              ; ----- ----- ----- ----- -----
 100+ C67D
 101+ C67D              Tabla_Random_BadSat
 102+ C67D
 103+ C67D 01 0A        	defw $0a01
 104+ C67F 44 92        	defw Random_1_1_10
 105+ C681
 106+ C681 01 0F        	defw $0f01
 107+ C683 C1 92        	defw Random_2_1_15
 108+ C685
 109+ C685 00 01        	db 0,1 				;	1 repetición.
 110+ C687 01 0F        	defw $0f01
 111+ C689 F3 92        	defw Random_3_1_15	;	Igual
 112+ C68B FD 92        	defw Random_4_1_15	;	Igual
 113+ C68D
 114+ C68D 01 0F        	defw $0f01
 115+ C68F 6B 93        	defw Random_5_1_15
 116+ C691
 117+ C691 00 01        	db 0,1
 118+ C693 01 0F        	defw $0f01
 119+ C695 9D 93        	defw Random_6_1_15	;	Igual
 120+ C697 A7 93        	defw Random_7_1_15	;	Igual
 121+ C699
 122+ C699 00 00        	defw 0 				;	Indica FIN de la tabla RANDOM.
 123+ C69B
 124+ C69B              Tabla_Random_Badplate
 125+ C69B
 126+ C69B 01 0A        	defw $0a01
 127+ C69D 44 92        	defw Random_1_1_10
 128+ C69F
 129+ C69F 01 0F        	defw $0f01
 130+ C6A1 30 92        	defw Random_8_1_15
 131+ C6A3
 132+ C6A3 01 0F        	defw $0f01
 133+ C6A5 35 92        	defw Random_9_1_15
 134+ C6A7
 135+ C6A7 01 03        	defw $0301
 136+ C6A9 3A 92        	defw Random_A_1_3
 137+ C6AB
 138+ C6AB 01 03        	defw $0301
 139+ C6AD 3F 92        	defw Random_B_1_3
 140+ C6AF
 141+ C6AF 00 00        	defw 0				;	Indica FIN de la tabla RANDOM.
 142+ C6B1
 143+ C6B1              ; ----------------------------------------------------------------------
 144+ C6B1              ;
 145+ C6B1              ;	19/11/25
 146+ C6B1
 147+ C6B1              Indice_de_niveles:
 148+ C6B1
 149+ C6B1 B9 C6        	defw Nivel_1
 150+ C6B3 D2 C6        	defw Nivel_2
 151+ C6B5 EB C6        	defw Nivel_3
 152+ C6B7              ;	defw Nivel_4
 153+ C6B7
 154+ C6B7              ;	...
 155+ C6B7              ;	...
 156+ C6B7              ;	+ Niveles ...
 157+ C6B7
 158+ C6B7 00 00        	defw 0
 159+ C6B9              ;	defw 0
 160+ C6B9
 161+ C6B9              ; NIVEL_1. Tres clases de entidades tipo BadSat.
 162+ C6B9
 163+ C6B9 F0 0A 70 70  Nivel_1 db $f0,$0a,$70,$70 						; FLIES !!!
 164+ C6BD
 165+ C6BD              ;												; 1er byte: Define el valor inicial de (Max_time_to_appear_entities).
 166+ C6BD              ;												; 2º byte: Define el valor de (Decrease_top_time_entities).
 167+ C6BD              ;												; 3er byte: Valor inicial de (Min_time_to_appear_entities).
 168+ C6BD              ; 												; 4º byte: Valor inicial de (CLOCK_disparos_de_entidades).
 169+ C6BD 14           	db 20 										; Nº de entidades que tiene el nivel.
 170+ C6BE
 171+ C6BE 01 02 03 02  	db 1,2,3,2,1 								; Clases de entidades. (Irán apareciendo por este orden).
 171+ C6C2 01
 172+ C6C3 03 02 01 02  	db 3,2,1,2,2
 172+ C6C7 02
 173+ C6C8 01 03 01 03  	db 1,3,1,3,2
 173+ C6CC 02
 174+ C6CD 01 03 03 02  	db 1,3,3,2,2
 174+ C6D1 02
 175+ C6D2
 176+ C6D2              ; ---------------------------------------------------------------------------------------
 177+ C6D2
 178+ C6D2              ; Nivel_2. UFO´s
 179+ C6D2
 180+ C6D2 C0 15 50 70  Nivel_2 db $C0,$15,$50,$70 						; UFOS !!!
 181+ C6D6
 182+ C6D6              ;												; 1er byte: Define el valor inicial de (Max_time_to_appear_entities).
 183+ C6D6              ;												; 2º byte: Define el valor de (Decrease_top_time_entities).
 184+ C6D6              ;												; 3er byte: Valor inicial de (Min_time_to_appear_entities).
 185+ C6D6              ; 												; 4º byte: Valor inicial de (CLOCK_disparos_de_entidades).
 186+ C6D6 14           	db 20
 187+ C6D7
 188+ C6D7 04 05 06 04  	db 4,5,6,4,5
 188+ C6DB 05
 189+ C6DC 05 05 06 04  	db 5,5,6,4,6
 189+ C6E0 06
 190+ C6E1 04 05 06 05  	db 4,5,6,5,4
 190+ C6E5 04
 191+ C6E6 04 06 06 04  	db 4,6,6,4,5
 191+ C6EA 05
 192+ C6EB
 193+ C6EB
 194+ C6EB              ; ---------------------------------------------------------------------------------------
 195+ C6EB
 196+ C6EB              ; Nivel_3. Flies & UFOS.
 197+ C6EB
 198+ C6EB B0 15 50 70  Nivel_3 db $b0,$15,$50,$70 						; UFOS !!!
 199+ C6EF
 200+ C6EF              ;												; 1er byte: Define el valor inicial de (Max_time_to_appear_entities).
 201+ C6EF              ;												; 2º byte: Define el valor de (Decrease_top_time_entities).
 202+ C6EF              ;												; 3er byte: Valor inicial de (Min_time_to_appear_entities).
 203+ C6EF              ; 												; 4º byte: Valor inicial de (CLOCK_disparos_de_entidades).
 204+ C6EF
 205+ C6EF 14           	db 20
 206+ C6F0
 207+ C6F0 01 04 06 01  	db 1,4,6,1,6
 207+ C6F4 06
 208+ C6F5 04 06 06 01  	db 4,6,6,1,4
 208+ C6F9 04
 209+ C6FA 01 06 01 06  	db 1,6,1,6,1
 209+ C6FE 01
 210+ C6FF 04 01 06 01  	db 4,1,6,1,6
 210+ C703 06
 211+ C704
 212+ C704
 213+ C704
 214+ C704
 215+ C704
 216+ C704
 217+ C704
 218+ C704
 219+ C704
 220+ C704
 221+ C704
 222+ C704
# file closed: Niveles.asm
3129  C704
3130  C704
3131  C704              	SAVESNA "Amadeus.sna", START
3132  C704
3133  C704
3134  C704
3135  C704
# file closed: Banco_de_pruebas.asm
